node,decision,confidence,reason
10-0 cirebon electric power pt,keep,high,plausible real company name with legal-entity suffix or standard corporate naming pattern; long/unusual only due to language/country naming convention
23rd metallurgical construction group co ltd of minmetals,keep,high,plausible real company name with legal-entity suffix or standard corporate naming pattern; long/unusual only due to language/country naming convention
abastecedora de fierro y acero sa de cv,keep,high,plausible real company name with legal-entity suffix or standard corporate naming pattern; long/unusual only due to language/country naming convention
abu dhabi national energy co pjsc,keep,high,plausible real company name with legal-entity suffix or standard corporate naming pattern; long/unusual only due to language/country naming convention
abu dhabi national oil co for distribution pjsc,keep,high,plausible real company name with legal-entity suffix or standard corporate naming pattern; long/unusual only due to language/country naming convention
acarer metal sanayi ve ticaret as,keep,high,plausible real company name with legal-entity suffix or standard corporate naming pattern; long/unusual only due to language/country naming convention
aceros alcalde sa de cv,keep,high,plausible real company name with legal-entity suffix or standard corporate naming pattern; long/unusual only due to language/country naming convention
aceros consolidada sa de cv,keep,high,plausible real company name with legal-entity suffix or standard corporate naming pattern; long/unusual only due to language/country naming convention
aceros del toro sa de cv,keep,high,plausible real company name with legal-entity suffix or standard corporate naming pattern; long/unusual only due to language/country naming convention
aceros en barras al carbono sa de cv,keep,high,plausible real company name with legal-entity suffix or standard corporate naming pattern; long/unusual only due to language/country naming convention
aceros murillo sa de cv,keep,high,plausible real company name with legal-entity suffix or standard corporate naming pattern; long/unusual only due to language/country naming convention
acme metals & steel supply,keep,high,plausible real company name with legal-entity suffix or standard corporate naming pattern; long/unusual only due to language/country naming convention
adani ports & special economic zone,keep,high,plausible real company name with legal-entity suffix or standard corporate naming pattern; long/unusual only due to language/country naming convention
adaro energy indonesia tbk pt,keep,high,plausible real company name with legal-entity suffix or standard corporate naming pattern; long/unusual only due to language/country naming convention
adaro minerals indonesia tbk pt,keep,high,plausible real company name with legal-entity suffix or standard corporate naming pattern; long/unusual only due to language/country naming convention
adhi karya persero tbk pt,keep,high,plausible real company name with legal-entity suffix or standard corporate naming pattern; long/unusual only due to language/country naming convention
aldrees petroleum and transport services,keep,high,plausible real company name with legal-entity suffix or standard corporate naming pattern; long/unusual only due to language/country naming convention
alia the royal jordanian airlines,keep,high,plausible real company name with legal-entity suffix or standard corporate naming pattern; long/unusual only due to language/country naming convention
alumindo light metal industry tbk pt,keep,high,plausible real company name with legal-entity suffix or standard corporate naming pattern; long/unusual only due to language/country naming convention
an pha petroleum group jsc,keep,high,plausible real company name with legal-entity suffix or standard corporate naming pattern; long/unusual only due to language/country naming convention
anhui kelihua chemical & industry,keep,high,plausible real company name with legal-entity suffix or standard corporate naming pattern; long/unusual only due to language/country naming convention
anhui wanwei updated high-tech material industry,keep,high,plausible real company name with legal-entity suffix or standard corporate naming pattern; long/unusual only due to language/country naming convention
anima watners updated high-tech material industry,keep,high,plausible real company name with legal-entity suffix or standard corporate naming pattern; long/unusual only due to language/country naming convention
anjwa smart farm & solar city,keep,high,plausible real company name with legal-entity suffix or standard corporate naming pattern; long/unusual only due to language/country naming convention
ap moller - maersk a/s,keep,high,plausible real company name with legal-entity suffix or standard corporate naming pattern; long/unusual only due to language/country naming convention
aqua-terra oilfield equipment & services pte,keep,high,plausible real company name with legal-entity suffix or standard corporate naming pattern; long/unusual only due to language/country naming convention
asahi kasei mitsubishi chemical ethylene,keep,high,plausible real company name with legal-entity suffix or standard corporate naming pattern; long/unusual only due to language/country naming convention
asia pacific wire & cable,keep,high,plausible real company name with legal-entity suffix or standard corporate naming pattern; long/unusual only due to language/country naming convention
asia world engineering & construction,keep,high,plausible real company name with legal-entity suffix or standard corporate naming pattern; long/unusual only due to language/country naming convention
astrakhan power sale co pao,keep,high,plausible real company name with legal-entity suffix or standard corporate naming pattern; long/unusual only due to language/country naming convention
ateliers mecaniques d indonesie tbk pt,keep,high,plausible real company name with legal-entity suffix or standard corporate naming pattern; long/unusual only due to language/country naming convention
auxim de mexico s de rl de cv,keep,high,plausible real company name with legal-entity suffix or standard corporate naming pattern; long/unusual only due to language/country naming convention
ba ria thermal power jsc,keep,high,plausible real company name with legal-entity suffix or standard corporate naming pattern; long/unusual only due to language/country naming convention
baic bluepark new energy technology,keep,high,plausible real company name with legal-entity suffix or standard corporate naming pattern; long/unusual only due to language/country naming convention
baker hughes do brasil ltda,keep,high,plausible real company name with legal-entity suffix or standard corporate naming pattern; long/unusual only due to language/country naming convention
bakrie and brothers tbk pt,keep,high,plausible real company name with legal-entity suffix or standard corporate naming pattern; long/unusual only due to language/country naming convention
baogang zhan bo international trade,keep,high,plausible real company name with legal-entity suffix or standard corporate naming pattern; long/unusual only due to language/country naming convention
baosheng science and technology innovation,keep,high,plausible real company name with legal-entity suffix or standard corporate naming pattern; long/unusual only due to language/country naming convention
baosteel group xinjiang bayi iron & steel,keep,high,plausible real company name with legal-entity suffix or standard corporate naming pattern; long/unusual only due to language/country naming convention
baowu group echeng iron & steel,keep,high,plausible real company name with legal-entity suffix or standard corporate naming pattern; long/unusual only due to language/country naming convention
baowu group zhongnan iron & steel,keep,high,plausible real company name with legal-entity suffix or standard corporate naming pattern; long/unusual only due to language/country naming convention
beida xianxing tai'an technology industry,keep,high,plausible real company name with legal-entity suffix or standard corporate naming pattern; long/unusual only due to language/country naming convention
beijing shougang alliance of xingang science & trade,keep,high,plausible real company name with legal-entity suffix or standard corporate naming pattern; long/unusual only due to language/country naming convention
beijing shougang gitane new materials,keep,high,plausible real company name with legal-entity suffix or standard corporate naming pattern; long/unusual only due to language/country naming convention
beijing shougang international engineering technolog,keep,high,plausible real company name with legal-entity suffix or standard corporate naming pattern; long/unusual only due to language/country naming convention
beijing shougang lujiashan limestone mine,keep,high,plausible real company name with legal-entity suffix or standard corporate naming pattern; long/unusual only due to language/country naming convention
beijing shougang refractory & metallurgical burden,keep,high,plausible real company name with legal-entity suffix or standard corporate naming pattern; long/unusual only due to language/country naming convention
benxi beiying iron & steel,keep,high,plausible real company name with legal-entity suffix or standard corporate naming pattern; long/unusual only due to language/country naming convention
bestway marine & energy technology,keep,high,plausible real company name with legal-entity suffix or standard corporate naming pattern; long/unusual only due to language/country naming convention
bingshan refrigeration & heat transfer technologies,keep,high,plausible real company name with legal-entity suffix or standard corporate naming pattern; long/unusual only due to language/country naming convention
binh son refining and petrochemical,keep,high,plausible real company name with legal-entity suffix or standard corporate naming pattern; long/unusual only due to language/country naming convention
borcelik celik sanayii ticaret as,keep,high,plausible real company name with legal-entity suffix or standard corporate naming pattern; long/unusual only due to language/country naming convention
bosal mexico sa de cv,keep,high,plausible real company name with legal-entity suffix or standard corporate naming pattern; long/unusual only due to language/country naming convention
botas boru hatlari ile petrol tasima as,keep,high,plausible real company name with legal-entity suffix or standard corporate naming pattern; long/unusual only due to language/country naming convention
brisa bridgestone sabanci sanayi ve ticaret as,keep,high,plausible real company name with legal-entity suffix or standard corporate naming pattern; long/unusual only due to language/country naming convention
brose fahrzeugteile se & co kg,keep,high,plausible real company name with legal-entity suffix or standard corporate naming pattern; long/unusual only due to language/country naming convention
bukaka teknik utama tbk pt,keep,high,plausible real company name with legal-entity suffix or standard corporate naming pattern; long/unusual only due to language/country naming convention
bumi resources minerals tbk pt,keep,high,plausible real company name with legal-entity suffix or standard corporate naming pattern; long/unusual only due to language/country naming convention
busan port authority,keep,high,plausible real company name with legal-entity suffix or standard corporate naming pattern; long/unusual only due to language/country naming convention
busan shin ho photovoltaic power,keep,high,plausible real company name with legal-entity suffix or standard corporate naming pattern; long/unusual only due to language/country naming convention
bx steel posco cold rolled sheet,keep,high,plausible real company name with legal-entity suffix or standard corporate naming pattern; long/unusual only due to language/country naming convention
c d waelzholz gmbh & co kg,keep,high,plausible real company name with legal-entity suffix or standard corporate naming pattern; long/unusual only due to language/country naming convention
calik enerji sanayi ve ticaret as,keep,high,plausible real company name with legal-entity suffix or standard corporate naming pattern; long/unusual only due to language/country naming convention
calumet specialty products partners lp,keep,high,plausible real company name with legal-entity suffix or standard corporate naming pattern; long/unusual only due to language/country naming convention
camara de comercializacao de energia eletrica-ccee,keep,high,plausible real company name with legal-entity suffix or standard corporate naming pattern; long/unusual only due to language/country naming convention
carlos mainero y cia saicfi,keep,high,plausible real company name with legal-entity suffix or standard corporate naming pattern; long/unusual only due to language/country naming convention
cars motorcycles and marine engine trade and import,keep,high,plausible real company name with legal-entity suffix or standard corporate naming pattern; long/unusual only due to language/country naming convention
cedisa central de aco s/a,keep,high,plausible real company name with legal-entity suffix or standard corporate naming pattern; long/unusual only due to language/country naming convention
central power systems & services,keep,high,plausible real company name with legal-entity suffix or standard corporate naming pattern; long/unusual only due to language/country naming convention
centrifugados mexicanos sa de cv,keep,high,plausible real company name with legal-entity suffix or standard corporate naming pattern; long/unusual only due to language/country naming convention
century iron & steel industrial,keep,high,plausible real company name with legal-entity suffix or standard corporate naming pattern; long/unusual only due to language/country naming convention
cf roark welding & engineering,keep,high,plausible real company name with legal-entity suffix or standard corporate naming pattern; long/unusual only due to language/country naming convention
chandra asri petrochemical tbk pt,keep,high,plausible real company name with legal-entity suffix or standard corporate naming pattern; long/unusual only due to language/country naming convention
changi airport group singapore pte,keep,high,plausible real company name with legal-entity suffix or standard corporate naming pattern; long/unusual only due to language/country naming convention
changzhou langbo seal polytron technologies,keep,high,plausible real company name with legal-entity suffix or standard corporate naming pattern; long/unusual only due to language/country naming convention
chengdu lingchuan automobile fuel tank coltd,keep,high,plausible real company name with legal-entity suffix or standard corporate naming pattern; long/unusual only due to language/country naming convention
chengdu siwi science and technology,keep,high,plausible real company name with legal-entity suffix or standard corporate naming pattern; long/unusual only due to language/country naming convention
chevran phillips chemicals asia pte lid,keep,high,plausible real company name with legal-entity suffix or standard corporate naming pattern; long/unusual only due to language/country naming convention
china daye non-ferrous metals mining,keep,high,plausible real company name with legal-entity suffix or standard corporate naming pattern; long/unusual only due to language/country naming convention
china energy investment corp td,keep,high,plausible real company name with legal-entity suffix or standard corporate naming pattern; long/unusual only due to language/country naming convention
china high speed transmission equipment,keep,high,plausible real company name with legal-entity suffix or standard corporate naming pattern; long/unusual only due to language/country naming convention
china national heavy duty truck,keep,high,plausible real company name with legal-entity suffix or standard corporate naming pattern; long/unusual only due to language/country naming convention
china non-ferrous metals industry sixth metallurgical construction,keep,high,plausible real company name with legal-entity suffix or standard corporate naming pattern; long/unusual only due to language/country naming convention
china nonferrous metal industry's changsha survey & design institute,keep,high,plausible real company name with legal-entity suffix or standard corporate naming pattern; long/unusual only due to language/country naming convention
china nonferrous metal industry's foreign engineering & construction,keep,high,plausible real company name with legal-entity suffix or standard corporate naming pattern; long/unusual only due to language/country naming convention
china nuclear engineering & construction,keep,high,plausible real company name with legal-entity suffix or standard corporate naming pattern; long/unusual only due to language/country naming convention
china pingmei shenma group united salination,keep,high,plausible real company name with legal-entity suffix or standard corporate naming pattern; long/unusual only due to language/country naming convention
china rare earth resources and technology,keep,high,plausible real company name with legal-entity suffix or standard corporate naming pattern; long/unusual only due to language/country naming convention
china shipbuilding industry group power,keep,high,plausible real company name with legal-entity suffix or standard corporate naming pattern; long/unusual only due to language/country naming convention
china southern power grid energy efficiency & clean energy,keep,high,plausible real company name with legal-entity suffix or standard corporate naming pattern; long/unusual only due to language/country naming convention
china southern power grid energy storage,keep,high,plausible real company name with legal-entity suffix or standard corporate naming pattern; long/unusual only due to language/country naming convention
china tungsten and hightech materials,keep,high,plausible real company name with legal-entity suffix or standard corporate naming pattern; long/unusual only due to language/country naming convention
china zhenhua group science & technology,keep,high,plausible real company name with legal-entity suffix or standard corporate naming pattern; long/unusual only due to language/country naming convention
chongqing chang'an visteon engine control system,keep,high,plausible real company name with legal-entity suffix or standard corporate naming pattern; long/unusual only due to language/country naming convention
chongqing dajiang yuqiang plastic products,keep,high,plausible real company name with legal-entity suffix or standard corporate naming pattern; long/unusual only due to language/country naming convention
chongqing fuling electric power industrial,keep,high,plausible real company name with legal-entity suffix or standard corporate naming pattern; long/unusual only due to language/country naming convention
chongqing jianshe automobile air conditioner,keep,high,plausible real company name with legal-entity suffix or standard corporate naming pattern; long/unusual only due to language/country naming convention
chugoku electric power co inc/the,keep,high,plausible real company name with legal-entity suffix or standard corporate naming pattern; long/unusual only due to language/country naming convention
chung hwa chemical industrial works,keep,high,plausible real company name with legal-entity suffix or standard corporate naming pattern; long/unusual only due to language/country naming convention
chung-hsin electric & machinery manufacturing,keep,high,plausible real company name with legal-entity suffix or standard corporate naming pattern; long/unusual only due to language/country naming convention
cia de minas buenaventura saa,keep,high,plausible real company name with legal-entity suffix or standard corporate naming pattern; long/unusual only due to language/country naming convention
cia de minas bueraaventura sm,keep,high,plausible real company name with legal-entity suffix or standard corporate naming pattern; long/unusual only due to language/country naming convention
cia mexicana de exploraciones sa de cv,keep,high,plausible real company name with legal-entity suffix or standard corporate naming pattern; long/unusual only due to language/country naming convention
cia minera autlan sab de cv,keep,high,plausible real company name with legal-entity suffix or standard corporate naming pattern; long/unusual only due to language/country naming convention
cie generale des etablissements michelin sca,keep,high,plausible real company name with legal-entity suffix or standard corporate naming pattern; long/unusual only due to language/country naming convention
cnsig inner mongolia chemical industry,keep,high,plausible real company name with legal-entity suffix or standard corporate naming pattern; long/unusual only due to language/country naming convention
commercial aircraft corp of china,keep,high,plausible real company name with legal-entity suffix or standard corporate naming pattern; long/unusual only due to language/country naming convention
communication cable systems indonesia tbk,keep,high,plausible real company name with legal-entity suffix or standard corporate naming pattern; long/unusual only due to language/country naming convention
concesionaria vuela cia de aviacion,keep,high,plausible real company name with legal-entity suffix or standard corporate naming pattern; long/unusual only due to language/country naming convention
consultoria en obra sa de cv,keep,high,plausible real company name with legal-entity suffix or standard corporate naming pattern; long/unusual only due to language/country naming convention
controladora vuela cia de aviacion sab de cv,keep,high,plausible real company name with legal-entity suffix or standard corporate naming pattern; long/unusual only due to language/country naming convention
corp mackinal del cobre de chile,keep,high,plausible real company name with legal-entity suffix or standard corporate naming pattern; long/unusual only due to language/country naming convention
coutinho & ferrostaal gmbh & co kg,keep,high,plausible real company name with legal-entity suffix or standard corporate naming pattern; long/unusual only due to language/country naming convention
csp co siderurgica do pecem,keep,high,plausible real company name with legal-entity suffix or standard corporate naming pattern; long/unusual only due to language/country naming convention
da nhim-ham thuan-da mi hydro power jsc,keep,high,plausible real company name with legal-entity suffix or standard corporate naming pattern; long/unusual only due to language/country naming convention
daeduck electronics co ltd / new,keep,high,plausible real company name with legal-entity suffix or standard corporate naming pattern; long/unusual only due to language/country naming convention
dah san electric wire & cable,keep,high,plausible real company name with legal-entity suffix or standard corporate naming pattern; long/unusual only due to language/country naming convention
dainichiseika color & chemicals manufacturing,keep,high,plausible real company name with legal-entity suffix or standard corporate naming pattern; long/unusual only due to language/country naming convention
dana brata luhur tbk pt,keep,high,plausible real company name with legal-entity suffix or standard corporate naming pattern; long/unusual only due to language/country naming convention
dangfeng electronic technology co lb,keep,high,plausible real company name with legal-entity suffix or standard corporate naming pattern; long/unusual only due to language/country naming convention
dayton forging & heat treating co/the,keep,high,plausible real company name with legal-entity suffix or standard corporate naming pattern; long/unusual only due to language/country naming convention
del paso pipe & steel,keep,high,plausible real company name with legal-entity suffix or standard corporate naming pattern; long/unusual only due to language/country naming convention
delta dunia makmur tbk pt,keep,high,plausible real company name with legal-entity suffix or standard corporate naming pattern; long/unusual only due to language/country naming convention
devlet hava meydanlari isletmesi genel mudurlugu,keep,high,plausible real company name with legal-entity suffix or standard corporate naming pattern; long/unusual only due to language/country naming convention
dian swastatika sentosa tbk pt,keep,high,plausible real company name with legal-entity suffix or standard corporate naming pattern; long/unusual only due to language/country naming convention
dinh vu petroleum service port jsc,keep,high,plausible real company name with legal-entity suffix or standard corporate naming pattern; long/unusual only due to language/country naming convention
dong anh electrical equipment corp jsc,keep,high,plausible real company name with legal-entity suffix or standard corporate naming pattern; long/unusual only due to language/country naming convention
dongguan mentech optical & magnetic,keep,high,plausible real company name with legal-entity suffix or standard corporate naming pattern; long/unusual only due to language/country naming convention
dongkuk steel mill co ltd/new,keep,high,plausible real company name with legal-entity suffix or standard corporate naming pattern; long/unusual only due to language/country naming convention
dr ing hc f porsche,keep,high,plausible real company name with legal-entity suffix or standard corporate naming pattern; long/unusual only due to language/country naming convention
drainage services department,remove,medium,"Hong Kong government department (infrastructure administration), not a commercial company; industry field (Machinery) looks like a mismatched default rather than a real classification"
electricity generating authority of thailand,keep,high,plausible real company name with legal-entity suffix or standard corporate naming pattern; long/unusual only due to language/country naming convention
emil loeffelhardt gmbh & co kg,keep,high,plausible real company name with legal-entity suffix or standard corporate naming pattern; long/unusual only due to language/country naming convention
empresa electricidad del peru - electroperu,keep,high,plausible real company name with legal-entity suffix or standard corporate naming pattern; long/unusual only due to language/country naming convention
empresa siderurgica del peru saa,keep,high,plausible real company name with legal-entity suffix or standard corporate naming pattern; long/unusual only due to language/country naming convention
energi mega persada tbk pt,keep,high,plausible real company name with legal-entity suffix or standard corporate naming pattern; long/unusual only due to language/country naming convention
evergreen international storage & transport,keep,high,plausible real company name with legal-entity suffix or standard corporate naming pattern; long/unusual only due to language/country naming convention
farba otomotiv aydinlatma ve plastik fabrikalari as,keep,high,plausible real company name with legal-entity suffix or standard corporate naming pattern; long/unusual only due to language/country naming convention
ferdinand bilstein gmbh + co kg,keep,high,plausible real company name with legal-entity suffix or standard corporate naming pattern; long/unusual only due to language/country naming convention
ferre barniedo sa de cv,keep,high,plausible real company name with legal-entity suffix or standard corporate naming pattern; long/unusual only due to language/country naming convention
ferrocarril mexicano sa de cv,keep,high,plausible real company name with legal-entity suffix or standard corporate naming pattern; long/unusual only due to language/country naming convention
feuer powertrain gmbh & co kg,keep,high,plausible real company name with legal-entity suffix or standard corporate naming pattern; long/unusual only due to language/country naming convention
fomento de construcciones y contratas,keep,high,plausible real company name with legal-entity suffix or standard corporate naming pattern; long/unusual only due to language/country naming convention
forja de monterrey sa de cv,keep,high,plausible real company name with legal-entity suffix or standard corporate naming pattern; long/unusual only due to language/country naming convention
formosan union chemical,keep,high,plausible real company name with legal-entity suffix or standard corporate naming pattern; long/unusual only due to language/country naming convention
fraport ag frankfurt airport services worldwide,keep,high,plausible real company name with legal-entity suffix or standard corporate naming pattern; long/unusual only due to language/country naming convention
frisa forjados sa de cv,keep,high,plausible real company name with legal-entity suffix or standard corporate naming pattern; long/unusual only due to language/country naming convention
fuji furukawa engineering & construction,keep,high,plausible real company name with legal-entity suffix or standard corporate naming pattern; long/unusual only due to language/country naming convention
fujian nanping aluminium sheet & strip,keep,high,plausible real company name with legal-entity suffix or standard corporate naming pattern; long/unusual only due to language/country naming convention
fulin plastic industry cayman holding,keep,high,plausible real company name with legal-entity suffix or standard corporate naming pattern; long/unusual only due to language/country naming convention
g collado sab de cv,keep,high,plausible real company name with legal-entity suffix or standard corporate naming pattern; long/unusual only due to language/country naming convention
ganfeng lithium group co lfd,keep,high,plausible real company name with legal-entity suffix or standard corporate naming pattern; long/unusual only due to language/country naming convention
gansu jiu steel group hongxing iron & steel,keep,high,plausible real company name with legal-entity suffix or standard corporate naming pattern; long/unusual only due to language/country naming convention
ganzhou teng yuan cobalt new material,keep,high,plausible real company name with legal-entity suffix or standard corporate naming pattern; long/unusual only due to language/country naming convention
garuda indonesia persero tbk pt,keep,high,plausible real company name with legal-entity suffix or standard corporate naming pattern; long/unusual only due to language/country naming convention
gazprom gazoraspredelenie saratovskaya oblast oao,keep,high,plausible real company name with legal-entity suffix or standard corporate naming pattern; long/unusual only due to language/country naming convention
general electricity co of libya,keep,high,plausible real company name with legal-entity suffix or standard corporate naming pattern; long/unusual only due to language/country naming convention
gestion global de matriceria sl,keep,high,plausible real company name with legal-entity suffix or standard corporate naming pattern; long/unusual only due to language/country naming convention
gestore dei servizi energetici- gse,keep,high,plausible real company name with legal-entity suffix or standard corporate naming pattern; long/unusual only due to language/country naming convention
getrag getriebe-u zahnradfabrik hermann hagenmeyer gmbh & cie,keep,high,plausible real company name with legal-entity suffix or standard corporate naming pattern; long/unusual only due to language/country naming convention
gonvarri corp financiera sociedad ltda,keep,high,plausible real company name with legal-entity suffix or standard corporate naming pattern; long/unusual only due to language/country naming convention
gonvarri i centro de servicios sl,keep,high,plausible real company name with legal-entity suffix or standard corporate naming pattern; long/unusual only due to language/country naming convention
goodyear tire & rubber co/the,keep,high,plausible real company name with legal-entity suffix or standard corporate naming pattern; long/unusual only due to language/country naming convention
grupa azoty zaklady chemiczne police,keep,high,plausible real company name with legal-entity suffix or standard corporate naming pattern; long/unusual only due to language/country naming convention
grupo aeroportuario del sureste sab de cv,keep,high,plausible real company name with legal-entity suffix or standard corporate naming pattern; long/unusual only due to language/country naming convention
grupo idesa sa de cv,keep,high,plausible real company name with legal-entity suffix or standard corporate naming pattern; long/unusual only due to language/country naming convention
grupo industrial saltillo sab de cv,keep,high,plausible real company name with legal-entity suffix or standard corporate naming pattern; long/unusual only due to language/country naming convention
grupo pochteca sab de cv,keep,high,plausible real company name with legal-entity suffix or standard corporate naming pattern; long/unusual only due to language/country naming convention
grupo remolques del norte sa de cv,keep,high,plausible real company name with legal-entity suffix or standard corporate naming pattern; long/unusual only due to language/country naming convention
grupo rotoplas sab de cv,keep,high,plausible real company name with legal-entity suffix or standard corporate naming pattern; long/unusual only due to language/country naming convention
grupo simec sab de cv,keep,high,plausible real company name with legal-entity suffix or standard corporate naming pattern; long/unusual only due to language/country naming convention
guam power authority,keep,high,plausible real company name with legal-entity suffix or standard corporate naming pattern; long/unusual only due to language/country naming convention
guangdong dongfang precision science & technology,keep,high,plausible real company name with legal-entity suffix or standard corporate naming pattern; long/unusual only due to language/country naming convention
guangdong electric power industry fuel,keep,high,plausible real company name with legal-entity suffix or standard corporate naming pattern; long/unusual only due to language/country naming convention
guangdong ji duo bao can making,keep,high,plausible real company name with legal-entity suffix or standard corporate naming pattern; long/unusual only due to language/country naming convention
guangdong zhongnan iron & steel,keep,high,plausible real company name with legal-entity suffix or standard corporate naming pattern; long/unusual only due to language/country naming convention
guangzhou gangfa petroleum chemical dock,keep,high,plausible real company name with legal-entity suffix or standard corporate naming pattern; long/unusual only due to language/country naming convention
guangzhou great power energy & technology,keep,high,plausible real company name with legal-entity suffix or standard corporate naming pattern; long/unusual only due to language/country naming convention
guiyang zhenxing aluminium & magnesium technology industry development,keep,high,plausible real company name with legal-entity suffix or standard corporate naming pattern; long/unusual only due to language/country naming convention
gujarat narmada valley fertilizers & chemicals,keep,high,plausible real company name with legal-entity suffix or standard corporate naming pattern; long/unusual only due to language/country naming convention
gujarat state fertilizers & chemicals,keep,high,plausible real company name with legal-entity suffix or standard corporate naming pattern; long/unusual only due to language/country naming convention
gunawan dianjaya steel tbk pt,keep,high,plausible real company name with legal-entity suffix or standard corporate naming pattern; long/unusual only due to language/country naming convention
gunung raja paksi tbk pt,keep,high,plausible real company name with legal-entity suffix or standard corporate naming pattern; long/unusual only due to language/country naming convention
hai phong thermal power jsc,keep,high,plausible real company name with legal-entity suffix or standard corporate naming pattern; long/unusual only due to language/country naming convention
handan gangtie group equipment manufacturing installation,keep,high,plausible real company name with legal-entity suffix or standard corporate naming pattern; long/unusual only due to language/country naming convention
handan iron & steel group import & export,keep,high,plausible real company name with legal-entity suffix or standard corporate naming pattern; long/unusual only due to language/country naming convention
handan steel group hengshui cold rolling steel,keep,high,plausible real company name with legal-entity suffix or standard corporate naming pattern; long/unusual only due to language/country naming convention
hangzhou gaoxin rubber & plastic materials,keep,high,plausible real company name with legal-entity suffix or standard corporate naming pattern; long/unusual only due to language/country naming convention
hanjin heavy industries & construction,keep,high,plausible real company name with legal-entity suffix or standard corporate naming pattern; long/unusual only due to language/country naming convention
haohua chemical science & technology,keep,high,plausible real company name with legal-entity suffix or standard corporate naming pattern; long/unusual only due to language/country naming convention
harbin electric corp jiamusi electric machine,keep,high,plausible real company name with legal-entity suffix or standard corporate naming pattern; long/unusual only due to language/country naming convention
hd hyundai and shell base oil,keep,high,plausible real company name with legal-entity suffix or standard corporate naming pattern; long/unusual only due to language/country naming convention
hd korea shipbuilding & offshore engineering,keep,high,plausible real company name with legal-entity suffix or standard corporate naming pattern; long/unusual only due to language/country naming convention
hdc hyundai development co-engineering & construction,keep,high,plausible real company name with legal-entity suffix or standard corporate naming pattern; long/unusual only due to language/country naming convention
hebei iron & steel group mining,keep,high,plausible real company name with legal-entity suffix or standard corporate naming pattern; long/unusual only due to language/country naming convention
hebei iron & steel group songting iron & steel,keep,high,plausible real company name with legal-entity suffix or standard corporate naming pattern; long/unusual only due to language/country naming convention
hella gmbh & co kgaa,keep,high,plausible real company name with legal-entity suffix or standard corporate naming pattern; long/unusual only due to language/country naming convention
henan shenhuo coal & power,keep,high,plausible real company name with legal-entity suffix or standard corporate naming pattern; long/unusual only due to language/country naming convention
henan shenma chlorine alkali development,keep,high,plausible real company name with legal-entity suffix or standard corporate naming pattern; long/unusual only due to language/country naming convention
henan shenma nylon chemical industry,keep,high,plausible real company name with legal-entity suffix or standard corporate naming pattern; long/unusual only due to language/country naming convention
henan yuguang gold & lead,keep,high,plausible real company name with legal-entity suffix or standard corporate naming pattern; long/unusual only due to language/country naming convention
heyuan city urban development investment,keep,high,plausible real company name with legal-entity suffix or standard corporate naming pattern; long/unusual only due to language/country naming convention
hicom-honda manufacturing malaysia sdn bhd,keep,high,plausible real company name with legal-entity suffix or standard corporate naming pattern; long/unusual only due to language/country naming convention
hitachi air-conditioning & refrigerating products gua,keep,high,plausible real company name with legal-entity suffix or standard corporate naming pattern; long/unusual only due to language/country naming convention
hmt xiamen new technical materials,keep,high,plausible real company name with legal-entity suffix or standard corporate naming pattern; long/unusual only due to language/country naming convention
hoberg & driesch gmbh & co kg roehrengrosshandel,keep,high,plausible real company name with legal-entity suffix or standard corporate naming pattern; long/unusual only due to language/country naming convention
hold-key electric wire & cable,keep,high,plausible real company name with legal-entity suffix or standard corporate naming pattern; long/unusual only due to language/country naming convention
hong kong & china gas,keep,high,plausible real company name with legal-entity suffix or standard corporate naming pattern; long/unusual only due to language/country naming convention
howon elementary school adjacent district reconstruction union,remove,high,matches confirmed noise example exactly (already flagged as extraction noise)
hua eng wire & cable,keep,high,plausible real company name with legal-entity suffix or standard corporate naming pattern; long/unusual only due to language/country naming convention
hubei wanrun new energy technology,keep,high,plausible real company name with legal-entity suffix or standard corporate naming pattern; long/unusual only due to language/country naming convention
huili county ma'anping mine feishi multipurpose utilization,keep,high,plausible real company name with legal-entity suffix or standard corporate naming pattern; long/unusual only due to language/country naming convention
hunan baili engineering sci & tech,keep,high,plausible real company name with legal-entity suffix or standard corporate naming pattern; long/unusual only due to language/country naming convention
hunan yuneng new energy battery material,keep,high,plausible real company name with legal-entity suffix or standard corporate naming pattern; long/unusual only due to language/country naming convention
hyundai mobis mexico s de rl de cv,keep,high,plausible real company name with legal-entity suffix or standard corporate naming pattern; long/unusual only due to language/country naming convention
hyundai wia automotive engine shandong,keep,high,plausible real company name with legal-entity suffix or standard corporate naming pattern; long/unusual only due to language/country naming convention
incheon port authority,keep,high,plausible real company name with legal-entity suffix or standard corporate naming pattern; long/unusual only due to language/country naming convention
indal aluminium industry tbk pt,keep,high,plausible real company name with legal-entity suffix or standard corporate naming pattern; long/unusual only due to language/country naming convention
indocement tunggal prakarsa tbk pt,keep,high,plausible real company name with legal-entity suffix or standard corporate naming pattern; long/unusual only due to language/country naming convention
indoritel makmur internasional tbk pt,keep,high,plausible real company name with legal-entity suffix or standard corporate naming pattern; long/unusual only due to language/country naming convention
industrial gas & welding electrode jsc,keep,high,plausible real company name with legal-entity suffix or standard corporate naming pattern; long/unusual only due to language/country naming convention
industrias ch sab de cv,keep,high,plausible real company name with legal-entity suffix or standard corporate naming pattern; long/unusual only due to language/country naming convention
ingenieria y construccion de matrices,keep,high,plausible real company name with legal-entity suffix or standard corporate naming pattern; long/unusual only due to language/country naming convention
inner mongolia baotou steel union,keep,high,plausible real company name with legal-entity suffix or standard corporate naming pattern; long/unusual only due to language/country naming convention
inner mongolia dian tou energy,keep,high,plausible real company name with legal-entity suffix or standard corporate naming pattern; long/unusual only due to language/country naming convention
inner mongolia east electric power,keep,high,plausible real company name with legal-entity suffix or standard corporate naming pattern; long/unusual only due to language/country naming convention
inner mongolia huineng coal & electrical,keep,high,plausible real company name with legal-entity suffix or standard corporate naming pattern; long/unusual only due to language/country naming convention
inner mongolia mengdian huaneng thermal power,keep,high,plausible real company name with legal-entity suffix or standard corporate naming pattern; long/unusual only due to language/country naming convention
inner mongolia yuan xing energy,keep,high,plausible real company name with legal-entity suffix or standard corporate naming pattern; long/unusual only due to language/country naming convention
international gas product shipping jsc,keep,high,plausible real company name with legal-entity suffix or standard corporate naming pattern; long/unusual only due to language/country naming convention
j resources asia pasifik tbk,keep,high,plausible real company name with legal-entity suffix or standard corporate naming pattern; long/unusual only due to language/country naming convention
japan organization for metals and energy security,keep,low,"real quasi-governmental body (JOGMEC) - genuine entity, but unclear if it should count as a company node vs a policy/stockpiling agency; needs your judgment on scope"
jasa marga persero tbk pt,keep,high,plausible real company name with legal-entity suffix or standard corporate naming pattern; long/unusual only due to language/country naming convention
jatim taman steel manufacturing pt,keep,high,plausible real company name with legal-entity suffix or standard corporate naming pattern; long/unusual only due to language/country naming convention
jembo cable co tbk pt,keep,high,plausible real company name with legal-entity suffix or standard corporate naming pattern; long/unusual only due to language/country naming convention
jiangmen jiangci electric engineering enterprise,keep,high,plausible real company name with legal-entity suffix or standard corporate naming pattern; long/unusual only due to language/country naming convention
jiangsu baichuan high-tech new materials,keep,high,plausible real company name with legal-entity suffix or standard corporate naming pattern; long/unusual only due to language/country naming convention
jiangsu lixing general steel ball,keep,high,plausible real company name with legal-entity suffix or standard corporate naming pattern; long/unusual only due to language/country naming convention
jiangsu tongguang electronic wire and cable,keep,high,plausible real company name with legal-entity suffix or standard corporate naming pattern; long/unusual only due to language/country naming convention
jiangsu yuxing industrial & trading,keep,high,plausible real company name with legal-entity suffix or standard corporate naming pattern; long/unusual only due to language/country naming convention
jiangsu zhenjiang new energy equipment,keep,high,plausible real company name with legal-entity suffix or standard corporate naming pattern; long/unusual only due to language/country naming convention
jiangxi black cat carbon black,keep,high,plausible real company name with legal-entity suffix or standard corporate naming pattern; long/unusual only due to language/country naming convention
jiangxi xiushui ganbei tungsten industry,keep,high,plausible real company name with legal-entity suffix or standard corporate naming pattern; long/unusual only due to language/country naming convention
jilin province tonghua iron & steel international trade,keep,high,plausible real company name with legal-entity suffix or standard corporate naming pattern; long/unusual only due to language/country naming convention
jinneng holding shanxi coal industry,keep,high,plausible real company name with legal-entity suffix or standard corporate naming pattern; long/unusual only due to language/country naming convention
joist del golfo sa de cv,keep,high,plausible real company name with legal-entity suffix or standard corporate naming pattern; long/unusual only due to language/country naming convention
joist estructuras sa de cv,keep,high,plausible real company name with legal-entity suffix or standard corporate naming pattern; long/unusual only due to language/country naming convention
jordan cement factories co psc,keep,high,plausible real company name with legal-entity suffix or standard corporate naming pattern; long/unusual only due to language/country naming convention
kalisch fierro y acero sa de cv,keep,high,plausible real company name with legal-entity suffix or standard corporate naming pattern; long/unusual only due to language/country naming convention
kao hsing chang iron & steel,keep,high,plausible real company name with legal-entity suffix or standard corporate naming pattern; long/unusual only due to language/country naming convention
kepco plant service & engineering,keep,high,plausible real company name with legal-entity suffix or standard corporate naming pattern; long/unusual only due to language/country naming convention
khabarovskaya toplivnaya kompaniya ooo khtk ooo,keep,high,plausible real company name with legal-entity suffix or standard corporate naming pattern; long/unusual only due to language/country naming convention
kinugawa rubber industrial co ltd/old,keep,high,plausible real company name with legal-entity suffix or standard corporate naming pattern; long/unusual only due to language/country naming convention
kmi wire & cable tbk pt,keep,high,plausible real company name with legal-entity suffix or standard corporate naming pattern; long/unusual only due to language/country naming convention
korea district heating,keep,high,plausible real company name with legal-entity suffix or standard corporate naming pattern; long/unusual only due to language/country naming convention
korea electronic power industrial development,keep,high,plausible real company name with legal-entity suffix or standard corporate naming pattern; long/unusual only due to language/country naming convention
krakatau steel persero tbk pt,keep,high,plausible real company name with legal-entity suffix or standard corporate naming pattern; long/unusual only due to language/country naming convention
kratos defense & security solutions,keep,high,plausible real company name with legal-entity suffix or standard corporate naming pattern; long/unusual only due to language/country naming convention
ksb se & co kgaa,keep,high,plausible real company name with legal-entity suffix or standard corporate naming pattern; long/unusual only due to language/country naming convention
kunming metallurgical yuxin silicon material,keep,high,plausible real company name with legal-entity suffix or standard corporate naming pattern; long/unusual only due to language/country naming convention
kunming yuntong electromotion tool equipments,keep,high,plausible real company name with legal-entity suffix or standard corporate naming pattern; long/unusual only due to language/country naming convention
liaoning shixing pharmaceutical & chemical,keep,high,plausible real company name with legal-entity suffix or standard corporate naming pattern; long/unusual only due to language/country naming convention
ljg green source energy alpha srl,keep,high,plausible real company name with legal-entity suffix or standard corporate naming pattern; long/unusual only due to language/country naming convention
lotte chemical titan holding bhd,keep,high,plausible real company name with legal-entity suffix or standard corporate naming pattern; long/unusual only due to language/country naming convention
lotte chemical titan tbk pt,keep,high,plausible real company name with legal-entity suffix or standard corporate naming pattern; long/unusual only due to language/country naming convention
lti steel wire rope shanghai,keep,high,plausible real company name with legal-entity suffix or standard corporate naming pattern; long/unusual only due to language/country naming convention
magnitogorsk iron & steel works pjsc,keep,high,plausible real company name with legal-entity suffix or standard corporate naming pattern; long/unusual only due to language/country naming convention
mahle behr gmbh & co kg,keep,high,plausible real company name with legal-entity suffix or standard corporate naming pattern; long/unusual only due to language/country naming convention
malaysian npk fertilizer sdn bhd,keep,high,plausible real company name with legal-entity suffix or standard corporate naming pattern; long/unusual only due to language/country naming convention
malaysian refining co sdn bhd,keep,high,plausible real company name with legal-entity suffix or standard corporate naming pattern; long/unusual only due to language/country naming convention
manufacturera de ciguenales de mexico sa de cv,keep,high,plausible real company name with legal-entity suffix or standard corporate naming pattern; long/unusual only due to language/country naming convention
maquinados automotrices y talleres industriales de celaya sa de cv,keep,high,plausible real company name with legal-entity suffix or standard corporate naming pattern; long/unusual only due to language/country naming convention
maritime & port authority of singapore,keep,high,plausible real company name with legal-entity suffix or standard corporate naming pattern; long/unusual only due to language/country naming convention
mark dynamics indonesia tbk pt,keep,high,plausible real company name with legal-entity suffix or standard corporate naming pattern; long/unusual only due to language/country naming convention
mcc liaoning dragon pipe industries,keep,high,plausible real company name with legal-entity suffix or standard corporate naming pattern; long/unusual only due to language/country naming convention
medco daya abadi lestari pt,keep,high,plausible real company name with legal-entity suffix or standard corporate naming pattern; long/unusual only due to language/country naming convention
medco energi internasional tbk pt,keep,high,plausible real company name with legal-entity suffix or standard corporate naming pattern; long/unusual only due to language/country naming convention
mellitah oil & gas bb,keep,high,plausible real company name with legal-entity suffix or standard corporate naming pattern; long/unusual only due to language/country naming convention
michu district 8 redevelopment and maintenance business association,remove,high,"reads as a local Korean disaster-recovery/maintenance civic association, same genre as the confirmed howon noise example, not a company"
milplan engenharia construcoes e montagens ltda,keep,high,plausible real company name with legal-entity suffix or standard corporate naming pattern; long/unusual only due to language/country naming convention
minmetals shipping & forwarding shanghai,keep,high,plausible real company name with legal-entity suffix or standard corporate naming pattern; long/unusual only due to language/country naming convention
mirfa international power & water co pjsc,keep,high,plausible real company name with legal-entity suffix or standard corporate naming pattern; long/unusual only due to language/country naming convention
mitra energi persada tbk pt,keep,high,plausible real company name with legal-entity suffix or standard corporate naming pattern; long/unusual only due to language/country naming convention
mitra international resources tbk pt,keep,high,plausible real company name with legal-entity suffix or standard corporate naming pattern; long/unusual only due to language/country naming convention
mitsui chemicals & skc polyurethanes,keep,high,plausible real company name with legal-entity suffix or standard corporate naming pattern; long/unusual only due to language/country naming convention
mitsui sumitomo metal mining brass & copper,keep,high,plausible real company name with legal-entity suffix or standard corporate naming pattern; long/unusual only due to language/country naming convention
miwon spain sl sociedad unipersonal,keep,high,plausible real company name with legal-entity suffix or standard corporate naming pattern; long/unusual only due to language/country naming convention
miwon specialty chemical co ltd/new,keep,high,plausible real company name with legal-entity suffix or standard corporate naming pattern; long/unusual only due to language/country naming convention
mol hungarian oil & gas,keep,high,plausible real company name with legal-entity suffix or standard corporate naming pattern; long/unusual only due to language/country naming convention
multistrada arah sarana tbk p,keep,high,plausible real company name with legal-entity suffix or standard corporate naming pattern; long/unusual only due to language/country naming convention
multivac sepp haggenmueller se & co kg,keep,high,plausible real company name with legal-entity suffix or standard corporate naming pattern; long/unusual only due to language/country naming convention
nam song hau tradinginvesting petroleum jsc,keep,high,plausible real company name with legal-entity suffix or standard corporate naming pattern; long/unusual only due to language/country naming convention
nan ya printed circuit board,keep,high,plausible real company name with legal-entity suffix or standard corporate naming pattern; long/unusual only due to language/country naming convention
nanjing julong science & technology,keep,high,plausible real company name with legal-entity suffix or standard corporate naming pattern; long/unusual only due to language/country naming convention
nanjing wavelength opto-electronic science & technology,keep,high,plausible real company name with legal-entity suffix or standard corporate naming pattern; long/unusual only due to language/country naming convention
national jsc naftogaz of ukraine,keep,high,plausible real company name with legal-entity suffix or standard corporate naming pattern; long/unusual only due to language/country naming convention
national shipping co of saudi arabia/the,keep,high,plausible real company name with legal-entity suffix or standard corporate naming pattern; long/unusual only due to language/country naming convention
nec networks & system integration,keep,high,plausible real company name with legal-entity suffix or standard corporate naming pattern; long/unusual only due to language/country naming convention
nelsen steel & wire lp,keep,high,plausible real company name with legal-entity suffix or standard corporate naming pattern; long/unusual only due to language/country naming convention
nikken koatsu heiwa kido kk,keep,high,plausible real company name with legal-entity suffix or standard corporate naming pattern; long/unusual only due to language/country naming convention
ningbo free trade zone shoude trade,keep,high,plausible real company name with legal-entity suffix or standard corporate naming pattern; long/unusual only due to language/country naming convention
ningbo gaofa automotive control system,keep,high,plausible real company name with legal-entity suffix or standard corporate naming pattern; long/unusual only due to language/country naming convention
ningbo hangzhou bay bridge development,keep,high,plausible real company name with legal-entity suffix or standard corporate naming pattern; long/unusual only due to language/country naming convention
ningbo ronbay new energy technology,keep,high,plausible real company name with legal-entity suffix or standard corporate naming pattern; long/unusual only due to language/country naming convention
ninh binh thermal power jsc,keep,high,plausible real company name with legal-entity suffix or standard corporate naming pattern; long/unusual only due to language/country naming convention
nippon corrosion engineering co ltd/the,keep,high,plausible real company name with legal-entity suffix or standard corporate naming pattern; long/unusual only due to language/country naming convention
nusa konstruksi enjiniring tbk pt,keep,high,plausible real company name with legal-entity suffix or standard corporate naming pattern; long/unusual only due to language/country naming convention
nvh india anantapur auto parts pvt,keep,high,plausible real company name with legal-entity suffix or standard corporate naming pattern; long/unusual only due to language/country naming convention
nylco mexicana sa de cv,keep,high,plausible real company name with legal-entity suffix or standard corporate naming pattern; long/unusual only due to language/country naming convention
oil and gas holding co bscc/the,keep,high,plausible real company name with legal-entity suffix or standard corporate naming pattern; long/unusual only due to language/country naming convention
okinawa electric pizers co inc/the,keep,high,plausible real company name with legal-entity suffix or standard corporate naming pattern; long/unusual only due to language/country naming convention
ontic engineering & manufacturing uk,keep,high,plausible real company name with legal-entity suffix or standard corporate naming pattern; long/unusual only due to language/country naming convention
orbia advance corp sab de cv,keep,high,plausible real company name with legal-entity suffix or standard corporate naming pattern; long/unusual only due to language/country naming convention
oriental union chemical,keep,high,plausible real company name with legal-entity suffix or standard corporate naming pattern; long/unusual only due to language/country naming convention
otokar otomotiv ve savunua sanayi a s,keep,high,plausible real company name with legal-entity suffix or standard corporate naming pattern; long/unusual only due to language/country naming convention
otransportes aereos pegaso sa de cv,keep,high,plausible real company name with legal-entity suffix or standard corporate naming pattern; long/unusual only due to language/country naming convention
pan asia engineers & constructors,keep,high,plausible real company name with legal-entity suffix or standard corporate naming pattern; long/unusual only due to language/country naming convention
pangang group panzhihua steel vanadium,keep,high,plausible real company name with legal-entity suffix or standard corporate naming pattern; long/unusual only due to language/country naming convention
pangang group vanadium titanium & resources,keep,high,plausible real company name with legal-entity suffix or standard corporate naming pattern; long/unusual only due to language/country naming convention
panzhihua iron & steel group chengdu panel,keep,high,plausible real company name with legal-entity suffix or standard corporate naming pattern; long/unusual only due to language/country naming convention
parque eolico cabo leones isa,keep,high,plausible real company name with legal-entity suffix or standard corporate naming pattern; long/unusual only due to language/country naming convention
pelabuhan indonesia iv persero pt,keep,high,plausible real company name with legal-entity suffix or standard corporate naming pattern; long/unusual only due to language/country naming convention
pelat timah nusantara tbk pt,keep,high,plausible real company name with legal-entity suffix or standard corporate naming pattern; long/unusual only due to language/country naming convention
peliculas plasticas sa de cv,keep,high,plausible real company name with legal-entity suffix or standard corporate naming pattern; long/unusual only due to language/country naming convention
perusahaan gas negara tbk pt,keep,high,plausible real company name with legal-entity suffix or standard corporate naming pattern; long/unusual only due to language/country naming convention
perusahaan perseroan persero pt perusahaan listrik negara,keep,high,plausible real company name with legal-entity suffix or standard corporate naming pattern; long/unusual only due to language/country naming convention
perusahaan sadur timah malaysia perstima bhd,keep,high,plausible real company name with legal-entity suffix or standard corporate naming pattern; long/unusual only due to language/country naming convention
petroleum equipment assembly & metal structure jsc,keep,high,plausible real company name with legal-entity suffix or standard corporate naming pattern; long/unusual only due to language/country naming convention
petroleum industrial & civil construction jsc,keep,high,plausible real company name with legal-entity suffix or standard corporate naming pattern; long/unusual only due to language/country naming convention
petroleum pipeline & tank construction jsc,keep,high,plausible real company name with legal-entity suffix or standard corporate naming pattern; long/unusual only due to language/country naming convention
petrovietnam ca mau fertilizer jsc,keep,high,plausible real company name with legal-entity suffix or standard corporate naming pattern; long/unusual only due to language/country naming convention
petrovietnam drilling & well services jsc,keep,high,plausible real company name with legal-entity suffix or standard corporate naming pattern; long/unusual only due to language/country naming convention
petrovietnam fertilizer & chemicals jsc,keep,high,plausible real company name with legal-entity suffix or standard corporate naming pattern; long/unusual only due to language/country naming convention
petrovietnam nhon trach 2 power jsc,keep,high,plausible real company name with legal-entity suffix or standard corporate naming pattern; long/unusual only due to language/country naming convention
petrovietnam oil nam dinh jsc,keep,high,plausible real company name with legal-entity suffix or standard corporate naming pattern; long/unusual only due to language/country naming convention
petrovietnam oil phu yen jsc,keep,high,plausible real company name with legal-entity suffix or standard corporate naming pattern; long/unusual only due to language/country naming convention
pha lai thermal power jsc,keep,high,plausible real company name with legal-entity suffix or standard corporate naming pattern; long/unusual only due to language/country naming convention
philippines department of transportation,keep,medium,"national government department, not a commercial supply-chain entity"
phoenix contact gmbh & co kg,keep,high,plausible real company name with legal-entity suffix or standard corporate naming pattern; long/unusual only due to language/country naming convention
phuong dong viet transportation oil jsc,keep,high,plausible real company name with legal-entity suffix or standard corporate naming pattern; long/unusual only due to language/country naming convention
pingdingshan tianan coal industry qikuan,keep,high,plausible real company name with legal-entity suffix or standard corporate naming pattern; long/unusual only due to language/country naming convention
pinturas valmex sa de cv,keep,high,plausible real company name with legal-entity suffix or standard corporate naming pattern; long/unusual only due to language/country naming convention
pires do rio citep comercio e industria de ferro e aco ltda,keep,high,plausible real company name with legal-entity suffix or standard corporate naming pattern; long/unusual only due to language/country naming convention
placas laminas y perfiles de veracruz sa de cv,keep,high,plausible real company name with legal-entity suffix or standard corporate naming pattern; long/unusual only due to language/country naming convention
plains all american pipeline lp,keep,high,plausible real company name with legal-entity suffix or standard corporate naming pattern; long/unusual only due to language/country naming convention
plasmar plastik ve kimya sanayi ve dis ticaret as,keep,high,plausible real company name with legal-entity suffix or standard corporate naming pattern; long/unusual only due to language/country naming convention
plasticos el panda sa de cv,keep,high,plausible real company name with legal-entity suffix or standard corporate naming pattern; long/unusual only due to language/country naming convention
plastiques du val de loire,keep,high,plausible real company name with legal-entity suffix or standard corporate naming pattern; long/unusual only due to language/country naming convention
plesa anahuac y cias sa de cv,keep,high,plausible real company name with legal-entity suffix or standard corporate naming pattern; long/unusual only due to language/country naming convention
polskie gornictwo naftowe i gazownictwo,keep,high,plausible real company name with legal-entity suffix or standard corporate naming pattern; long/unusual only due to language/country naming convention
port authority of thailand,keep,high,plausible real company name with legal-entity suffix or standard corporate naming pattern; long/unusual only due to language/country naming convention
post & telecommunication equipment jsc,keep,high,plausible real company name with legal-entity suffix or standard corporate naming pattern; long/unusual only due to language/country naming convention
power construction corp of china,keep,high,plausible real company name with legal-entity suffix or standard corporate naming pattern; long/unusual only due to language/country naming convention
power engineering consulting jsc no 4,keep,high,plausible real company name with legal-entity suffix or standard corporate naming pattern; long/unusual only due to language/country naming convention
press metal aluminium holdings bhd,keep,high,plausible real company name with legal-entity suffix or standard corporate naming pattern; long/unusual only due to language/country naming convention
productos laminados de monterrey sa de cv,keep,high,plausible real company name with legal-entity suffix or standard corporate naming pattern; long/unusual only due to language/country naming convention
productos rivial sa de cv,keep,high,plausible real company name with legal-entity suffix or standard corporate naming pattern; long/unusual only due to language/country naming convention
prosperity steel united singapore pte,keep,high,plausible real company name with legal-entity suffix or standard corporate naming pattern; long/unusual only due to language/country naming convention
proveedora de materiales plasticos sa de cv,keep,high,plausible real company name with legal-entity suffix or standard corporate naming pattern; long/unusual only due to language/country naming convention
ptsc thanh hoa port jsc,keep,high,plausible real company name with legal-entity suffix or standard corporate naming pattern; long/unusual only due to language/country naming convention
ptt exploration & production pcl,keep,high,plausible real company name with legal-entity suffix or standard corporate naming pattern; long/unusual only due to language/country naming convention
ptt oil & retail business pcl,keep,high,plausible real company name with legal-entity suffix or standard corporate naming pattern; long/unusual only due to language/country naming convention
public transport authority of western australia,keep,low,"real statutory transit authority - operationally real, but unclear fit as a commercial supply-chain node vs a regulatory body; needs your judgment on scope"
pupuk indonesia holding co pt,keep,high,plausible real company name with legal-entity suffix or standard corporate naming pattern; long/unusual only due to language/country naming convention
qatar electricity & water co qsc,keep,high,plausible real company name with legal-entity suffix or standard corporate naming pattern; long/unusual only due to language/country naming convention
qinhuangdao shouqin steel processing distribution,keep,high,plausible real company name with legal-entity suffix or standard corporate naming pattern; long/unusual only due to language/country naming convention
quang ninh thermal power jsc,keep,high,plausible real company name with legal-entity suffix or standard corporate naming pattern; long/unusual only due to language/country naming convention
rdg acos do brasil s/a,keep,high,plausible real company name with legal-entity suffix or standard corporate naming pattern; long/unusual only due to language/country naming convention
resource alam indonesia tbk pt,keep,high,plausible real company name with legal-entity suffix or standard corporate naming pattern; long/unusual only due to language/country naming convention
rizhao steel yingkou medium plate,keep,high,plausible real company name with legal-entity suffix or standard corporate naming pattern; long/unusual only due to language/country naming convention
san francisco municipal transportation agency,keep,high,plausible real company name with legal-entity suffix or standard corporate naming pattern; long/unusual only due to language/country naming convention
sansteel minguang co ltd fujian,keep,high,plausible real company name with legal-entity suffix or standard corporate naming pattern; long/unusual only due to language/country naming convention
sarralle steel melting plant sl,keep,high,plausible real company name with legal-entity suffix or standard corporate naming pattern; long/unusual only due to language/country naming convention
se san 4a hydropower jsc,keep,high,plausible real company name with legal-entity suffix or standard corporate naming pattern; long/unusual only due to language/country naming convention
seah precision mexico sa de cv,keep,high,plausible real company name with legal-entity suffix or standard corporate naming pattern; long/unusual only due to language/country naming convention
semen indonesia persero tbk pt,keep,high,plausible real company name with legal-entity suffix or standard corporate naming pattern; long/unusual only due to language/country naming convention
seneca wire & manufacturing co/the,keep,high,plausible real company name with legal-entity suffix or standard corporate naming pattern; long/unusual only due to language/country naming convention
seoyon e-hwa automotive slovakia sro,keep,high,plausible real company name with legal-entity suffix or standard corporate naming pattern; long/unusual only due to language/country naming convention
seoyon e-hwa summit automotive anantapur pvt,keep,high,plausible real company name with legal-entity suffix or standard corporate naming pattern; long/unusual only due to language/country naming convention
shaanxi hanzhong iron & steel,keep,high,plausible real company name with legal-entity suffix or standard corporate naming pattern; long/unusual only due to language/country naming convention
shan xi hua yang new materials,keep,high,plausible real company name with legal-entity suffix or standard corporate naming pattern; long/unusual only due to language/country naming convention
shandong lubei enterprise group general,keep,high,plausible real company name with legal-entity suffix or standard corporate naming pattern; long/unusual only due to language/country naming convention
shanghai bao steel pudong international trading,keep,high,plausible real company name with legal-entity suffix or standard corporate naming pattern; long/unusual only due to language/country naming convention
shanghai baosteel & arcelor tailor metal,keep,high,plausible real company name with legal-entity suffix or standard corporate naming pattern; long/unusual only due to language/country naming convention
shanghai chlorine & alkali creative,keep,high,plausible real company name with legal-entity suffix or standard corporate naming pattern; long/unusual only due to language/country naming convention
shanghai gkn huayu driveline systems,keep,high,plausible real company name with legal-entity suffix or standard corporate naming pattern; long/unusual only due to language/country naming convention
shanghai pacific chemical group huai'an sodium sulfate anhydrous,keep,high,plausible real company name with legal-entity suffix or standard corporate naming pattern; long/unusual only due to language/country naming convention
shanghai pacific chemical group huai'ar,keep,high,plausible real company name with legal-entity suffix or standard corporate naming pattern; long/unusual only due to language/country naming convention
shanghai research institute of chemical industry,keep,high,plausible real company name with legal-entity suffix or standard corporate naming pattern; long/unusual only due to language/country naming convention
shanghai shougang steel & iron trading,keep,high,plausible real company name with legal-entity suffix or standard corporate naming pattern; long/unusual only due to language/country naming convention
shanghai stal precision stainless steel,keep,high,plausible real company name with legal-entity suffix or standard corporate naming pattern; long/unusual only due to language/country naming convention
shanxi coal import & export,keep,high,plausible real company name with legal-entity suffix or standard corporate naming pattern; long/unusual only due to language/country naming convention
shanxi lu'an environmental energy development,keep,high,plausible real company name with legal-entity suffix or standard corporate naming pattern; long/unusual only due to language/country naming convention
shanxi lu'an mining group rizhao international trading,keep,high,plausible real company name with legal-entity suffix or standard corporate naming pattern; long/unusual only due to language/country naming convention
shenzhen kstar science and technology,keep,high,plausible real company name with legal-entity suffix or standard corporate naming pattern; long/unusual only due to language/country naming convention
shin foong specialty & applied materials,keep,high,plausible real company name with legal-entity suffix or standard corporate naming pattern; long/unusual only due to language/country naming convention
shougang changzhi iron & steel,keep,high,plausible real company name with legal-entity suffix or standard corporate naming pattern; long/unusual only due to language/country naming convention
shougang shuicheng iron & steel,keep,high,plausible real company name with legal-entity suffix or standard corporate naming pattern; long/unusual only due to language/country naming convention
sistemas automotrices de mexico sa de cv,keep,high,plausible real company name with legal-entity suffix or standard corporate naming pattern; long/unusual only due to language/country naming convention
slavneft oil & gas co ojsc,keep,high,plausible real company name with legal-entity suffix or standard corporate naming pattern; long/unusual only due to language/country naming convention
sociedad minera cerro verde saa,keep,high,plausible real company name with legal-entity suffix or standard corporate naming pattern; long/unusual only due to language/country naming convention
sociedad quimica y minera de chile,keep,high,plausible real company name with legal-entity suffix or standard corporate naming pattern; long/unusual only due to language/country naming convention
societe algerienne de l'electricite et du gaz,keep,high,plausible real company name with legal-entity suffix or standard corporate naming pattern; long/unusual only due to language/country naming convention
societe nationale de i electricite & du gaz,keep,high,plausible real company name with legal-entity suffix or standard corporate naming pattern; long/unusual only due to language/country naming convention
societe noiseenne d'outillage de presse sasu,keep,high,plausible real company name with legal-entity suffix or standard corporate naming pattern; long/unusual only due to language/country naming convention
societe tunisienne de l'electricite et du gaz,keep,high,plausible real company name with legal-entity suffix or standard corporate naming pattern; long/unusual only due to language/country naming convention
solusi bangun indonesia tbk pt,keep,high,plausible real company name with legal-entity suffix or standard corporate naming pattern; long/unusual only due to language/country naming convention
son ha sai gon jsc,keep,high,plausible real company name with legal-entity suffix or standard corporate naming pattern; long/unusual only due to language/country naming convention
south asia lpg co pvt,keep,high,plausible real company name with legal-entity suffix or standard corporate naming pattern; long/unusual only due to language/country naming convention
stahl de mexico sa de cv,keep,high,plausible real company name with legal-entity suffix or standard corporate naming pattern; long/unusual only due to language/country naming convention
star energy geothermal wayang windu,keep,high,plausible real company name with legal-entity suffix or standard corporate naming pattern; long/unusual only due to language/country naming convention
state grid anhui electric power,keep,high,plausible real company name with legal-entity suffix or standard corporate naming pattern; long/unusual only due to language/country naming convention
state grid corp of china,keep,high,plausible real company name with legal-entity suffix or standard corporate naming pattern; long/unusual only due to language/country naming convention
state grid henan electric power,keep,high,plausible real company name with legal-entity suffix or standard corporate naming pattern; long/unusual only due to language/country naming convention
state grid hubei electric power,keep,high,plausible real company name with legal-entity suffix or standard corporate naming pattern; long/unusual only due to language/country naming convention
state grid integrated energy service,keep,high,plausible real company name with legal-entity suffix or standard corporate naming pattern; long/unusual only due to language/country naming convention
state grid jiangxi electric power,keep,high,plausible real company name with legal-entity suffix or standard corporate naming pattern; long/unusual only due to language/country naming convention
state grid jilin electric power,keep,high,plausible real company name with legal-entity suffix or standard corporate naming pattern; long/unusual only due to language/country naming convention
state grid shandong electric power,keep,high,plausible real company name with legal-entity suffix or standard corporate naming pattern; long/unusual only due to language/country naming convention
state grid shanghai municipal electric power,keep,high,plausible real company name with legal-entity suffix or standard corporate naming pattern; long/unusual only due to language/country naming convention
state grid shanxi electric power,keep,high,plausible real company name with legal-entity suffix or standard corporate naming pattern; long/unusual only due to language/country naming convention
state grid sichuan electric power,keep,high,plausible real company name with legal-entity suffix or standard corporate naming pattern; long/unusual only due to language/country naming convention
state nuclear electric power planning design & research institute,keep,high,plausible real company name with legal-entity suffix or standard corporate naming pattern; long/unusual only due to language/country naming convention
state of south australia department of planning transportation,remove,medium,government department; verbose name reads like an extracted article fragment rather than a registered entity
state oil co of the azerbaijan republic,keep,high,plausible real company name with legal-entity suffix or standard corporate naming pattern; long/unusual only due to language/country naming convention
state power investment corp shanxi aluminum,keep,high,plausible real company name with legal-entity suffix or standard corporate naming pattern; long/unusual only due to language/country naming convention
steel pipe industry of indonesia pt,keep,high,plausible real company name with legal-entity suffix or standard corporate naming pattern; long/unusual only due to language/country naming convention
sufa technology industry co ltd cnnc,keep,high,plausible real company name with legal-entity suffix or standard corporate naming pattern; long/unusual only due to language/country naming convention
sumi indo kabel tbk pt,keep,high,plausible real company name with legal-entity suffix or standard corporate naming pattern; long/unusual only due to language/country naming convention
supreme cable manufacturing corp tbk pt,keep,high,plausible real company name with legal-entity suffix or standard corporate naming pattern; long/unusual only due to language/country naming convention
surtidora de alambres y aceros del centro sa de cv,keep,high,plausible real company name with legal-entity suffix or standard corporate naming pattern; long/unusual only due to language/country naming convention
surya esa perkasa tbk pt,keep,high,plausible real company name with legal-entity suffix or standard corporate naming pattern; long/unusual only due to language/country naming convention
suzhou jin hong shun auto parts,keep,high,plausible real company name with legal-entity suffix or standard corporate naming pattern; long/unusual only due to language/country naming convention
suzhou shougang longxing steel processing distribution,keep,high,plausible real company name with legal-entity suffix or standard corporate naming pattern; long/unusual only due to language/country naming convention
ta ya electric wire & cable,keep,high,plausible real company name with legal-entity suffix or standard corporate naming pattern; long/unusual only due to language/country naming convention
tachia yung ho machine industry,keep,high,plausible real company name with legal-entity suffix or standard corporate naming pattern; long/unusual only due to language/country naming convention
tai-i electric wire & cable,keep,high,plausible real company name with legal-entity suffix or standard corporate naming pattern; long/unusual only due to language/country naming convention
takigami steel construction co ltd/the,keep,high,plausible real company name with legal-entity suffix or standard corporate naming pattern; long/unusual only due to language/country naming convention
talleres y aceros sa de cv,keep,high,plausible real company name with legal-entity suffix or standard corporate naming pattern; long/unusual only due to language/country naming convention
tan chong motor holdings bhd,keep,high,plausible real company name with legal-entity suffix or standard corporate naming pattern; long/unusual only due to language/country naming convention
tangshan beishiti iron & steel group fufeng steel,keep,high,plausible real company name with legal-entity suffix or standard corporate naming pattern; long/unusual only due to language/country naming convention
tatsuta electric wire and cable,keep,high,plausible real company name with legal-entity suffix or standard corporate naming pattern; long/unusual only due to language/country naming convention
tcl rechi huizhou refrigeration equipment,keep,high,plausible real company name with legal-entity suffix or standard corporate naming pattern; long/unusual only due to language/country naming convention
tcl zhonghuan renewable energy technology,keep,high,plausible real company name with legal-entity suffix or standard corporate naming pattern; long/unusual only due to language/country naming convention
tcorrugados y trefilados sa de cv,keep,high,plausible real company name with legal-entity suffix or standard corporate naming pattern; long/unusual only due to language/country naming convention
telkom indonesia persero tbk pt,keep,high,plausible real company name with legal-entity suffix or standard corporate naming pattern; long/unusual only due to language/country naming convention
tembaga mulia semanan tbk pt,keep,high,plausible real company name with legal-entity suffix or standard corporate naming pattern; long/unusual only due to language/country naming convention
terna - rete elettrica nazionale,keep,high,plausible real company name with legal-entity suffix or standard corporate naming pattern; long/unusual only due to language/country naming convention
ternium mexico sa de cv,keep,high,plausible real company name with legal-entity suffix or standard corporate naming pattern; long/unusual only due to language/country naming convention
thai binh petrovietnam oil jsc,keep,high,plausible real company name with legal-entity suffix or standard corporate naming pattern; long/unusual only due to language/country naming convention
thai cold rolled steel sheet pcl,keep,high,plausible real company name with legal-entity suffix or standard corporate naming pattern; long/unusual only due to language/country naming convention
thai rung union car pcl,keep,high,plausible real company name with legal-entity suffix or standard corporate naming pattern; long/unusual only due to language/country naming convention
thang long metal wares jsc,keep,high,plausible real company name with legal-entity suffix or standard corporate naming pattern; long/unusual only due to language/country naming convention
third construction co ltd of china construction eighth engineering division,keep,high,plausible real company name with legal-entity suffix or standard corporate naming pattern; long/unusual only due to language/country naming convention
thu dau mot water jsc,keep,high,plausible real company name with legal-entity suffix or standard corporate naming pattern; long/unusual only due to language/country naming convention
thu duc electro mechanical jsc,keep,high,plausible real company name with legal-entity suffix or standard corporate naming pattern; long/unusual only due to language/country naming convention
thu duc trading and import export jsc,keep,high,plausible real company name with legal-entity suffix or standard corporate naming pattern; long/unusual only due to language/country naming convention
tianjin 712 communication & broadcasting,keep,high,plausible real company name with legal-entity suffix or standard corporate naming pattern; long/unusual only due to language/country naming convention
tianjin b&m science & technology joint-stock,keep,high,plausible real company name with legal-entity suffix or standard corporate naming pattern; long/unusual only due to language/country naming convention
tianjin futong information science & technology,keep,high,plausible real company name with legal-entity suffix or standard corporate naming pattern; long/unusual only due to language/country naming convention
tianjin guoan mengguli new materials science & technology,keep,high,plausible real company name with legal-entity suffix or standard corporate naming pattern; long/unusual only due to language/country naming convention
tien len steel corp jsc,keep,high,plausible real company name with legal-entity suffix or standard corporate naming pattern; long/unusual only due to language/country naming convention
tifico fiber indonesia tbk pt,keep,high,plausible real company name with legal-entity suffix or standard corporate naming pattern; long/unusual only due to language/country naming convention
tinplate co of india ltd/the,keep,high,plausible real company name with legal-entity suffix or standard corporate naming pattern; long/unusual only due to language/country naming convention
tns energo nizhny novgorod pjsc,keep,high,plausible real company name with legal-entity suffix or standard corporate naming pattern; long/unusual only due to language/country naming convention
tofas turk otomobil fabrikasi as,keep,high,plausible real company name with legal-entity suffix or standard corporate naming pattern; long/unusual only due to language/country naming convention
top energy co ltd shanxi,keep,high,plausible real company name with legal-entity suffix or standard corporate naming pattern; long/unusual only due to language/country naming convention
toyota peugeot citroen automobile czech sro,keep,high,plausible real company name with legal-entity suffix or standard corporate naming pattern; long/unusual only due to language/country naming convention
tradeco infraestructura sa de cv,keep,high,plausible real company name with legal-entity suffix or standard corporate naming pattern; long/unusual only due to language/country naming convention
truper herramientas sa de cv,keep,high,plausible real company name with legal-entity suffix or standard corporate naming pattern; long/unusual only due to language/country naming convention
trw sun steering wheels pvt,keep,high,plausible real company name with legal-entity suffix or standard corporate naming pattern; long/unusual only due to language/country naming convention
umm al houl power qpsc,keep,high,plausible real company name with legal-entity suffix or standard corporate naming pattern; long/unusual only due to language/country naming convention
unggul indah cahaya tbk pt,keep,high,plausible real company name with legal-entity suffix or standard corporate naming pattern; long/unusual only due to language/country naming convention
union chemicals lanka,keep,high,plausible real company name with legal-entity suffix or standard corporate naming pattern; long/unusual only due to language/country naming convention
union community,remove,high,matches confirmed noise example exactly (already flagged as extraction noise)
union fenosa gas,keep,high,plausible real company name with legal-entity suffix or standard corporate naming pattern; long/unusual only due to language/country naming convention
union tool,keep,high,plausible real company name with legal-entity suffix or standard corporate naming pattern; long/unusual only due to language/country naming convention
united co rusal international pjsc,keep,high,plausible real company name with legal-entity suffix or standard corporate naming pattern; long/unusual only due to language/country naming convention
united renewable energy co ltd/taiwan,keep,high,plausible real company name with legal-entity suffix or standard corporate naming pattern; long/unusual only due to language/country naming convention
usinas siderurgicas de minas gerais sa usiminas,keep,high,plausible real company name with legal-entity suffix or standard corporate naming pattern; long/unusual only due to language/country naming convention
vacom vakuum komponenten & messtechnik,keep,high,plausible real company name with legal-entity suffix or standard corporate naming pattern; long/unusual only due to language/country naming convention
valloured solucoes tubulares do brasil,keep,high,plausible real company name with legal-entity suffix or standard corporate naming pattern; long/unusual only due to language/country naming convention
vancouver airport authority,keep,high,plausible real company name with legal-entity suffix or standard corporate naming pattern; long/unusual only due to language/country naming convention
viet steel trading & manufacturing,keep,high,plausible real company name with legal-entity suffix or standard corporate naming pattern; long/unusual only due to language/country naming convention
vietnam engine & agricultural machinery,keep,high,plausible real company name with legal-entity suffix or standard corporate naming pattern; long/unusual only due to language/country naming convention
vietnam germany steel pipe jsc,keep,high,plausible real company name with legal-entity suffix or standard corporate naming pattern; long/unusual only due to language/country naming convention
vinacomin - halam coal jsc,keep,high,plausible real company name with legal-entity suffix or standard corporate naming pattern; long/unusual only due to language/country naming convention
vinacomin coal import & export jsc,keep,high,plausible real company name with legal-entity suffix or standard corporate naming pattern; long/unusual only due to language/country naming convention
virtue dragon nickel industry pt,keep,high,plausible real company name with legal-entity suffix or standard corporate naming pattern; long/unusual only due to language/country naming convention
vung ang 2 thermal power jsc,keep,high,plausible real company name with legal-entity suffix or standard corporate naming pattern; long/unusual only due to language/country naming convention
w&g beteiligungs-gmbh & co kg,keep,high,plausible real company name with legal-entity suffix or standard corporate naming pattern; long/unusual only due to language/country naming convention
wanhua chemical group co ut!,keep,high,plausible real company name with legal-entity suffix or standard corporate naming pattern; long/unusual only due to language/country naming convention
waskita beton precast tbk pt,keep,high,plausible real company name with legal-entity suffix or standard corporate naming pattern; long/unusual only due to language/country naming convention
waskita karya persero tbk pt,keep,high,plausible real company name with legal-entity suffix or standard corporate naming pattern; long/unusual only due to language/country naming convention
wijaya karya bangunan gedung tbk pt,keep,high,plausible real company name with legal-entity suffix or standard corporate naming pattern; long/unusual only due to language/country naming convention
wijaya karya beton tbk pt,keep,high,plausible real company name with legal-entity suffix or standard corporate naming pattern; long/unusual only due to language/country naming convention
wijaya karya persero tbk pt,keep,high,plausible real company name with legal-entity suffix or standard corporate naming pattern; long/unusual only due to language/country naming convention
wuhan pingmei wugang joint coking,keep,high,plausible real company name with legal-entity suffix or standard corporate naming pattern; long/unusual only due to language/country naming convention
wuhu qinhui automobile fittings manufacturing,keep,high,plausible real company name with legal-entity suffix or standard corporate naming pattern; long/unusual only due to language/country naming convention
xinjiang beiken energy engineering stock,keep,high,plausible real company name with legal-entity suffix or standard corporate naming pattern; long/unusual only due to language/country naming convention
xtc new energy materials xiamen,keep,high,plausible real company name with legal-entity suffix or standard corporate naming pattern; long/unusual only due to language/country naming convention
yancheng lianxin iron & steel,keep,high,plausible real company name with legal-entity suffix or standard corporate naming pattern; long/unusual only due to language/country naming convention
yangtze optical fibre & cable joint stock,keep,high,plausible real company name with legal-entity suffix or standard corporate naming pattern; long/unusual only due to language/country naming convention
young hwa construction & engineering,keep,high,plausible real company name with legal-entity suffix or standard corporate naming pattern; long/unusual only due to language/country naming convention
yung chi paint & varnish manufacturing,keep,high,plausible real company name with legal-entity suffix or standard corporate naming pattern; long/unusual only due to language/country naming convention
yunnan dianzhong industrial development group co l,keep,high,plausible real company name with legal-entity suffix or standard corporate naming pattern; long/unusual only due to language/country naming convention
yunnan luoping zinc & electricity,keep,high,plausible real company name with legal-entity suffix or standard corporate naming pattern; long/unusual only due to language/country naming convention
zf sachs suspension mexico sa de cv,keep,high,plausible real company name with legal-entity suffix or standard corporate naming pattern; long/unusual only due to language/country naming convention
zhangjiagang dongbu high technology metal,keep,high,plausible real company name with legal-entity suffix or standard corporate naming pattern; long/unusual only due to language/country naming convention
zhangjiakou xuanlong high speed wire,keep,high,plausible real company name with legal-entity suffix or standard corporate naming pattern; long/unusual only due to language/country naming convention
zhejiang asia-pacific mechanical & electronic,keep,high,plausible real company name with legal-entity suffix or standard corporate naming pattern; long/unusual only due to language/country naming convention
zhejiang dewei hard alloy manufacturing,keep,high,plausible real company name with legal-entity suffix or standard corporate naming pattern; long/unusual only due to language/country naming convention
zhejiang feida environmental science & technology,keep,high,plausible real company name with legal-entity suffix or standard corporate naming pattern; long/unusual only due to language/country naming convention
zhejiang geely automobile parts purchasing,keep,high,plausible real company name with legal-entity suffix or standard corporate naming pattern; long/unusual only due to language/country naming convention
zhejiang jiahua energy chemical industry,keep,high,plausible real company name with legal-entity suffix or standard corporate naming pattern; long/unusual only due to language/country naming convention
zhejiang jingsheng mechanical & electrical,keep,high,plausible real company name with legal-entity suffix or standard corporate naming pattern; long/unusual only due to language/country naming convention
zhejiang kingland pipeline & technologies,keep,high,plausible real company name with legal-entity suffix or standard corporate naming pattern; long/unusual only due to language/country naming convention
zhejiang vie science & technology,keep,high,plausible real company name with legal-entity suffix or standard corporate naming pattern; long/unusual only due to language/country naming convention
zhejiang zhaofeng mechanical & electronic,keep,high,plausible real company name with legal-entity suffix or standard corporate naming pattern; long/unusual only due to language/country naming convention
zhongping energy chemical group machinery manufacturing,keep,high,plausible real company name with legal-entity suffix or standard corporate naming pattern; long/unusual only due to language/country naming convention
zhuhai shenneng hongwan electric power,keep,high,plausible real company name with legal-entity suffix or standard corporate naming pattern; long/unusual only due to language/country naming convention
zhuoshen non-ferrous metals plant & equipment,keep,high,plausible real company name with legal-entity suffix or standard corporate naming pattern; long/unusual only due to language/country naming convention
zoomlion heavy industry science and technology,keep,high,plausible real company name with legal-entity suffix or standard corporate naming pattern; long/unusual only due to language/country naming convention
