node,industry,country,in_degree,out_degree,flag_reason,decision
10-0 cirebon electric power pt,Electric Utilities,Indonesia,1,0,low degree,
1komma5,Electric Utilities,Germany,1,0,low degree,
5n plus,Metals & Mining,Canada,1,0,low degree,
a o smith,Electrical Equipment,USA,1,0,low degree,
a-mark precious metals,Metals & Mining,USA,1,0,low degree,
a123 systems,Renewable Energy,USA,1,0,low degree,
aa energi as,Electric Utilities,Norway,1,0,low degree,
aac technologies,Technology Hardware,Cayman Islands,0,1,low degree,
aalberts,Machinery,Netherlands,1,0,low degree,
aarti industries,Chemicals,India,1,0,low degree,
abastecedora de fierro y acero sa de cv,Steel,Spain,1,0,low degree,
abinsa sa de cv,Steel,Spain,1,0,low degree,
abonmax,Technology Hardware,Taiwan,1,0,low degree,
abp jersey,Transportation & Logistics,UK,1,0,low degree,
abrasilver resource,Metals & Mining,Canada,1,0,low degree,
acarer metal sanayi ve ticaret as,Steel,Turkey,1,0,low degree,
acc,Construction Materials,India,1,0,low degree,
accuride,Transportation Equipment,USA,1,0,low degree,
accuride international,Industrial Intermediate Prod,USA,1,0,low degree,
acer,Technology Hardware,Taiwan,1,0,low degree,
aceros alcalde sa de cv,Steel,Spain,1,0,low degree,
aceros consolidada sa de cv,Steel,Spain,1,0,low degree,
aceros del toro sa de cv,Steel,Spain,1,0,low degree,
aceros en barras al carbono sa de cv,Steel,Spain,1,0,low degree,
aceros murillo sa de cv,Steel,Spain,1,0,low degree,
aceros ocotlan,Steel,Mexico,1,0,low degree,
aci,Automotive,Bangladesh,1,0,low degree,
acids,Chemicals,Japan,1,0,low degree,
acm research shanghai,Semiconductors,China,1,0,low degree,
acme electronics,Electrical Equipment,Taiwan,1,0,low degree,
acme metals & steel supply,Steel,USA,1,0,low degree,
acs actividades de construccion y servicios,Engineering & Construction,Spain,1,0,low degree,
action stainless & alloys,Steel,USA,1,0,low degree,
acts trading,Steel,Japan,1,0,low degree,
acwa power,Electric Utilities,Saudi Arabia,1,0,low degree,
adani power,Electric Utilities,India,1,0,low degree,
adaro minerals indonesia tbk pt,Metals & Mining,Indonesia,1,0,low degree,
adda,Electrical Equipment,Taiwan,1,0,low degree,
adelphia metals,Steel,USA,1,0,low degree,
adf,Industrial Intermediate Prod,Canada,1,0,low degree,
aditya vision,Technology Hardware,India,1,0,low degree,
adnoc global trading,Oil & Gas Producers,UAE,1,0,low degree,
advance materials,Technology Hardware,Taiwan,1,0,low degree,
advanced ceramic x,Technology Hardware,Taiwan,1,0,low degree,
advanced digital chips,Semiconductors,South Korea,1,0,low degree,
advanced electronics,Electrical Equipment,Saudi Arabia,1,0,low degree,
advanced green components,Industrial Intermediate Prod,USA,1,0,low degree,
advanced optoelectronic technology,Semiconductors,Taiwan,1,0,low degree,
advanex,Industrial Intermediate Prod,Japan,1,0,low degree,
advansix,Chemicals,USA,1,0,low degree,
advantest,Semiconductors,Japan,1,0,low degree,
aecc aero-engine control,Aerospace & Defense,China,1,0,low degree,
aela generacion,Oil & Gas Producers,Chile,1,0,low degree,
aeolus tyre,Automotive,China,1,0,low degree,
aerion,Aerospace & Defense,USA,1,0,low degree,
aeris resources,Metals & Mining,Australia,1,0,low degree,
aeroflot pjsc,Transportation & Logistics,UK,1,0,low degree,
aerojet rocketdyne,Aerospace & Defense,USA,1,0,low degree,
aeroport krasnoyarsk oao,Renewable Energy,Russia,1,0,low degree,
af gruppen asa,Engineering & Construction,Norway,1,0,low degree,
ag ajikawa,Steel,Japan,1,0,low degree,
agilent technologies,Medical Equipment & Devices,USA,1,0,low degree,
agnico eagle mines,Metals & Mining,Canada,1,0,low degree,
agro-kanesho,Chemicals,Japan,1,0,low degree,
ahmedabad international airport,Transportation & Logistics,India,1,0,low degree,
aichi tokei denki,Electrical Equipment,Japan,1,0,low degree,
aida engineering,Machinery,Japan,1,0,low degree,
aikoku alpha,Automotive,Japan,1,0,low degree,
air canada,Transportation & Logistics,Canada,1,0,low degree,
air europa lineas aereas,Transportation & Logistics,Spain,1,0,low degree,
air force research laboratory,Aerospace & Defense,USA,1,0,low degree,
air new zealand,Transportation & Logistics,New Zealand,1,0,low degree,
air transport services,Transportation & Logistics,USA,1,0,low degree,
air wisconsin airlines,Transportation & Logistics,USA,1,0,low degree,
airbus sas,Aerospace & Defense,France,1,0,low degree,
airgain,Technology Hardware,USA,1,0,low degree,
airport steel & tubing,Steel,USA,1,0,low degree,
ajax tool works,Machinery,USA,1,0,low degree,
ajay europe sarl,Chemicals,France,1,0,low degree,
ajay north america,Chemicals,USA,1,0,low degree,
aju steel,Steel,South Korea,1,0,low degree,
akcansa cimento as,Construction Materials,Turkey,1,0,low degree,
aker carbon capture asa,Renewable Energy,Norway,1,0,low degree,
akimoku seiko kk,Metals & Mining,Japan,1,0,low degree,
akuo energy sas,Renewable Energy,France,1,0,low degree,
alamo,Machinery,USA,1,0,low degree,
alaska air,Transportation & Logistics,USA,1,0,low degree,
albany international,Machinery,USA,1,0,low degree,
alcar holding,Steel,Austria,1,0,low degree,
alderon iron ore,Metals & Mining,Canada,1,0,low degree,
aldrees petroleum and transport services,Oil & Gas Producers,Saudi Arabia,1,0,low degree,
alfa laval ab,Diversified Industrials,Sweden,1,0,low degree,
alformer industrial,Chemicals,Taiwan,1,0,low degree,
alia the royal jordanian airlines,Transportation & Logistics,Jordan,1,0,low degree,
allchem industries holding,Chemicals,USA,1,0,low degree,
allegiance coal,Metals & Mining,Australia,1,0,low degree,
allegiant travel,Transportation & Logistics,USA,1,0,low degree,
alliance steel,Industrial Intermediate Prod,USA,1,0,low degree,
allient,Electrical Equipment,USA,1,0,low degree,
allison transmission,Transportation Equipment,USA,1,0,low degree,
allseas norway as,Oil & Gas Services & Equip,Norway,1,0,low degree,
alpha,Automotive,Japan,1,0,low degree,
alpiq holding,Electric Utilities,Switzerland,1,0,low degree,
alps wire rope,Steel,USA,1,0,low degree,
alro,Metals & Mining,Romania,1,0,low degree,
alsons consolidated resources,Electric Utilities,Philippines,1,0,low degree,
altaivagon ojsc,Transportation Equipment,Russia,1,0,low degree,
altra industrial motion,Machinery,USA,1,0,low degree,
altur,Automotive,Romania,1,0,low degree,
aluan aluminio argentino saic,Metals & Mining,Argentina,1,0,low degree,
alufluoride,Chemicals,India,1,0,low degree,
am castle,Steel,USA,1,0,low degree,
amandelbult,Mine,South Africa,0,1,low degree,
amatei,Industrial Intermediate Prod,Japan,1,0,low degree,
ambatovy minerals,Metals & Mining,Madagascar,1,0,low degree,
ambuja cements,Construction Materials,India,1,0,low degree,
amecc mechanical construction jsc,Engineering & Construction,Myanmar,1,0,low degree,
ameren,Electric Utilities,USA,1,0,low degree,
america movil sab de cv,Telecommunications,Mexico,1,0,low degree,
american airlines,Transportation & Logistics,USA,1,0,low degree,
american commercial lines,Transportation & Logistics,USA,1,0,low degree,
american metals,Steel,USA,1,0,low degree,
american steel,Industrial Intermediate Prod,USA,1,0,low degree,
americas gold & silver,Metals & Mining,Canada,1,0,low degree,
ametek,Electrical Equipment,USA,1,0,low degree,
amman mineral internasional pt,Metals & Mining,Indonesia,1,0,low degree,
ammo,Aerospace & Defense,USA,1,0,low degree,
andhra sugars ltd/the,Chemicals,India,1,0,low degree,
andritz,Machinery,Austria,1,0,low degree,
aneka jaringan holdings bhd,Engineering & Construction,Malaysia,1,0,low degree,
angang construction consortium,Engineering & Construction,Hong Kong,1,0,low degree,
angang group hong kong,Steel,Hong Kong,1,0,low degree,
angkasa pura ii pt persero,Transportation & Logistics,Indonesia,1,0,low degree,
anglian water services,Gas & Water Utilities,UK,1,0,low degree,
anglogold ashanti,Metals & Mining,UK,1,0,low degree,
anhui anfu battery technology,Automotive,China,1,0,low degree,
anhui ankai automobile,Transportation Equipment,China,1,0,low degree,
anhui guangxin agrochemical,Chemicals,China,1,0,low degree,
anhui heli,Machinery,China,1,0,low degree,
anhui honglu steel construction,Engineering & Construction,China,1,0,low degree,
anhui jiangnan chemical industry,Chemicals,China,1,0,low degree,
anhui kelihua chemical & industry,Chemicals,China,1,0,low degree,
anhui province energy,Electric Utilities,China,1,0,low degree,
anhui shenjian new materials,Chemicals,China,1,0,low degree,
anhui tongfeng electronics,Semiconductors,China,1,0,low degree,
anhui xinke new materials,Metals & Mining,China,1,0,low degree,
anhui zhongding sealing parts,Industrial Intermediate Prod,China,1,0,low degree,
animum guangpoin agrochemical,Chemicals,China,1,0,low degree,
anji technology,Renewable Energy,Taiwan,1,0,low degree,
ansteel engineering technology,Engineering & Construction,China,1,0,low degree,
ansteel group mining,Metals & Mining,China,1,0,low degree,
aomi construction,Engineering & Construction,Japan,1,0,low degree,
aoyama special steel,Steel,Japan,1,0,low degree,
ap emissions technologies,Automotive,USA,1,0,low degree,
apac opto electronics,Technology Hardware,Taiwan,1,0,low degree,
apam,Automotive,South Korea,1,0,low degree,
apatityenergo oao,Renewable Energy,Russia,1,0,low degree,
api technologies,Aerospace & Defense,USA,1,0,low degree,
apogee enterprises,Construction Materials,USA,1,0,low degree,
aqua-terra oilfield equipment & services pte,Machinery,Singapore,1,0,low degree,
aramco trading,Transportation & Logistics,Saudi Arabia,1,0,low degree,
aravali power co pvt,Electric Utilities,India,1,0,low degree,
arcadia biosciences,Chemicals,USA,1,0,low degree,
arcelormittal kryvyi rih pjsc,Steel,Ukraine,1,0,low degree,
arcelormittal south africa,Steel,South Africa,1,0,low degree,
arconic,Metals & Mining,USA,1,0,low degree,
arcosa,Engineering & Construction,USA,1,0,low degree,
areva,Electrical Equipment,Brazil,1,0,low degree,
arise ab,Electric Utilities,Sweden,1,0,low degree,
arkema hydrogen peroxide,Chemicals,China,1,0,low degree,
arkha jayanti persada tbk,Steel,Indonesia,1,0,low degree,
arlo technologies,Technology Hardware,USA,1,0,low degree,
arrival,Transportation Equipment,Luxembourg,1,0,low degree,
asahi diamond industrial,Machinery,Japan,1,0,low degree,
asahi kasei mitsubishi chemical ethylene,Chemicals,Japan,1,0,low degree,
asahi-seiki manufacturing,Industrial Intermediate Prod,Japan,1,0,low degree,
asahipen,Chemicals,Japan,1,0,low degree,
ascom holding,Technology Hardware,Switzerland,1,0,low degree,
asia plastic recycling holding,Chemicals,China,1,0,low degree,
asia world engineering & construction,Engineering & Construction,China,1,0,low degree,
asj,Telecommunications,Japan,1,0,low degree,
asl airlines france,Transportation & Logistics,France,1,0,low degree,
asl aviation holdings dac,Transportation & Logistics,Ireland,1,0,low degree,
asm international,Semiconductors,Netherlands,1,0,low degree,
assam gas,Oil & Gas Services & Equip,India,1,0,low degree,
associated industries china,Technology Hardware,Taiwan,1,0,low degree,
astec industries,Machinery,USA,1,0,low degree,
asti,Automotive,Japan,1,0,low degree,
astino bhd,Industrial Intermediate Prod,Malaysia,1,0,low degree,
astra/cfx,Transportation & Logistics,USA,1,0,low degree,
astronics,Aerospace & Defense,USA,1,0,low degree,
ateliers mecaniques d indonesie tbk pt,Electrical Equipment,Indonesia,1,0,low degree,
athabasca minerals,Metals & Mining,Canada,1,0,low degree,
atlanta airlines terminal,Transportation & Logistics,USA,1,0,low degree,
atlas air,Transportation & Logistics,USA,1,0,low degree,
atlas air worldwide,Transportation & Logistics,USA,1,0,low degree,
atlas consolidated mining & development,Metals & Mining,Philippines,1,0,low degree,
atlas copco ab,Machinery,Sweden,1,0,low degree,
atlas honda,Automotive,Pakistan,1,0,low degree,
atlas resources tbk pt,Metals & Mining,Indonesia,1,0,low degree,
atmos energy,Gas & Water Utilities,USA,1,0,low degree,
atomic energy of canada,Electric Utilities,USA,1,0,low degree,
atrack technology,Technology Hardware,Taiwan,1,0,low degree,
atsumitec,Automotive,Japan,1,0,low degree,
auckland international airport,Transportation & Logistics,New Zealand,1,0,low degree,
auk,Semiconductors,South Korea,1,0,low degree,
aurelia metals,Metals & Mining,Australia,1,0,low degree,
aurona industries,Technology Hardware,Taiwan,1,0,low degree,
austin engineering,Machinery,Australia,1,0,low degree,
austral gold,Metals & Mining,Australia,1,0,low degree,
austral resources,Metals & Mining,Australia,1,0,low degree,
australia pacific airports,Transportation & Logistics,Australia,1,0,low degree,
australian mines,Metals & Mining,Australia,1,0,low degree,
australian postal,Transportation & Logistics,Australia,1,0,low degree,
auto,Automotive,USA,1,0,low degree,
autoridad portuaria de barcelona,Transportation & Logistics,Spain,1,0,low degree,
auxim de mexico s de rl de cv,Automotive,Mexico,1,0,low degree,
avantor,Medical Equipment & Devices,USA,1,0,low degree,
avantus clean energy,Renewable Energy,USA,1,0,low degree,
avertronics,Electrical Equipment,Taiwan,1,0,low degree,
avery dennison,Chemicals,USA,1,0,low degree,
avic heavy machinery,Industrial Intermediate Prod,China,1,0,low degree,
avic xi'an aircraft industry,Aerospace & Defense,China,1,0,low degree,
avidian gold,Metals & Mining,Canada,1,0,low degree,
avinor as,Transportation & Logistics,Norway,1,0,low degree,
avio,Aerospace & Defense,Italy,1,0,low degree,
avions de transport regional gie,Aerospace & Defense,France,1,0,low degree,
avision,Technology Hardware,Taiwan,1,0,low degree,
avl schrick,Machinery,Germany,1,0,low degree,
axiom ltd/uae,Technology Hardware,UAE,1,0,low degree,
axiom space,Aerospace & Defense,USA,1,0,low degree,
az-com maruwa,Transportation & Logistics,Japan,1,0,low degree,
azimut benetti,Transportation Equipment,Italy,1,0,low degree,
azul,Transportation & Logistics,Brazil,1,0,low degree,
azule energy,Oil & Gas Producers,UK,1,0,low degree,
azure power global,Electric Utilities,Mauritius,1,0,low degree,
azz,Industrial Intermediate Prod,USA,1,0,low degree,
b grimm power pcl,Electric Utilities,Thailand,1,0,low degree,
badger meter,Electrical Equipment,USA,1,0,low degree,
bafokeng rasimone,Mine,South Africa,0,1,low degree,
baishan huasheng thermal power,Electric Utilities,China,1,0,low degree,
bajaj auto,Automotive,India,1,0,low degree,
baker hughes do brasil ltda,Machinery,Brazil,1,0,low degree,
bakrie telecom tbk pt,Telecommunications,Indonesia,1,0,low degree,
balaji amines,Chemicals,India,1,0,low degree,
balfour beatty,Engineering & Construction,UK,1,0,low degree,
bamboo capital group jsc,Engineering & Construction,Vietnam,1,0,low degree,
bamesa aceros sl,Steel,Spain,1,0,low degree,
bando chemical industries,Industrial Intermediate Prod,Japan,1,0,low degree,
bangalore metro rail,Transportation & Logistics,India,1,0,low degree,
bangchak sriracha pcl,Oil & Gas Producers,Thailand,1,0,low degree,
bangkok aviation fuel services pcl,Transportation & Logistics,Thailand,1,0,low degree,
bangun karya pratama lestari pt,Metals & Mining,Indonesia,1,0,low degree,
baogang baiyun iron mine large earth & stone work,Engineering & Construction,China,1,0,low degree,
baoji titanium industry,Steel,Steel,1,0,low degree,
baosteel desheng stainless steel,Steel,China,1,0,low degree,
baosteel group metallurgy comprehensive utilization,Metals & Mining,China,1,0,low degree,
baosteel group xinjiang bayi iron & steel,Steel,China,1,0,low degree,
baosteel metal,Steel,China,1,0,low degree,
baosteel resources international,Steel,Hong Kong,1,0,low degree,
baota industry,Industrial Intermediate Prod,China,1,0,low degree,
baotou steel international economic & trading,Steel,China,1,0,low degree,
baowu group echeng iron & steel,Steel,China,1,0,low degree,
baowu group zhongnan iron & steel,Steel,China,1,0,low degree,
baowu resources,Metals & Mining,China,1,0,low degree,
barakah one,Electric Utilities,UAE,1,0,low degree,
barata indonesia pt,Engineering & Construction,Indonesia,1,0,low degree,
barnes,Aerospace & Defense,USA,1,0,low degree,
bashkirskaya sodovaya kompaniya jsc,Chemicals,Russia,1,0,low degree,
basler verkehrs-betriebe bvb,Transportation & Logistics,Switzerland,1,0,low degree,
batu kawan bhd,Chemicals,Malaysia,1,0,low degree,
baxter,Chemicals,USA,1,0,low degree,
bayport polymers,Chemicals,USA,1,0,low degree,
bb energy,Oil & Gas Producers,Curacao,1,0,low degree,
bce,Telecommunications,Canada,1,0,low degree,
be max trading,Industrial Intermediate Prod,South Korea,1,0,low degree,
beida xianxing tai'an technology industry,Chemicals,China,1,0,low degree,
beijing automobile works,Automotive,Hong Kong,1,0,low degree,
beijing beiye functional materials,Chemicals,China,1,0,low degree,
beijing creative distribution automation,Electrical Equipment,China,1,0,low degree,
beijing electronics holding,Technology Hardware,China,1,0,low degree,
beijing enterprises water,Gas & Water Utilities,Bermuda,1,0,low degree,
beijing haohua energy resource,Metals & Mining,China,1,0,low degree,
beijing jianlong heavy industry,Metals & Mining,China,1,0,low degree,
beijing jingyuntong technology,Renewable Energy,China,1,0,low degree,
beijing shougang alliance of xingang science & trade,Steel,China,1,0,low degree,
beijing shougang construction,Engineering & Construction,China,1,0,low degree,
beijing shougang gitane new materials,Steel,China,1,0,low degree,
beijing shougang international engineering technolog,Engineering & Construction,China,1,0,low degree,
beijing shougang lujiashan limestone mine,Construction Materials,China,1,0,low degree,
beijing shougang oxygen factory,Chemicals,China,1,0,low degree,
beijing shougang refractory & metallurgical burden,Construction Materials,China,1,0,low degree,
beijing strong biotechnologies,Medical Equipment & Devices,China,1,0,low degree,
beijing water business doctor,Gas & Water Utilities,China,1,0,low degree,
beijing-shanghai high speed railway,Transportation & Logistics,China,1,0,low degree,
bejo zaden,Chemicals,Netherlands,1,0,low degree,
bekaert,Industrial Intermediate Prod,Belgium,1,0,low degree,
bel fuse,Electrical Equipment,USA,1,0,low degree,
belchim crop protection,Chemicals,Netherlands,1,0,low degree,
belden,Electrical Equipment,USA,1,0,low degree,
belebeyevskiy zavod avtonormal ao,Automotive,Russia,1,0,low degree,
bell telephone co of canada or bell canada/the,Telecommunications,Canada,1,0,low degree,
belorusskaya gorno metallurgicheskaya kompaniya oao,Steel,Belarus,1,0,low degree,
benxi iron & steel,Steel,China,1,0,low degree,
benxi steel,Steel,China,1,0,low degree,
benxi steel group heat development,Electric Utilities,China,1,0,low degree,
berger paints nigeria,Chemicals,Nigeria,1,0,low degree,
berger paints pakistan,Chemicals,Pakistan,1,0,low degree,
bertrandt,Automotive,Germany,1,0,low degree,
besalco,Engineering & Construction,Chile,1,0,low degree,
best motor housing core,Machinery,South Korea,1,0,low degree,
bestsun energy,Gas & Water Utilities,China,1,0,low degree,
bestway marine & energy technology,Transportation Equipment,China,1,0,low degree,
bgn international dmcc,Chemicals,UAE,1,0,low degree,
bgrimm technology,Chemicals,China,1,0,low degree,
bharat heavy electricals,Electrical Equipment,India,1,0,low degree,
bharat mumbai container terminals pvt,Transportation & Logistics,India,1,0,low degree,
bhp billiton mitsubishi alliance,Metals & Mining,Australia,1,0,low degree,
big sun energy technology,Renewable Energy,Taiwan,1,0,low degree,
billion electric,Technology Hardware,Taiwan,1,0,low degree,
bingshan refrigeration & heat transfer technologies,Electrical Equipment,China,1,0,low degree,
binh minh plastics jsc,Construction Materials,Vietnam,1,0,low degree,
binhai investment,Gas & Water Utilities,Bermuda,1,0,low degree,
bisichi,Metals & Mining,UK,1,0,low degree,
bk technologies,Technology Hardware,USA,1,0,low degree,
bloom energy,Electrical Equipment,USA,1,0,low degree,
blue energy,Oil & Gas Producers,Australia,1,0,low degree,
blue origin,Aerospace & Defense,USA,1,0,low degree,
bobco metals,Industrial Intermediate Prod,USA,1,0,low degree,
boc-spc gases,Chemicals,China,1,0,low degree,
bodycote,Industrial Intermediate Prod,UK,1,0,low degree,
boguchanskiy alyuminiyevyy zavod zao,Metals & Mining,Russia,1,0,low degree,
bohai ferry,Transportation & Logistics,China,1,0,low degree,
bokoni,Mine,South Africa,0,1,low degree,
boma bisma indra pt,Engineering & Construction,Indonesia,1,0,low degree,
bomin electronics,Technology Hardware,China,0,1,low degree,
bonny gas transport,Transportation & Logistics,Bermuda,1,0,low degree,
bonny worldwide,Chemicals,Cayman Islands,1,0,low degree,
bookook steel,Steel,South Korea,1,0,low degree,
boralex,Electric Utilities,Canada,1,0,low degree,
borcelik celik sanayii ticaret as,Steel,Turkey,1,0,low degree,
borealis brasil,Chemicals,Brazil,1,0,low degree,
borouge,Chemicals,UAE,1,0,low degree,
borouge pte,Industrial Intermediate Prod,Singapore,1,0,low degree,
borregaard asa,Chemicals,Norway,1,0,low degree,
boryeong lng terminal,Gas & Water Utilities,South Korea,1,0,low degree,
bos gmbh & co kg,Automotive,Germany,1,0,low degree,
bosal mexico sa de cv,Automotive,Mexico,1,0,low degree,
botas boru hatlari ile petrol tasima as,Oil & Gas Producers,Turkey,1,0,low degree,
boyd metals of joplin,Steel,USA,1,0,low degree,
bp2 sp zoo,Steel,Poland,1,0,low degree,
bpost,Transportation & Logistics,Belgium,1,0,low degree,
brahmaputra cracker & polymer,Oil & Gas Producers,India,1,0,low degree,
brametal s/a,Steel,Spain,1,0,low degree,
brantas abipraya persero pt,Transportation & Logistics,Indonesia,1,0,low degree,
braskem idesa sapi,Chemicals,Mexico,1,0,low degree,
bridge & roof co india,Engineering & Construction,India,1,0,low degree,
bridgnorth aluminium,Industrial Intermediate Prod,UK,1,0,low degree,
brilliance auto,Automotive,China,1,0,low degree,
british petroleum,Engineering & Construction,UK,1,0,low degree,
broadex technologies,Semiconductors,China,1,0,low degree,
broadwind,Renewable Energy,USA,1,0,low degree,
brookfield infrastructure partners lp,Electric Utilities,Canada,1,0,low degree,
brookfield renewable partners lp,Electric Utilities,Canada,1,0,low degree,
brother industries,Technology Hardware,Japan,1,0,low degree,
brother precision industry,Automotive,Japan,1,0,low degree,
browave,Technology Hardware,Taiwan,1,0,low degree,
brpm styldrift,Mine,South Africa,0,1,low degree,
brt spa/milano,Transportation & Logistics,Italy,1,0,low degree,
bryanskoblgaz oao,Gas & Water Utilities,Russia,1,0,low degree,
bt,Telecommunications,UK,1,0,low degree,
bucher industries,Machinery,Switzerland,1,0,low degree,
buffalo coal,Metals & Mining,Canada,1,0,low degree,
bukhangang military residence,Engineering & Construction,South Korea,1,0,low degree,
bulgarian energy holding ead,Electric Utilities,Bulgaria,1,0,low degree,
bumi resources minerals tbk pt,Metals & Mining,Indonesia,1,0,low degree,
bup billion mitsubishi alliance,Metals & Mining,Japan,1,0,low degree,
burgess-norton manufacturing,Industrial Intermediate Prod,USA,1,0,low degree,
busan industrial,Construction Materials,South Korea,1,0,low degree,
busan sanseong tunnel,Engineering & Construction,South Korea,1,0,low degree,
busan transportation,Transportation & Logistics,Colombia,1,0,low degree,
buzzi,Construction Materials,Italy,1,0,low degree,
bwx technologies,Electrical Equipment,USA,1,0,low degree,
byd motors,Automotive,USA,1,0,low degree,
c d waelzholz gmbh & co kg,Steel,Germany,1,0,low degree,
c d walzholz international,Metals & Mining,Germany,1,0,low degree,
c&d holsin engineering consulting,Engineering & Construction,China,1,0,low degree,
c&u,Industrial Intermediate Prod,South Korea,1,0,low degree,
cadre,Machinery,USA,1,0,low degree,
caica digital,Technology Services,Japan,1,0,low degree,
cairo airport,Transportation & Logistics,Egypt,1,0,low degree,
california cartage,Transportation & Logistics,USA,1,0,low degree,
california resources,Oil & Gas Producers,USA,1,0,low degree,
california steel industries,Steel,USA,1,0,low degree,
calik enerji sanayi ve ticaret as,Engineering & Construction,Turkey,1,0,low degree,
calko steel,Industrial Intermediate Prod,Canada,1,0,low degree,
callinex mines,Metals & Mining,Canada,1,0,low degree,
calstrip industries,Steel,USA,1,0,low degree,
cammsys,Semiconductors,South Korea,1,0,low degree,
canadian national railway,Transportation & Logistics,Canada,1,0,low degree,
canadian utilities,Gas & Water Utilities,Canada,1,0,low degree,
canam,Industrial Intermediate Prod,Canada,1,0,low degree,
canam steel,Steel,Canada,1,0,low degree,
canex metals,Metals & Mining,Canada,1,0,low degree,
cangzhou china railway equipment manufacturing material,Steel,China,1,0,low degree,
canon marketing japan,Technology Hardware,Japan,1,0,low degree,
cao bang cast iron and steel jsc,Metals & Mining,Vietnam,1,0,low degree,
capita,Oil & Gas Producers,Japan,1,0,low degree,
capital a bhd,Transportation & Logistics,Malaysia,1,0,low degree,
carbo ceramics,Oil & Gas Services & Equip,USA,1,0,low degree,
carborundum universal,Construction Materials,India,1,0,low degree,
caribbean utilities,Electric Utilities,Cayman Islands,1,0,low degree,
carl spaeter,Steel,Germany,1,0,low degree,
carlos mainero y cia saicfi,Machinery,Argentina,1,0,low degree,
cars motorcycles and marine engine trade and import,Automotive,Greece,1,0,low degree,
casio computer,Technology Hardware,Japan,1,0,low degree,
cast parts,Steel,USA,1,0,low degree,
cato ridge alloys pty,Chemicals,South Africa,1,0,low degree,
ccr,Transportation & Logistics,Brazil,1,0,low degree,
cct fortis,Technology Hardware,Bermuda,1,0,low degree,
cecep environmental protection,Engineering & Construction,China,1,0,low degree,
cecep solar energy,Electric Utilities,China,1,0,low degree,
cedisa central de aco s/a,Steel,Spain,1,0,low degree,
cefc anhui international holding,Oil & Gas Producers,China,1,0,low degree,
cematrix,Construction Materials,Canada,1,0,low degree,
cenit,Steel,South Korea,1,0,low degree,
centerpoint energy,Electric Utilities,USA,1,0,low degree,
central glass,Construction Materials,Japan,1,0,low degree,
central nippon expressway,Transportation & Logistics,Japan,1,0,low degree,
central power,Electric Utilities,Vietnam,1,0,low degree,
central power systems & services,Automotive,USA,1,0,low degree,
centrenergogaz ao,Engineering & Construction,Russia,1,0,low degree,
centrifugados mexicanos sa de cv,Construction Materials,Spain,1,0,low degree,
centrosolar sonnenstromfabrik,Renewable Energy,Germany,1,0,low degree,
centrotherm international,Semiconductors,Germany,1,0,low degree,
century extrusions,Industrial Intermediate Prod,India,1,0,low degree,
cf roark welding & engineering,Aerospace & Defense,USA,1,0,low degree,
cfm international,Machinery,Brazil,1,0,low degree,
cgg,Oil & Gas Services & Equip,France,1,0,low degree,
cgn daesan power,Electric Utilities,South Korea,1,0,low degree,
cgn nuclear technology development,Chemicals,China,1,0,low degree,
cgn yulchon generation,Electric Utilities,South Korea,1,0,low degree,
chalco henan aluminum fabrication,Metals & Mining,Hong Kong,1,0,low degree,
chalco ruimin,Metals & Mining,China,1,0,low degree,
champion iron,Metals & Mining,Australia,1,0,low degree,
champlain enterprises,Transportation & Logistics,USA,1,0,low degree,
changan ford mazda engine,Machinery,China,1,0,low degree,
changchun faway adient automotive metal component,Automotive,China,1,0,low degree,
changchun gas,Gas & Water Utilities,China,1,0,low degree,
changchun mann hummel fawer filter,Automotive,China,1,0,low degree,
changchun mekra lang faway vehicle mirror,Automotive,China,1,0,low degree,
changchun yidong clutch,Automotive,China,1,0,low degree,
changi airport group singapore pte,Transportation & Logistics,Singapore,1,0,low degree,
changsha communication investment holding,Engineering & Construction,China,1,0,low degree,
changshu 3f fluorochemical industry,Chemicals,China,1,0,low degree,
changzhou huawei mold,Machinery,China,1,0,low degree,
changzhou langbo seal polytron technologies,Industrial Intermediate Prod,China,1,0,low degree,
changzhou mingseal robot technology,Machinery,China,1,0,low degree,
changzhou tiansheng new materials,Chemicals,China,1,0,low degree,
chaoyang shougang beijing machinery,Industrial Intermediate Prod,China,1,0,low degree,
chart industries,Industrial Intermediate Prod,USA,1,0,low degree,
chelyabinsk metallurgical plant pjsc,Steel,Russia,1,0,low degree,
chelyabinsk pipe plant pjsc,Steel,Russia,1,0,low degree,
chemical-metallurgical plant,Metals & Mining,Russia,1,0,low degree,
chemtronics,Chemicals,South Korea,1,0,low degree,
chenbro micom,Technology Hardware,Taiwan,1,0,low degree,
cheng shin rubber industry,Automotive,Taiwan,1,0,low degree,
chengde iron & steel,Steel,China,1,0,low degree,
chengde jianlong special steel,Steel,China,1,0,low degree,
chengde xintong shoucheng mining,Metals & Mining,China,1,0,low degree,
chengdu huachuan electric parts,Automotive,China,1,0,low degree,
chengdu lingchuan automobile fuel tank coltd,Automotive,China,1,0,low degree,
chengdu ningjiang showa autoparts,Automotive,China,1,0,low degree,
chengdu siwi science and technology,Electrical Equipment,China,1,0,low degree,
chengdu wintrue holding,Chemicals,China,1,0,low degree,
chengdu xingrong environment,Gas & Water Utilities,China,1,0,low degree,
chenzhou diamond tungsten products,Metals & Mining,China,1,0,low degree,
cheongsong myeonbongsan wind power,Renewable Energy,South Korea,1,0,low degree,
chervon,Machinery,Hong Kong,1,0,low degree,
chesterfield resources,Metals & Mining,UK,1,0,low degree,
chevran phillips chemicals asia pte lid,Chemicals,Singapore,1,0,low degree,
chevron lubricants lanka,Oil & Gas Producers,Sri Lanka,1,0,low degree,
chevron phillips chemical,Chemicals,USA,1,0,low degree,
chialin precision industrial,Industrial Intermediate Prod,Taiwan,1,0,low degree,
chian hsing forging industrial,Automotive,Taiwan,1,0,low degree,
chicago bridge & iron,Engineering & Construction,Netherlands,1,0,low degree,
chien shing stainless steel,Steel,Taiwan,1,0,low degree,
chien wei precise technology,Semiconductors,Taiwan,1,0,low degree,
chifeng jilong gold mining,Metals & Mining,China,1,0,low degree,
chifeng jilong gold mirring co lizi,Metals & Mining,China,1,0,low degree,
china aerospace times electronics,Aerospace & Defense,China,1,0,low degree,
china coal technology & engineering,Metals & Mining,China,1,0,low degree,
china coal xinji energy,Metals & Mining,China,1,0,low degree,
china communications construction,Engineering & Construction,China,1,0,low degree,
china crystal new material,Chemicals,Cayman Islands,1,0,low degree,
china display optoelectronics technology,Technology Hardware,Bermuda,1,0,low degree,
china eastern airlines,Transportation & Logistics,China,1,0,low degree,
china energy investment corp td,Electric Utilities,China,1,0,low degree,
china engineers associates,Machinery,Taiwan,1,0,low degree,
china euro vehicle technology ab,Automotive,China,1,0,low degree,
china everbright environment,Engineering & Construction,Hong Kong,1,0,low degree,
china first heavy industries,Machinery,China,1,0,low degree,
china gezhouba,Engineering & Construction,China,1,0,low degree,
china international water & electric,Engineering & Construction,China,1,0,low degree,
china jushi,Chemicals,China,1,0,low degree,
china marine information electronics,Aerospace & Defense,China,1,0,low degree,
china merchants energy shipping,Transportation & Logistics,China,1,0,low degree,
china merchants port,Transportation & Logistics,China,1,0,low degree,
china national bluestar,Chemicals,China,1,0,low degree,
china national nuclear,Electric Utilities,China,1,0,low degree,
china non-ferrous metals industry sixth metallurgical construction,Engineering & Construction,China,1,0,low degree,
china north industries,Aerospace & Defense,Hong Kong,1,0,low degree,
china northern rare earth group high-tech,Metals & Mining,China,1,0,low degree,
china nuclear industry 23 construction,Engineering & Construction,China,1,0,low degree,
china ordins,Metals & Mining,China,1,0,low degree,
china pingmei shenma group united salination,Chemicals,China,1,0,low degree,
china power complete equipment,Electrical Equipment,China,1,0,low degree,
china railway shanghai bureau,Transportation & Logistics,China,1,0,low degree,
china reform culture,Chemicals,China,1,0,low degree,
china resources gas,Gas & Water Utilities,China,1,0,low degree,
china resources power,Electric Utilities,China,1,0,low degree,
china sanjiang fine chemicals,Chemicals,China,1,0,low degree,
china shuifa singyes energy,Renewable Energy,China,1,0,low degree,
china southern airlines,Transportation & Logistics,China,1,0,low degree,
china southern power grid energy efficiency & clean energy,Engineering & Construction,China,1,0,low degree,
china state construction international,Engineering & Construction,China,1,0,low degree,
china tianying,Machinery,China,1,0,low degree,
china water affairs,Gas & Water Utilities,Bermuda,1,0,low degree,
china xd electric,Electrical Equipment,China,1,0,low degree,
china youngman automobile,Automotive,China,1,0,low degree,
china yuchai international,Machinery,Bermuda,1,0,low degree,
china zenix auto international,Automotive,"Virgin Islands, British",1,0,low degree,
chinalco shanghai copper,Metals & Mining,China,1,0,low degree,
chinova resources pty,Metals & Mining,Australia,1,0,low degree,
chita kogyo,Industrial Intermediate Prod,Japan,1,0,low degree,
chiyoda air-con parts,Electrical Equipment,Japan,1,0,low degree,
chiyoda ute,Construction Materials,Japan,1,0,low degree,
chiyoda-kogyo,Machinery,Japan,1,0,low degree,
chokwang jotun,Chemicals,South Korea,1,0,low degree,
chongqing chang'an kuayue vehicle,Automotive,China,1,0,low degree,
chongqing chang'an visteon engine control system,Automotive,China,1,0,low degree,
chongqing dajiang tongyang plastics,Industrial Intermediate Prod,China,1,0,low degree,
chongqing dajiang xinda vehicles,Automotive,China,1,0,low degree,
chongqing dajiang yuqiang plastic products,Industrial Intermediate Prod,China,1,0,low degree,
chongqing fenghwa,Automotive,China,1,0,low degree,
chongqing gas,Gas & Water Utilities,China,1,0,low degree,
chongqing jianshe automobile air conditioner,Automotive,China,1,0,low degree,
chongqing qiutian gear,Automotive,China,1,0,low degree,
chongqing saidi industrial furnace,Machinery,China,1,0,low degree,
chongqing shangfang auto parts,Automotive,China,1,0,low degree,
chongqing tiema industries,Machinery,China,1,0,low degree,
chongqing wanli new energy,Automotive,China,1,0,low degree,
chongqing water,Gas & Water Utilities,China,1,0,low degree,
chongqing water conservancy investment,Gas & Water Utilities,China,1,0,low degree,
chongqing zaisheng technology,Chemicals,China,1,0,low degree,
chori,Chemicals,Japan,1,0,low degree,
chorus,Telecommunications,New Zealand,1,0,low degree,
chosun welding pohang,Steel,South Korea,1,0,low degree,
chr hansen holding a/s,Chemicals,Denmark,1,0,low degree,
chudai jitsugyo,Machinery,Japan,1,0,low degree,
chun yu works,Industrial Intermediate Prod,Taiwan,1,0,low degree,
chunghwa telecom,Telecommunications,Taiwan,1,0,low degree,
chungkwang construction,Engineering & Construction,South Korea,1,0,low degree,
chuo malleable iron,Automotive,Japan,1,0,low degree,
cia administradora del mercado mayorista electrico,Electric Utilities,Spain,1,0,low degree,
cia coreano brasileira de pelotizacao-kobrasco,Metals & Mining,Brazil,1,0,low degree,
cia de ferro ligas da bahia ferbasa,Metals & Mining,Brazil,1,0,low degree,
cia de minas buenaventura saa,Metals & Mining,Argentina,1,0,low degree,
cia de minas bueraaventura sm,Metals & Mining,Brazil,1,0,low degree,
cia electrica del litoral,Electric Utilities,Chile,1,0,low degree,
cia industrial el volcan,Construction Materials,Chile,1,0,low degree,
cia mexicana de exploraciones sa de cv,Oil & Gas Services & Equip,Spain,1,0,low degree,
cia minera antamina,Metals & Mining,USA,1,0,low degree,
cie automotive india,Automotive,India,1,0,low degree,
cig shanghai,Technology Hardware,China,1,0,low degree,
cimc enric,Oil & Gas Producers,Cayman Islands,1,0,low degree,
cimc vehicles,Transportation Equipment,China,1,0,low degree,
cinere serpong jaya pt,Transportation & Logistics,Indonesia,1,0,low degree,
cirebon energi prasarana pt,Engineering & Construction,Indonesia,1,0,low degree,
cisdi shanghai engineering technology,Engineering & Construction,China,1,0,low degree,
cisidi engineering,Engineering & Construction,China,1,0,low degree,
citatah tbk pt,Construction Materials,Indonesia,1,0,low degree,
citra marga nusaphala persada tbk pt,Transportation & Logistics,Indonesia,1,0,low degree,
ckd,Machinery,Japan,1,0,low degree,
claas kgaa mbh,Machinery,Germany,1,0,low degree,
clarus technologies,Machinery,USA,1,0,low degree,
clearway energy,Electric Utilities,USA,1,0,low degree,
cln-coils lamiere nastri,Automotive,Italy,1,0,low degree,
cloud snurran ab,Renewable Energy,Sweden,1,0,low degree,
clp,Electric Utilities,Hong Kong,1,0,low degree,
cluster technology,Chemicals,Japan,1,0,low degree,
cmc corp/vietnam,Technology Services,Vietnam,1,0,low degree,
cmc magnetics,Technology Hardware,Taiwan,1,0,low degree,
cmc materials,Semiconductors,USA,1,0,low degree,
cms energy,Electric Utilities,USA,1,0,low degree,
cnc driveline technology,Automotive,China,1,0,low degree,
coal india,Metals & Mining,India,1,0,low degree,
coasia,Technology Hardware,South Korea,1,0,low degree,
coasia cm,Technology Hardware,South Korea,1,0,low degree,
coast aluminum & architectural,Industrial Intermediate Prod,USA,1,0,low degree,
coastal gaslink pipeline lp,Engineering & Construction,Canada,1,0,low degree,
cobalt 27 capital,Metals & Mining,Canada,1,0,low degree,
cobham,Aerospace & Defense,UK,1,0,low degree,
codensa sa esp,Electric Utilities,Colombia,1,0,low degree,
colas,Engineering & Construction,Switzerland,1,0,low degree,
colombiana de extrusion,Industrial Intermediate Prod,Colombia,1,0,low degree,
colt,Telecommunications,UK,1,0,low degree,
columbus mckinnon corp/ny,Machinery,USA,1,0,low degree,
coming,Technology Hardware,USA,1,0,low degree,
commscope holding,Technology Hardware,USA,1,0,low degree,
communication cable systems indonesia tbk,Electrical Equipment,Indonesia,1,0,low degree,
composite metal flooring,Industrial Intermediate Prod,UK,1,0,low degree,
comsovereign holding,Technology Hardware,USA,1,0,low degree,
comsys,Engineering & Construction,Japan,1,0,low degree,
concesionaria vuela cia de aviacion,Transportation & Logistics,USA,1,0,low degree,
conocophillips kuma,Oil & Gas Services & Equip,Bermuda,1,0,low degree,
consolidated edison,Electric Utilities,USA,1,0,low degree,
consolidated minerals pty,Metals & Mining,Australia,1,0,low degree,
consolidated uranium,Metals & Mining,Canada,1,0,low degree,
consorcio shushufindi,Oil & Gas Producers,Ecuador,1,0,low degree,
constellation energy,Electric Utilities,USA,1,0,low degree,
constellium se,Metals & Mining,France,1,0,low degree,
constelluuro se,Metals & Mining,France,1,0,low degree,
consultoria en obra sa de cv,Engineering & Construction,Spain,1,0,low degree,
continental chemical corp pte,Chemicals,Singapore,1,0,low degree,
continental motors,Aerospace & Defense,USA,1,0,low degree,
copartner technology,Technology Hardware,Taiwan,1,0,low degree,
core laboratories,Oil & Gas Services & Equip,USA,1,0,low degree,
corey steel co/the,Steel,USA,1,0,low degree,
corp acciona energias renovables,Renewable Energy,Spain,1,0,low degree,
corp primax colombia,Oil & Gas Producers,Colombia,1,0,low degree,
corsair gaming,Technology Hardware,USA,1,0,low degree,
cosmo industrial,Chemicals,Thailand,1,0,low degree,
cosmosteel,Oil & Gas Producers,Singapore,1,0,low degree,
costain,Engineering & Construction,UK,1,0,low degree,
coterra energy,Oil & Gas Producers,USA,1,0,low degree,
coutinho & ferrostaal gmbh & co kg,Steel,Germany,1,0,low degree,
cpt technology,Technology Hardware,China,1,0,low degree,
cr,Construction Materials,South Korea,1,0,low degree,
crane nxt,Technology Hardware,USA,1,0,low degree,
cri,Automotive,South Korea,1,0,low degree,
cronimet ferroleg,Steel,Germany,1,0,low degree,
cropenergies,Renewable Energy,Germany,1,0,low degree,
cross river rail project,Engineering & Construction,Netherlands,1,0,low degree,
crossamerica partners lp,Oil & Gas Producers,USA,1,0,low degree,
crown lng holding as,Engineering & Construction,Norway,1,0,low degree,
cryomax cooling system,Automotive,Taiwan,1,0,low degree,
crystal clear electronic material,Chemicals,China,1,0,low degree,
cs,Industrial Intermediate Prod,South Korea,1,0,low degree,
csl australia pty,Transportation & Logistics,Australia,1,0,low degree,
csx,Transportation & Logistics,USA,1,0,low degree,
cta international sas,Aerospace & Defense,France,1,0,low degree,
cteep-cia de transmissao de energia eletrica paulista,Electric Utilities,Brazil,1,0,low degree,
cummins india,Machinery,India,1,0,low degree,
curia global,Medical Equipment & Devices,USA,1,0,low degree,
curtis steel,Steel,USA,1,0,low degree,
cvnet,Technology Services,Taiwan,1,0,low degree,
cymat technologies,Metals & Mining,Canada,1,0,low degree,
cynet,Technology Services,USA,1,0,low degree,
cytosorbents,Medical Equipment & Devices,USA,1,0,low degree,
dae dong steel,Steel,South Korea,1,0,low degree,
dae-il,Automotive,South Korea,1,0,low degree,
daeduck,Technology Hardware,South Korea,1,0,low degree,
daeduck electronics co ltd / new,Technology Hardware,South Korea,1,0,low degree,
daegu dyeing industrial center,Electric Utilities,South Korea,1,0,low degree,
daehan steel,Steel,South Korea,1,0,low degree,
daeho al,Metals & Mining,South Korea,1,0,low degree,
daelim,Oil & Gas Producers,South Korea,1,0,low degree,
daemyoung energy,Renewable Energy,South Korea,1,0,low degree,
daesung industrial,Oil & Gas Producers,South Korea,1,0,low degree,
daewon precision industrial,Automotive,South Korea,1,0,low degree,
daewoo electronic components,Technology Hardware,South Korea,1,0,low degree,
daeyoucore,Construction Materials,South Korea,1,0,low degree,
dahana persero pt,Chemicals,Indonesia,1,0,low degree,
daihatsu diesel manufacturing,Machinery,Japan,1,0,low degree,
daiichi kigenso kagaku-kogyo,Chemicals,Japan,1,0,low degree,
daikyonishikawa,Automotive,Japan,1,0,low degree,
daimaruenawin,Gas & Water Utilities,Japan,1,0,low degree,
dainichi color vietnam,Chemicals,Vietnam,1,0,low degree,
dais,Electrical Equipment,USA,1,0,low degree,
daiseki eco solution,Engineering & Construction,Japan,1,0,low degree,
daishinku,Electrical Equipment,Japan,1,0,low degree,
daisho denshi,Technology Hardware,Japan,1,0,low degree,
daiwa industries,Machinery,Japan,1,0,low degree,
daktronics,Technology Hardware,USA,1,0,low degree,
dalia power energies,Engineering & Construction,Israel,1,0,low degree,
dalian metallurgy & bearings,Industrial Intermediate Prod,China,1,0,low degree,
dalian power generation,Electric Utilities,China,1,0,low degree,
damodar valley,Electric Utilities,India,1,0,low degree,
dana brata luhur tbk pt,Metals & Mining,Indonesia,1,0,low degree,
danfoss power solutions,Machinery,USA,1,0,low degree,
danhua chemical technology,Chemicals,China,1,0,low degree,
danske fragtmand a/s,Transportation & Logistics,Denmark,1,0,low degree,
data 4 services sasu,Telecommunications,France,1,0,low degree,
dayco,Automotive,USA,1,0,low degree,
dayou ap,Automotive,South Korea,1,0,low degree,
dayou automotive seat technology,Automotive,South Korea,1,0,low degree,
dayou plus,Automotive,South Korea,1,0,low degree,
dayton forging & heat treating co/the,Industrial Intermediate Prod,USA,1,0,low degree,
dayun automobile,Machinery,China,1,0,low degree,
db bahnbau gruppe,Engineering & Construction,Germany,1,0,low degree,
db netz,Transportation & Logistics,Germany,1,0,low degree,
db regio,Transportation & Logistics,Germany,1,0,low degree,
dci indonesia tbk pt,Telecommunications,Indonesia,1,0,low degree,
dcp midstream lp,Oil & Gas Producers,USA,1,0,low degree,
deepak nitrite,Chemicals,India,1,0,low degree,
defence science and technology laboratory/the,Aerospace & Defense,UK,1,0,low degree,
del paso pipe & steel,Steel,USA,1,0,low degree,
delamine,Chemicals,Netherlands,1,0,low degree,
delcoprima pacific pt,Steel,Indonesia,1,0,low degree,
delong composite energy,Gas & Water Utilities,China,1,0,low degree,
delta air lines,Transportation & Logistics,USA,1,0,low degree,
delta electronics,Technology Hardware,Taiwan,1,0,low degree,
denbury,Oil & Gas Producers,USA,1,0,low degree,
dentsply sirona,Medical Equipment & Devices,USA,1,0,low degree,
deoksong naegak highway,Transportation & Logistics,South Korea,1,0,low degree,
deokyang chemical,Chemicals,South Korea,1,0,low degree,
depo auto parts ind,Automotive,Taiwan,1,0,low degree,
deutsche transalpine oelleitung,Engineering & Construction,Germany,1,0,low degree,
devlet hava meydanlari isletmesi genel mudurlugu,Transportation & Logistics,Turkey,1,0,low degree,
devon energy,Oil & Gas Producers,USA,1,0,low degree,
dexcom,Medical Equipment & Devices,USA,1,0,low degree,
dfds a/s,Transportation & Logistics,Denmark,1,0,low degree,
dhc software,Technology Hardware,China,0,1,low degree,
dhsteel,Steel,South Korea,1,0,low degree,
dht,Transportation & Logistics,Bermuda,1,0,low degree,
di tech,Machinery,South Korea,1,0,low degree,
die manufacturing co ltd of faw/the,Machinery,China,1,0,low degree,
dijet industrial,Machinery,Japan,1,0,low degree,
diploma,Industrial Intermediate Prod,UK,1,0,low degree,
disdel,Chemicals,Spain,1,0,low degree,
dish network,Cable & Satellite,USA,1,0,low degree,
display tech,Technology Hardware,South Korea,1,0,low degree,
diversey,Chemicals,USA,1,0,low degree,
divfex bhd,Technology Services,Malaysia,1,0,low degree,
dk austech,Automotive,South Korea,1,0,low degree,
dk dongshin,Steel,South Korea,1,0,low degree,
dks,Chemicals,Japan,1,0,low degree,
dlg power battery shanghai,Renewable Energy,China,1,0,low degree,
dmc global,Oil & Gas Services & Equip,USA,1,0,low degree,
doe run peru srl,Metals & Mining,Peru,1,0,low degree,
dohwa engineering,Engineering & Construction,South Korea,1,0,low degree,
doktor tarsa tarim sanayi as,Chemicals,Turkey,1,0,low degree,
dolby laboratories,Technology Hardware,USA,0,1,low degree,
dominion energy,Electric Utilities,USA,1,0,low degree,
donaldson,Machinery,USA,1,0,low degree,
dong il steel manufacturing,Industrial Intermediate Prod,South Korea,1,0,low degree,
dong-a steel,Steel,South Korea,1,0,low degree,
dongfeng electronic technology,Automotive,China,1,0,low degree,
dongfeng nissan diesel motor,Transportation Equipment,China,1,0,low degree,
dongfeng peugeot citroen automobile,Automotive,China,1,0,low degree,
dongguan eontec,Metals & Mining,China,1,0,low degree,
dongguan mentech optical & magnetic,Electrical Equipment,China,1,0,low degree,
dongil metal,Machinery,South Korea,1,0,low degree,
dongjin semichem,Semiconductors,South Korea,1,0,low degree,
dongkuk refractories & steel,Chemicals,South Korea,1,0,low degree,
dongseo,Metals & Mining,South Korea,1,0,low degree,
dongyang s tec,Steel,South Korea,1,0,low degree,
dongying shida shenghua new materials,Chemicals,China,1,0,low degree,
dopravni podnik hlm prahy as,Transportation & Logistics,Czech Republic,1,0,low degree,
doredoo qpsc,Telecommunications,Qatar,1,0,low degree,
dormakaba holding,Electrical Equipment,Switzerland,1,0,low degree,
dorman products,Automotive,USA,1,0,low degree,
dover,Diversified Industrials,USA,1,0,low degree,
dow corning toray,Semiconductors,Japan,1,0,low degree,
downer edi,Engineering & Construction,Australia,1,0,low degree,
dp world ltd/united arab emirates,Transportation & Logistics,UAE,1,0,low degree,
drainage services department,Machinery,Hong Kong,1,0,low degree,
drax,Electric Utilities,UK,1,0,low degree,
drb holding,Industrial Intermediate Prod,South Korea,1,0,low degree,
dreamline,Telecommunications,USA,1,0,low degree,
drewloong precision,Aerospace & Defense,Taiwan,1,0,low degree,
drilling co of 1972 a/s/the,Oil & Gas Services & Equip,Denmark,1,0,low degree,
druk green power,Electric Utilities,Bhutan,1,0,low degree,
drwin energy corn/n,Renewable Energy,USA,1,0,low degree,
dsr wire,Steel,South Korea,1,0,low degree,
dte energy,Electric Utilities,USA,1,0,low degree,
du pont-toray,Chemicals,Japan,1,0,low degree,
dubai aviation,Transportation & Logistics,UAE,1,0,low degree,
dubai electricity & water authority pjsc,Electric Utilities,UAE,1,0,low degree,
ducommun,Aerospace & Defense,USA,1,0,low degree,
duferco steel,Metals & Mining,USA,1,0,low degree,
duks ao,Aerospace & Defense,Russia,1,0,low degree,
dumai tirta persada pt,Machinery,Indonesia,1,0,low degree,
dundee precious metals,Metals & Mining,Canada,1,0,low degree,
dymatic chemicals,Chemicals,China,1,0,low degree,
dynamatic technologies,Automotive,India,1,0,low degree,
dynamic holding,Technology Hardware,Taiwan,1,0,low degree,
e-commodities,Metals & Mining,China,1,0,low degree,
e-p equipment,Machinery,China,1,0,low degree,
e2 energia eficiente sa esp,Gas & Water Utilities,Spain,1,0,low degree,
eagle,Mine,USA,0,1,low degree,
eagle industry,Automotive,Japan,1,0,low degree,
east boulder,Mine,USA,0,1,low degree,
eastern co/the,Industrial Intermediate Prod,USA,1,0,low degree,
eastern metal supply,Metals & Mining,USA,1,0,low degree,
eastern platinum,Metals & Mining,Canada,1,0,low degree,
easterns ahp minerals jsc,Construction Materials,Vietnam,1,0,low degree,
eaton steel,Steel,USA,1,0,low degree,
ebara,Machinery,Japan,1,0,low degree,
ebner industrieofenbau,Machinery,Austria,1,0,low degree,
eco volt,Automotive,South Korea,1,0,low degree,
ecodiesel colombia,Chemicals,Colombia,1,0,low degree,
ecolab,Chemicals,USA,1,0,low degree,
ecoplastic,Automotive,South Korea,1,0,low degree,
ecopro innovation,Chemicals,South Korea,1,0,low degree,
ecopro materials,Technology Hardware,South Korea,1,0,low degree,
ecora resources,Metals & Mining,UK,1,0,low degree,
ecosphere technologies,Machinery,USA,1,0,low degree,
edap tms,Medical Equipment & Devices,France,1,0,low degree,
edf,Electric Utilities,USA,1,0,low degree,
edf energy nuclear generation,Electric Utilities,UK,1,0,low degree,
edf renouvelables,Renewable Energy,France,1,0,low degree,
edison ev,Semiconductors,South Korea,1,0,low degree,
edp renovaveis,Electric Utilities,Spain,1,0,low degree,
edra energy sdn bhd,Electric Utilities,Malaysia,1,0,low degree,
eg industries bhd,Technology Hardware,Malaysia,1,0,low degree,
eging photovoltaic technology,Renewable Energy,China,1,0,low degree,
egyptian electricity transmission,Electric Utilities,Egypt,1,0,low degree,
ehwa diamond industrial,Machinery,South Korea,1,0,low degree,
eidai kako,Industrial Intermediate Prod,Japan,1,0,low degree,
eidesvik offshore asa,Oil & Gas Services & Equip,Norway,1,0,low degree,
eiken industries,Automotive,Japan,1,0,low degree,
eindhoven airport,Transportation & Logistics,Netherlands,1,0,low degree,
ekf diagnostics,Medical Equipment & Devices,UK,1,0,low degree,
el5-enero pjsc,Electric Utilities,Russia,1,0,low degree,
eldorado gold,Metals & Mining,Canada,1,0,low degree,
elecnor,Engineering & Construction,Spain,1,0,low degree,
electrameccanica vehicles,Automotive,Canada,1,0,low degree,
electric last mile solutions,Automotive,USA,1,0,low degree,
electric wire & cable,Electrical Equipment,Taiwan,1,0,low degree,
electrica puntilla,Electric Utilities,Chile,1,0,low degree,
electrical equipment jsc,Electrical Equipment,USA,1,0,low degree,
electricite de strasbourg,Electric Utilities,France,1,0,low degree,
electricity co of ghana,Electric Utilities,Ghana,1,0,low degree,
electro sur este saa,Electric Utilities,Peru,1,0,low degree,
elematec,Technology Hardware,Japan,1,0,low degree,
elementis,Chemicals,UK,1,0,low degree,
elkem asa,Chemicals,Norway,1,0,low degree,
ellipsiz,Semiconductors,Singapore,1,0,low degree,
elsewedy electric,Electrical Equipment,Egypt,1,0,low degree,
em networks,Semiconductors,South Korea,1,0,low degree,
emera,Electric Utilities,Canada,1,0,low degree,
emerald star pte,Engineering & Construction,Singapore,1,0,low degree,
emil loeffelhardt gmbh & co kg,Electrical Equipment,Germany,1,0,low degree,
emirates,Transportation & Logistics,UAE,1,0,low degree,
emirates nuclear energy,Engineering & Construction,UAE,1,0,low degree,
emni,Technology Hardware,South Korea,1,0,low degree,
empaques universal,Chemicals,Costa Rica,1,0,low degree,
empresa distribuidora sur,Electric Utilities,Argentina,1,0,low degree,
empresa electrica de magallanes,Electric Utilities,Chile,1,0,low degree,
empresa electricidad del peru - electroperu,Electric Utilities,Spain,1,0,low degree,
empresa siderurgica del peru saa,Steel,Peru,1,0,low degree,
emt,Chemicals,South Korea,1,0,low degree,
emul nl,Metals & Mining,Netherlands,1,0,low degree,
emw stahl service,Steel,Germany,1,0,low degree,
enapter,Renewable Energy,Germany,1,0,low degree,
endo lighting,Electrical Equipment,Japan,1,0,low degree,
endura steel,Metals & Mining,USA,1,0,low degree,
enel brasil,Electric Utilities,Brazil,1,0,low degree,
enel colombia sa esp,Electric Utilities,Colombia,1,0,low degree,
enel generacion costanera,Electric Utilities,Argentina,1,0,low degree,
energa,Electric Utilities,Poland,1,0,low degree,
energiefinanzierungs,Electric Utilities,Austria,1,0,low degree,
energy alloys,Machinery,USA,1,0,low degree,
energy fuels inc/canada,Metals & Mining,USA,1,0,low degree,
energy resources of australia,Metals & Mining,Australia,1,0,low degree,
energy transfer lp,Oil & Gas Producers,USA,1,0,low degree,
enerpac tool,Machinery,USA,1,0,low degree,
engineers india,Engineering & Construction,India,1,0,low degree,
enmax energy,Renewable Energy,Canada,1,0,low degree,
enn energy,Gas & Water Utilities,Cayman Islands,1,0,low degree,
enomoto,Electrical Equipment,Japan,1,0,low degree,
enovis,Medical Equipment & Devices,USA,1,0,low degree,
enpro,Industrial Intermediate Prod,USA,1,0,low degree,
enquest,Oil & Gas Producers,UK,1,0,low degree,
entegris,Semiconductors,USA,1,0,low degree,
enterex international,Automotive,Cayman Islands,1,0,low degree,
enterprise products partners lp,Oil & Gas Producers,USA,1,0,low degree,
entis co ltd/korea,Chemicals,South Korea,1,0,low degree,
enventure global technology,Steel,USA,1,0,low degree,
enviro-chemie,Machinery,Germany,1,0,low degree,
environmental solutions worldwide,Automotive,USA,1,0,low degree,
epaflex polyurethanes srl,Chemicals,Italy,1,0,low degree,
eqm midstream partners lp,Oil & Gas Producers,USA,1,0,low degree,
eqt,Oil & Gas Producers,USA,1,0,low degree,
equitrans midstream,Oil & Gas Producers,USA,1,0,low degree,
eramet,Metals & Mining,Chile,1,0,low degree,
erection electromechanics testing jsc,Engineering & Construction,Vietnam,1,0,low degree,
eregli demir ve celik fabrikalari tas,Steel,Turkey,1,0,low degree,
erith contractors,Engineering & Construction,UK,1,0,low degree,
ernst schweizer ag metallbau,Industrial Intermediate Prod,Germany,1,0,low degree,
eroom technology,Medical Equipment & Devices,South Korea,1,0,low degree,
esab seah,Machinery,South Korea,1,0,low degree,
esco technologies,Electrical Equipment,USA,1,0,low degree,
escorts kubota,Machinery,India,1,0,low degree,
esercizi aeroportuali sea,Transportation & Logistics,Italy,1,0,low degree,
espec,Electrical Equipment,Japan,1,0,low degree,
essar power,Electric Utilities,India,1,0,low degree,
etrol technologies,Machinery,China,1,0,low degree,
eugene,Construction Materials,South Korea,1,0,low degree,
eumseong eco park,Electric Utilities,South Korea,1,0,low degree,
eurasian resources,Metals & Mining,Luxembourg,1,0,low degree,
eurofighter jagdflugzeug,Aerospace & Defense,Germany,1,0,low degree,
ev advanced material,Technology Hardware,South Korea,1,0,low degree,
eve holding,Aerospace & Defense,USA,1,0,low degree,
everfuel a/s,Renewable Energy,Denmark,1,0,low degree,
evergreen steel,Steel,Taiwan,1,0,low degree,
evergy,Electric Utilities,USA,1,0,low degree,
everlight chemical industrial,Chemicals,Taiwan,1,0,low degree,
exactech,Medical Equipment & Devices,USA,1,0,low degree,
excelsior mining,Metals & Mining,Canada,1,0,low degree,
exco technologies,Automotive,Canada,1,0,low degree,
exedy vietnam,Automotive,Vietnam,1,0,low degree,
exeo,Engineering & Construction,Japan,1,0,low degree,
expeditors international of washington,Transportation & Logistics,USA,1,0,low degree,
explosive,Chemicals,China,1,0,low degree,
fabrica carioca de catalisadores,Chemicals,Brazil,1,0,low degree,
facor alloys,Metals & Mining,India,1,0,low degree,
falcon machine tools,Machinery,Taiwan,1,0,low degree,
fangda carbon new material,Chemicals,China,1,0,low degree,
far eastern general contractor,Engineering & Construction,Taiwan,1,0,low degree,
far eastone telecommunications,Telecommunications,Taiwan,1,0,low degree,
farba otomotiv aydinlatma ve plastik fabrikalari as,Electrical Equipment,Turkey,1,0,low degree,
faurecia exhaust systems changchun,Automotive,China,1,0,low degree,
faw harbin light automobile,Automotive,China,1,0,low degree,
faw jiefang qingdao automobile,Transportation Equipment,China,1,0,low degree,
faw jilin automobile,Automotive,China,1,0,low degree,
fect,Chemicals,South Korea,1,0,low degree,
feilong auto components,Automotive,China,1,0,low degree,
feintool international holding,Automotive,Switzerland,1,0,low degree,
fercam,Transportation & Logistics,Italy,1,0,low degree,
ferdinand bilstein gmbh + co kg,Automotive,Germany,1,0,low degree,
ferran,Automotive,Netherlands,1,0,low degree,
ferre barniedo sa de cv,Steel,Spain,1,0,low degree,
ferrecabsa sa de cv,Steel,Spain,1,0,low degree,
ferrexpo,Metals & Mining,UK,1,0,low degree,
ferrocarril del pacifico,Transportation & Logistics,Chile,1,0,low degree,
ferrotec,Semiconductors,Japan,1,0,low degree,
fersa bearings,Machinery,Spain,1,0,low degree,
festi energia as,Electric Utilities,Estonia,1,0,low degree,
feuer powertrain gmbh & co kg,Automotive,Germany,1,0,low degree,
fev,Automotive,Germany,1,0,low degree,
fiat india automobiles pvt,Automotive,India,1,0,low degree,
fibocom wireless,Telecommunications,China,1,0,low degree,
fihi forging industry sl,Steel,Spain,1,0,low degree,
fill suzlon energy,Renewable Energy,India,1,0,low degree,
financiere snop-dunois sadir,Automotive,France,1,0,low degree,
findex com,Chemicals,Japan,1,0,low degree,
fine besteel,Steel,South Korea,1,0,low degree,
fine blanking & tool,Automotive,Taiwan,1,0,low degree,
fine dnc,Technology Hardware,South Korea,1,0,low degree,
fine metal technologies pcl,Metals & Mining,Thailand,1,0,low degree,
finolex industries,Construction Materials,India,1,0,low degree,
first gen,Electric Utilities,Philippines,1,0,low degree,
first philippine,Electric Utilities,Philippines,1,0,low degree,
first solar,Renewable Energy,USA,1,0,low degree,
flame,Metals & Mining,Switzerland,1,0,low degree,
fleetway,Engineering & Construction,Canada,1,0,low degree,
fletcher building,Construction Materials,New Zealand,1,0,low degree,
flex-n-gate,Automotive,USA,1,0,low degree,
flinn scientific,Medical Equipment & Devices,USA,1,0,low degree,
flint hills resources,Renewable Energy,USA,1,0,low degree,
flowserve,Machinery,USA,1,0,low degree,
flsmidth & co a/s,Machinery,Denmark,1,0,low degree,
fluidra,Machinery,Spain,1,0,low degree,
fmc,Chemicals,USA,1,0,low degree,
foci fiber optic communications,Electrical Equipment,Taiwan,1,0,low degree,
force mos technology,Semiconductors,Taiwan,1,0,low degree,
forehope electronic ningbo,Technology Hardware,China,1,0,low degree,
forest&lee energy,Electric Utilities,USA,1,0,low degree,
forever plast,Industrial Intermediate Prod,Italy,1,0,low degree,
forja de monterrey sa de cv,Industrial Intermediate Prod,Spain,1,0,low degree,
form energy,Renewable Energy,USA,1,0,low degree,
formosa advanced technologies,Semiconductors,Taiwan,1,0,low degree,
fortive,Electrical Equipment,USA,1,0,low degree,
forum energy technologies,Oil & Gas Services & Equip,USA,1,0,low degree,
forward air,Transportation & Logistics,USA,1,0,low degree,
fraport ag frankfurt airport services worldwide,Transportation & Logistics,Germany,1,0,low degree,
freeport indonesia pt/delaware,Metals & Mining,Indonesia,1,0,low degree,
freightliner,Transportation & Logistics,UK,1,0,low degree,
freightliner trucks,Automotive,Canada,1,0,low degree,
freyr battery,Renewable Energy,Spain,1,0,low degree,
friedman industries,Steel,USA,1,0,low degree,
frisa forjados sa de cv,Chemicals,Mexico,1,0,low degree,
fspg hi-tech,Chemicals,China,1,0,low degree,
fu ming transportation,Transportation & Logistics,Taiwan,1,0,low degree,
fuji,Automotive,Japan,1,0,low degree,
fuji die,Machinery,Japan,1,0,low degree,
fuji electric,Electrical Equipment,Japan,1,0,low degree,
fuji hensokuki,Machinery,Japan,1,0,low degree,
fuji kosan,Oil & Gas Producers,Japan,1,0,low degree,
fuji oil,Oil & Gas Producers,Japan,1,0,low degree,
fujian expressway development,Transportation & Logistics,China,1,0,low degree,
fujian investment development,Gas & Water Utilities,China,1,0,low degree,
fujian nanping aluminium sheet & strip,Metals & Mining,China,1,0,low degree,
fujian nanping sun cable,Electrical Equipment,China,1,0,low degree,
fujian superpipe,Construction Materials,China,1,0,low degree,
fujian yangshan iron ore,Metals & Mining,China,1,0,low degree,
fujikura composites,Industrial Intermediate Prod,Japan,1,0,low degree,
fujikura kasei coating tianjin,Steel,China,1,0,low degree,
fujikura kaser coating foshan,Chemicals,China,1,0,low degree,
fujipream,Electrical Equipment,Japan,1,0,low degree,
fujita electric industrial,Electrical Equipment,Japan,1,0,low degree,
fukoku,Industrial Intermediate Prod,Japan,1,0,low degree,
fukuta electric & machinery,Electrical Equipment,Taiwan,1,0,low degree,
fulin plastic industry cayman holding,Industrial Intermediate Prod,Vietnam,1,0,low degree,
full wei industrial,Machinery,Taiwan,1,0,low degree,
fumakilla,Chemicals,Japan,1,0,low degree,
furukawa castec,Machinery,Japan,1,0,low degree,
fuserashi,Industrial Intermediate Prod,Japan,1,0,low degree,
fuso chemical,Chemicals,Japan,1,0,low degree,
future innovation,Technology Hardware,Japan,1,0,low degree,
fuxin power generation,Electric Utilities,China,1,0,low degree,
fuzhou fushiang motor industrial,Automotive,China,1,0,low degree,
fuzhou lioho machinery,Automotive,China,1,0,low degree,
g collado sab de cv,Steel,Mexico,1,0,low degree,
g9pharma,Technology Hardware,South Korea,1,0,low degree,
gage products,Chemicals,USA,1,0,low degree,
gajah tunggal ibk pt,Automotive,Indonesia,1,0,low degree,
galaxia moneytree,Technology Services,South Korea,1,0,low degree,
galex,Industrial Intermediate Prod,USA,1,0,low degree,
gangneung sacheon fuel cell,Electric Utilities,South Korea,1,0,low degree,
gantan beauty industry,Construction Materials,Japan,1,0,low degree,
gaon cable,Electrical Equipment,South Korea,1,0,low degree,
garmin,Technology Hardware,Cayman Islands,1,0,low degree,
gartner,Technology Services,USA,1,0,low degree,
garuda maintenance facility aero asia pt,Aerospace & Defense,Indonesia,1,0,low degree,
gas malaysia bhd,Oil & Gas Producers,Malaysia,1,0,low degree,
gas supply pte,Gas & Water Utilities,Singapore,1,0,low degree,
gasum oy,Gas & Water Utilities,Finland,1,0,low degree,
gazenergoservice oao,Machinery,Russia,1,0,low degree,
gazprom elektrogaz jsc,Oil & Gas Services & Equip,Russia,1,0,low degree,
gazprom gazoraspredelenie saratovskaya oblast oao,Gas & Water Utilities,Russia,1,0,low degree,
gazprom gazoraspredeleniye tambov jsc,Gas & Water Utilities,Russia,1,0,low degree,
gazprom gazoraspredeleniye tver ao,Gas & Water Utilities,Russia,1,0,low degree,
gazprom neft pjsc,Oil & Gas Producers,Russia,1,0,low degree,
gca chemical,Chemicals,USA,1,0,low degree,
gcc sab de cv,Construction Materials,Mexico,1,0,low degree,
gcl new energy,Electric Utilities,Bermuda,1,0,low degree,
gcl technology,Renewable Energy,Cayman Islands,1,0,low degree,
ge power systems india pvt,Renewable Energy,India,1,0,low degree,
ge steam power,Electric Utilities,USA,1,0,low degree,
ge t&d india,Electric Utilities,India,1,0,low degree,
gefco,Transportation & Logistics,Spain,1,0,low degree,
geismar sas,Transportation Equipment,France,1,0,low degree,
gemeng international energy,Electric Utilities,China,1,0,low degree,
general electricity co of libya,Electric Utilities,Libyan Arab Jamahiriya,1,0,low degree,
genex power,Electric Utilities,Australia,1,0,low degree,
geodis ciblex,Transportation & Logistics,France,1,0,low degree,
geogeum solar park,Renewable Energy,South Korea,1,0,low degree,
geomatec,Technology Hardware,Japan,1,0,low degree,
gestion global de matriceria sl,Machinery,Spain,1,0,low degree,
gestore dei servizi energetici- gse,Electric Utilities,Italy,1,0,low degree,
getrag getriebe-u zahnradfabrik hermann hagenmeyer gmbh & cie,Automotive,Germany,1,0,low degree,
getrag jiangxi transmission,Automotive,China,1,0,low degree,
geumseongsan wind power,Electric Utilities,South Korea,1,0,low degree,
gevelot,Machinery,France,1,0,low degree,
gfl,Chemicals,India,1,0,low degree,
ght,Technology Hardware,China,0,1,low degree,
gia lai electricity jsc,Electric Utilities,Vietnam,1,0,low degree,
giga-tronics,Technology Hardware,USA,1,0,low degree,
gimpo pure water environment,Engineering & Construction,South Korea,1,0,low degree,
ginar technology,Chemicals,Taiwan,1,0,low degree,
giti tire,Automotive,China,1,0,low degree,
givaudan,Chemicals,Switzerland,1,0,low degree,
glas ocean electric usa,Machinery,USA,1,0,low degree,
glencore peru sac,Metals & Mining,Peru,1,0,low degree,
glng operations pty,Oil & Gas Producers,Australia,1,0,low degree,
global ferronickel,Metals & Mining,Philippines,1,0,low degree,
global green chemicals pcl,Chemicals,Thailand,1,0,low degree,
global power synergy pcl,Electric Utilities,Thailand,1,0,low degree,
globalfoundries,Semiconductors,Cayman Islands,1,0,low degree,
globalwafers,Semiconductors,Taiwan,1,0,low degree,
glosel,Technology Hardware,Japan,1,0,low degree,
glotec,Electrical Equipment,South Korea,1,0,low degree,
gm,Gas & Water Utilities,Chile,1,0,low degree,
gmr airports infrastructure,Transportation & Logistics,India,1,0,low degree,
go-ahead group ltd/the,Transportation & Logistics,UK,1,0,low degree,
gogoro,Automotive,Cayman Islands,1,0,low degree,
goi united generation,Electric Utilities,Japan,1,0,low degree,
golar lng,Oil & Gas Producers,Bermuda,1,0,low degree,
gold fields,Metals & Mining,South Africa,1,0,low degree,
goldcup electric apparatus,Electrical Equipment,China,1,0,low degree,
goldhofer,Transportation & Logistics,Germany,1,0,low degree,
goldsun building materials,Construction Materials,Taiwan,1,0,low degree,
gongin precision industrial,Machinery,Taiwan,1,0,low degree,
gonvarri corp financiera sociedad ltda,Steel,Spain,1,0,low degree,
gonvarri galicia,Steel,Spain,1,0,low degree,
gonvarri i centro de servicios sl,Industrial Intermediate Prod,Spain,1,0,low degree,
gonvarri polska sp zoo,Steel,Poland,1,0,low degree,
gonvarri valencia,Industrial Intermediate Prod,Spain,1,0,low degree,
gonvarri-produtos siderurgicos,Steel,Spain,1,0,low degree,
gonvauto,Steel,Spain,1,0,low degree,
gonvauto navarra,Industrial Intermediate Prod,Spain,1,0,low degree,
gonvauto thueringen,Steel,Germany,1,0,low degree,
goo chemical,Chemicals,Japan,1,0,low degree,
good energy,Electric Utilities,UK,1,0,low degree,
goodway machine,Machinery,Taiwan,1,0,low degree,
gordon auto body parts,Automotive,Taiwan,1,0,low degree,
gosuncn technology,Technology Hardware,China,0,1,low degree,
gp petroleums,Oil & Gas Producers,India,1,0,low degree,
graco,Machinery,USA,1,0,low degree,
grammer,Automotive,Germany,1,0,low degree,
granges ab,Metals & Mining,Sweden,1,0,low degree,
gravity renewables,Electric Utilities,USA,1,0,low degree,
great lakes gas transmission lp,Oil & Gas Producers,USA,1,0,low degree,
great plains industries,Machinery,USA,1,0,low degree,
great plains ventures,Machinery,USA,1,0,low degree,
great taipei gas,Gas & Water Utilities,Taiwan,1,0,low degree,
greatek electronics,Semiconductors,Taiwan,1,0,low degree,
green mountain power,Electric Utilities,USA,1,0,low degree,
green plains,Renewable Energy,USA,1,0,low degree,
green power investment,Electric Utilities,Japan,1,0,low degree,
greenko energies pvt,Renewable Energy,India,1,0,low degree,
gresgying digital energy technology,Electric Utilities,China,1,0,low degree,
gri renewable industries sl,Renewable Energy,Spain,1,0,low degree,
gri towers galicia sl,Renewable Energy,Spain,1,0,low degree,
grimaldi group srl,Transportation & Logistics,Italy,1,0,low degree,
groupement sonatrach agip,Oil & Gas Producers,Algeria,1,0,low degree,
grupa azoty,Chemicals,Poland,1,0,low degree,
grupo aeroportuario del pacifico sab de cv,Transportation & Logistics,Mexico,1,0,low degree,
grupo aeroportuario del sureste sab de cv,Transportation & Logistics,Mexico,1,0,low degree,
grupo argos sa/colombia,Construction Materials,Colombia,1,0,low degree,
grupo idesa sa de cv,Chemicals,Mexico,1,0,low degree,
grupo remolques del norte sa de cv,Automotive,Spain,1,0,low degree,
gs yuasa,Renewable Energy,Japan,1,0,low degree,
gsd technologies,Machinery,Cayman Islands,1,0,low degree,
gss energy,Technology Hardware,Singapore,1,0,low degree,
guangdong chaohua technology,Semiconductors,China,1,0,low degree,
guangdong create century intelligent equipment,Technology Hardware,China,0,1,low degree,
guangdong dcenti auto-parts stock,Automotive,China,1,0,low degree,
guangdong greenway technology,Technology Hardware,China,1,0,low degree,
guangdong ji duo bao can making,Metals & Mining,China,1,0,low degree,
guangdong oppo mobile telecommunications,Technology Hardware,China,1,0,low degree,
guangdong quanwei technology,Chemicals,China,1,0,low degree,
guangdong tgpm automotive industry,Automotive,China,1,0,low degree,
guangdong xinhui meida nylon,Chemicals,China,1,0,low degree,
guangxi energy,Electric Utilities,China,1,0,low degree,
guangxi power grid,Electric Utilities,China,1,0,low degree,
guangxi shenglong metallurgical,Steel,China,1,0,low degree,
guangzhou guangbai logistics,Transportation & Logistics,China,1,0,low degree,
guangzhou honsea chemistry,Chemicals,China,1,0,low degree,
guangzhou industrial investment holding,Machinery,China,1,0,low degree,
guangzhou jointas chemical,Chemicals,China,1,0,low degree,
guangzhou pacific tinplate,Steel,China,1,0,low degree,
guangzhou panyu yufeng steel,Steel,China,1,0,low degree,
guangzhou shiyuan electronic technology,Electrical Equipment,China,1,0,low degree,
guiyang zhenxing aluminium & magnesium technology industry development,Machinery,China,1,0,low degree,
guizhou anda energy technology,Technology Hardware,China,0,1,low degree,
guizhou bohong industry,Construction Materials,China,1,0,low degree,
guizhou chitianhua,Chemicals,China,1,0,low degree,
guizhou gas,Gas & Water Utilities,China,1,0,low degree,
guizhou guihang automotive components,Automotive,China,1,0,low degree,
guizhou huachang automobile electrics,Automotive,China,1,0,low degree,
guizhou qianyuan power,Electric Utilities,China,1,0,low degree,
gujarat narmada valley fertilizers & chemicals,Chemicals,India,1,0,low degree,
gujarat pipavav port,Transportation & Logistics,India,1,0,low degree,
gujarat state fertilizers & chemicals,Chemicals,India,1,0,low degree,
gulf energy development pcl,Electric Utilities,Thailand,1,0,low degree,
gulf oil lubricants india,Chemicals,India,1,0,low degree,
gun-ei chemical industry,Chemicals,Japan,1,0,low degree,
gungnir resources,Metals & Mining,Canada,1,0,low degree,
guyoung technology,Automotive,USA,1,0,low degree,
gxo logistics europe sas,Transportation & Logistics,France,1,0,low degree,
h&s hightech,Technology Hardware,South Korea,1,0,low degree,
h+h international a/s,Construction Materials,Denmark,1,0,low degree,
haesung ds,Semiconductors,South Korea,1,0,low degree,
haesung optics,Technology Hardware,South Korea,1,0,low degree,
hai phong paint jsc,Chemicals,Vietnam,1,0,low degree,
hai phong thermal power jsc,Electric Utilities,Vietnam,1,0,low degree,
hainan mining,Metals & Mining,China,1,0,low degree,
hainan strait shipping,Transportation & Logistics,China,1,0,low degree,
hakudo,Steel,Japan,1,0,low degree,
haldia petrochemicals,Chemicals,India,1,0,low degree,
hamabo,Machinery,Japan,1,0,low degree,
hamakyorex,Transportation & Logistics,Japan,1,0,low degree,
hamamatsu photonics kk,Semiconductors,Japan,1,0,low degree,
han kuk carbon,Construction Materials,South Korea,1,0,low degree,
handan gangtie group equipment manufacturing installation,Engineering & Construction,China,1,0,low degree,
handan iron & steel group import & export,Metals & Mining,China,1,0,low degree,
handan ruida dongneng,Chemicals,China,1,0,low degree,
handan steel group hengshui cold rolling steel,Steel,China,1,0,low degree,
handok clean tech,Machinery,South Korea,1,0,low degree,
hanel plastics jsc,Industrial Intermediate Prod,Vietnam,1,0,low degree,
hangzhou cogeneration hong kong,Metals & Mining,Hong Kong,1,0,low degree,
hangzhou gaoxin rubber & plastic materials,Chemicals,China,1,0,low degree,
hangzhou qiantang river electric,Electrical Equipment,China,1,0,low degree,
hangzhou zhongtai cryogenic technology,Machinery,China,1,0,low degree,
hangzhou ziheng mineral powder,Chemicals,China,1,0,low degree,
hanil forging industrial,Automotive,South Korea,1,0,low degree,
hankook atlasbx,Automotive,South Korea,1,0,low degree,
hankook shell oil,Oil & Gas Producers,South Korea,1,0,low degree,
hannibal industries,Industrial Intermediate Prod,USA,1,0,low degree,
hannong chemicals,Chemicals,South Korea,1,0,low degree,
hannstar board,Technology Hardware,Taiwan,1,0,low degree,
hannstouch,Technology Hardware,Taiwan,1,0,low degree,
hanoi plastics jsc,Industrial Intermediate Prod,Vietnam,1,0,low degree,
hanoi power,Electric Utilities,Vietnam,1,0,low degree,
hanshin machinery,Machinery,South Korea,1,0,low degree,
hansol iones,Semiconductors,South Korea,1,0,low degree,
hansung cleantech co ltd/new,Engineering & Construction,South Korea,1,0,low degree,
hanwha energy,Electric Utilities,South Korea,1,0,low degree,
hanwha impact,Chemicals,South Korea,1,0,low degree,
hanwha power system,Machinery,South Korea,1,0,low degree,
hanwha totalenergies petrochemical,Chemicals,South Korea,1,0,low degree,
hanzhong zinc industry,Metals & Mining,China,1,0,low degree,
harbin air conditioning,Electrical Equipment,China,1,0,low degree,
harbin coslight power,Renewable Energy,China,1,0,low degree,
harbin dongan auto engine,Automotive,China,1,0,low degree,
harbin electric corp jiamusi electric machine,Machinery,China,1,0,low degree,
harbin hafei automobile industry,Automotive,China,1,0,low degree,
harbor star shipping services,Transportation & Logistics,Philippines,1,0,low degree,
harjavalta refinery,Mine,Finland,0,1,low degree,
harju elekter group as,Electrical Equipment,Estonia,1,0,low degree,
hartalega holdings bhd,Industrial Intermediate Prod,Malaysia,1,0,low degree,
hartsfield-jackson atlanta international airport,Transportation & Logistics,USA,1,0,low degree,
harum energy tbk pt,Metals & Mining,Indonesia,1,0,low degree,
harvatek,Semiconductors,Taiwan,1,0,low degree,
haulotte,Machinery,France,1,0,low degree,
havenbedrijf rotterdam,Transportation & Logistics,Netherlands,1,0,low degree,
hawaiian,Transportation & Logistics,USA,1,0,low degree,
hawaiian electric industries,Electric Utilities,USA,1,0,low degree,
hawanan,Transportation & Logistics,China,1,0,low degree,
hawker beechcraft,Aerospace & Defense,USA,1,0,low degree,
hd hyundai and shell base oil,Oil & Gas Producers,South Korea,1,0,low degree,
hd hyundai electric,Electrical Equipment,South Korea,1,0,low degree,
hearting power international,Electric Utilities,USA,1,0,low degree,
hebei iron & steel group mining,Metals & Mining,China,1,0,low degree,
hebei iron & steel group songting iron & steel,Steel,China,1,0,low degree,
hebei tangyin iron & steel,Steel,China,1,0,low degree,
hebei zongheng iron & steel,Steel,China,1,0,low degree,
heber electric power,Electric Utilities,USA,1,0,low degree,
hecla mining,Metals & Mining,USA,1,0,low degree,
heerema marine contractors holding,Transportation & Logistics,Netherlands,1,0,low degree,
heesung catalysts,Metals & Mining,South Korea,1,0,low degree,
hefei changqing machinery,Automotive,China,1,0,low degree,
heidelbergcement india,Construction Materials,India,1,0,low degree,
heilongjiang interchina water treatment,Gas & Water Utilities,China,1,0,low degree,
helbako,Automotive,Germany,1,0,low degree,
helens ror ab,Steel,Sweden,1,0,low degree,
helios technologies,Machinery,USA,1,0,low degree,
hella gmbh & co kgaa,Automotive,Germany,1,0,low degree,
hempel invest a/s,Chemicals,Denmark,1,0,low degree,
henan ancai hi-tech,Oil & Gas Producers,China,1,0,low degree,
henan dayou energy,Metals & Mining,China,1,0,low degree,
henan huanyu power source,Renewable Energy,China,1,0,low degree,
henan kelong new energy,Renewable Energy,China,1,0,low degree,
henan nengxin heating,Renewable Energy,China,1,0,low degree,
henan pinggao electric,Electrical Equipment,China,1,0,low degree,
henan pingyu coal power,Metals & Mining,China,1,0,low degree,
henan shenma chlorine alkali development,Chemicals,China,1,0,low degree,
henan shenma nylon chemical industry,Chemicals,China,1,0,low degree,
henan tianli electric appliance,Electrical Equipment,China,1,0,low degree,
hendrickson,Automotive,USA,1,0,low degree,
hengtong optic-electric,Renewable Energy,China,1,0,low degree,
hengyi petrochemical,Chemicals,China,1,0,low degree,
hensoldt,Semiconductors,Germany,1,0,low degree,
heron resources,Metals & Mining,Australia,1,0,low degree,
herrenknecht,Machinery,Germany,1,0,low degree,
hess,Oil & Gas Producers,USA,1,0,low degree,
hesselbein tire,Automotive,USA,1,0,low degree,
heung-a shipping,Transportation & Logistics,South Korea,1,0,low degree,
heunggu oil,Oil & Gas Producers,South Korea,1,0,low degree,
hexagon composites asa,Industrial Intermediate Prod,Norway,1,0,low degree,
hexcel,Aerospace & Defense,USA,1,0,low degree,
heyuan city urban development investment,Engineering & Construction,China,1,0,low degree,
heze traffic,Transportation & Logistics,China,1,0,low degree,
hi-lex,Machinery,Japan,1,0,low degree,
hicom-honda manufacturing malaysia sdn bhd,Automotive,Malaysia,1,0,low degree,
hida electric,Industrial Intermediate Prod,Japan,1,0,low degree,
hierros y aplanaciones,Industrial Intermediate Prod,Spain,1,0,low degree,
higashi nihon koatsu kk,Transportation & Logistics,Japan,1,0,low degree,
highbroad advanced material hefei,Technology Hardware,China,1,0,low degree,
hikari seiko,Industrial Intermediate Prod,Japan,1,0,low degree,
hindustan colas,Construction Materials,India,1,0,low degree,
hindustan urvarak & rasayn,Chemicals,India,1,0,low degree,
hirata,Machinery,Japan,1,0,low degree,
hiroshima electric railway,Transportation & Logistics,Japan,1,0,low degree,
hirotec,Automotive,Japan,1,0,low degree,
hisaka works,Machinery,Japan,1,0,low degree,
histeel,Steel,South Korea,1,0,low degree,
hitachi air-conditioning & refrigerating products gua,Electrical Equipment,China,1,0,low degree,
hitevision,Technology Hardware,China,1,0,low degree,
hiti digital,Machinery,Taiwan,1,0,low degree,
hmd global oy,Technology Hardware,Finland,1,0,low degree,
ho chi minh city electric power trading investment,Electrical Equipment,Vietnam,1,0,low degree,
ho tung chemical,Chemicals,Taiwan,1,0,low degree,
hoa phat group jsc,Steel,Vietnam,1,0,low degree,
hoberg & driesch gmbh & co kg roehrengrosshandel,Steel,Germany,1,0,low degree,
hochiki,Electrical Equipment,Japan,1,0,low degree,
hoegh autoliners,Transportation & Logistics,USA,1,0,low degree,
hoegh autoliners asa,Transportation & Logistics,Norway,1,0,low degree,
hoffmann neopac,Industrial Intermediate Prod,Germany,1,0,low degree,
hokkaido railway,Transportation & Logistics,Japan,1,0,low degree,
hokuriku electric industry,Electrical Equipment,Japan,1,0,low degree,
hokusan,Chemicals,Japan,1,0,low degree,
holcim argentina,Construction Materials,Argentina,1,0,low degree,
holcim costa rica,Construction Materials,Costa Rica,1,0,low degree,
holcim ecuador,Construction Materials,Ecuador,1,0,low degree,
holcim liban sal,Construction Materials,Lebanon,1,0,low degree,
holcim philippines,Construction Materials,Philippines,1,0,low degree,
hold-key electric wire & cable,Electrical Equipment,Taiwan,1,0,low degree,
holley,Automotive,Cayman Islands,1,0,low degree,
home center,Oil & Gas Producers,South Korea,1,0,low degree,
honda atlas cars pakistan,Automotive,Pakistan,1,0,low degree,
honda india power products,Machinery,India,1,0,low degree,
honeyville,Transportation & Logistics,USA,1,0,low degree,
hongbaoli,Chemicals,China,1,0,low degree,
hongduk engineering,Machinery,South Korea,1,0,low degree,
horiba,Electrical Equipment,Japan,1,0,low degree,
horkos,Machinery,Japan,1,0,low degree,
horng shive holding,Automotive,Cayman Islands,1,0,low degree,
horsch,Machinery,USA,1,0,low degree,
hoshine silicon industry,Semiconductors,China,1,0,low degree,
hosiden,Electrical Equipment,Japan,1,0,low degree,
hot chili,Metals & Mining,Australia,1,0,low degree,
houston-johnson,Transportation & Logistics,USA,1,0,low degree,
howteh technology,Technology Hardware,Taiwan,1,0,low degree,
hoya,Medical Equipment & Devices,Japan,1,0,low degree,
hpcl lng,Oil & Gas Services & Equip,India,1,0,low degree,
hpcl-mittal energy,Oil & Gas Producers,India,1,0,low degree,
hs industries,Chemicals,South Korea,1,0,low degree,
hsd engine,Machinery,South Korea,1,0,low degree,
hsin tai gas,Gas & Water Utilities,Taiwan,1,0,low degree,
hsin-kao gas,Gas & Water Utilities,Taiwan,1,0,low degree,
htc,Technology Hardware,Taiwan,1,0,low degree,
htm international holding,Technology Hardware,Cayman Islands,1,0,low degree,
huachang polymer,Chemicals,China,1,0,low degree,
huagong tech,Technology Hardware,China,0,1,low degree,
huanghe hydropower development,Engineering & Construction,China,1,0,low degree,
huangshi dongbei electrical appliance,Machinery,China,1,0,low degree,
huasu,Technology Hardware,China,1,0,low degree,
huaxin cement,Construction Materials,China,1,0,low degree,
huazhong in-vehicle,Automotive,China,1,0,low degree,
hubei chutian smart communication,Transportation & Logistics,China,1,0,low degree,
hubei energy group co ltd 54,Electric Utilities,China,1,0,low degree,
hubei yihua chemical industry,Chemicals,China,1,0,low degree,
hueffermann transportsysteme,Transportation Equipment,Germany,1,0,low degree,
huili county ma'anping mine feishi multipurpose utilization,Metals & Mining,China,1,0,low degree,
huisman equipment,Machinery,Netherlands,1,0,low degree,
huizhou china eagle electronic technology,Technology Hardware,China,0,1,low degree,
huizhou gaoshengda technology,Electrical Equipment,China,1,0,low degree,
huizhou intelligence technology,Industrial Intermediate Prod,China,1,0,low degree,
huludao shougang donghua machinery,Machinery,China,1,0,low degree,
human eco land,Engineering & Construction,South Korea,1,0,low degree,
human oil pump,Automotive,China,1,0,low degree,
humara pedroza guillermo,Construction Materials,Mexico,1,0,low degree,
hunan baili engineering sci & tech,Engineering & Construction,China,1,0,low degree,
hunan chendian international development,Electric Utilities,China,1,0,low degree,
hunan development,Electric Utilities,China,1,0,low degree,
hunan lead power technology,Chemicals,China,1,0,low degree,
hunan non-ferrous beryllium,Metals & Mining,China,1,0,low degree,
hunan reshine new material,Chemicals,China,1,0,low degree,
hunan tyen machinery,Automotive,China,1,0,low degree,
husqvarna ab,Machinery,Sweden,1,0,low degree,
hutama karya persero pt,Transportation & Logistics,Indonesia,1,0,low degree,
huu lien asia,Steel,Vietnam,1,0,low degree,
huzhou water,Engineering & Construction,China,1,0,low degree,
hwa shin,Automotive,South Korea,1,0,low degree,
hwacom systems,Telecommunications,Taiwan,1,0,low degree,
hwang chang general contractor,Engineering & Construction,Taiwan,1,0,low degree,
hwasung urban expressway,Transportation & Logistics,South Korea,1,0,low degree,
hydis technologies,Electrical Equipment,South Korea,1,0,low degree,
hyster-yale materials handling,Machinery,USA,1,0,low degree,
hytera communications,Technology Hardware,China,1,0,low degree,
hyulim a-tech,Automotive,South Korea,1,0,low degree,
hyundai autoever,Technology Services,South Korea,1,0,low degree,
hyundai elevator,Electrical Equipment,South Korea,1,0,low degree,
hyundai industrial,Automotive,South Korea,1,0,low degree,
hyundai mipo dockyard,Transportation Equipment,South Korea,1,0,low degree,
hyundai special steel,Steel,South Korea,1,0,low degree,
hyundai transys georgia powertrain,Automotive,USA,1,0,low degree,
hyundai wia automotive engine shandong,Machinery,China,1,0,low degree,
i-pex,Electrical Equipment,Japan,1,0,low degree,
iat automobile technology,Automotive,China,1,0,low degree,
iav automotive engineering,Automotive,USA,1,0,low degree,
ibase technology,Technology Hardware,Taiwan,1,0,low degree,
ichia technologies,Technology Hardware,Taiwan,1,0,low degree,
ichiken,Engineering & Construction,Japan,1,0,low degree,
icom,Technology Hardware,Japan,1,0,low degree,
idex,Machinery,USA,1,0,low degree,
ifelectronic,Electrical Equipment,Germany,1,0,low degree,
igo forrestania,Metals & Mining,Australia,1,0,low degree,
ii)polska grupa zbrojeniowa,Aerospace & Defense,Spain,1,0,low degree,
iidzka seisakusho,Industrial Intermediate Prod,Japan,1,0,low degree,
ijit,Automotive,Japan,1,0,low degree,
ikd,Automotive,China,1,0,low degree,
ilika,Technology Hardware,UK,1,0,low degree,
iljin bearing,Automotive,South Korea,1,0,low degree,
iluka resources,Metals & Mining,Australia,1,0,low degree,
im tech,Technology Hardware,South Korea,1,0,low degree,
impala,Mine,South Africa,0,1,low degree,
imv corp/japan,Machinery,Japan,1,0,low degree,
ina-holding schaeffler gmbh & co kg,Automotive,Germany,1,0,low degree,
inalways,Electrical Equipment,USA,1,0,low degree,
incirec pivol llo,Chemicals,USA,1,0,low degree,
indeck energy services,Electric Utilities,USA,1,0,low degree,
independent electricity system operator,Electric Utilities,Canada,1,0,low degree,
indian synthetic rubber pvt,Industrial Intermediate Prod,India,1,0,low degree,
indianoil petronas pvt,Oil & Gas Producers,India,1,0,low degree,
indo acidatama tbk pt,Renewable Energy,Indonesia,1,0,low degree,
indo kordsa tbk pt,Industrial Intermediate Prod,Indonesia,1,0,low degree,
indonesia chemical alumina pt,Chemicals,Indonesia,1,0,low degree,
indonesia ferry property pt,Engineering & Construction,Indonesia,1,0,low degree,
indonesia nanya indah plastics corp pt,Chemicals,Indonesia,1,0,low degree,
indorama ventures pci,Chemicals,Thailand,1,0,low degree,
indus towers,Engineering & Construction,India,1,0,low degree,
industrial gas & welding electrode jsc,Electrical Equipment,Vietnam,1,0,low degree,
industrias arteb ltda,Automotive,Brazil,1,0,low degree,
infineon technologies,Semiconductors,Germany,1,0,low degree,
infinera,Technology Hardware,USA,1,0,low degree,
infore environment technology,Engineering & Construction,China,1,0,low degree,
infosys,Technology Services,India,1,0,low degree,
infund holding,Industrial Intermediate Prod,China,1,0,low degree,
ingenieria y construccion de matrices,Machinery,Spain,1,0,low degree,
ingenieur gudang bhd,Steel,Malaysia,1,0,low degree,
ingersoll rand,Machinery,USA,1,0,low degree,
inktec,Chemicals,South Korea,1,0,low degree,
inland waterways authority of india,Transportation & Logistics,India,1,0,low degree,
inner mongolia dazhong mining,Metals & Mining,China,1,0,low degree,
inner mongolia east electric power,Electric Utilities,China,1,0,low degree,
inner mongolia huanggang mining,Metals & Mining,China,1,0,low degree,
inner mongolia huanghe industry & trade group wanteng iron & steel,Steel,China,1,0,low degree,
inner mongolia huineng coal & electrical,Metals & Mining,China,1,0,low degree,
inner mongolia north hauler jsc,Transportation Equipment,China,1,0,low degree,
inner mongolia pingzhuang energy,Metals & Mining,China,1,0,low degree,
inner mongolia qinghua group qinghua coal chemical,Chemicals,China,1,0,low degree,
innergex renewable energy,Electric Utilities,Canada,1,0,low degree,
innospec,Chemicals,USA,1,0,low degree,
inoue jikuuke kogyo,Machinery,Japan,1,0,low degree,
insteel industries,Industrial Intermediate Prod,USA,1,0,low degree,
intai technology,Medical Equipment & Devices,Taiwan,1,0,low degree,
integer,Medical Equipment & Devices,USA,1,0,low degree,
integracion energetica argentina,Oil & Gas Producers,Spain,1,0,low degree,
integrated nickel operations,Mine,Canada,0,1,low degree,
inteplast group ltd/nj,Industrial Intermediate Prod,USA,1,0,low degree,
intercable srl,Machinery,Italy,1,0,low degree,
international,Medical Equipment & Devices,USA,1,0,low degree,
international aero engines,Aerospace & Defense,Germany,1,0,low degree,
international business machines,Technology Services,USA,1,0,low degree,
international distributions services,Transportation & Logistics,UK,1,0,low degree,
international steels,Steel,Pakistan,1,0,low degree,
invenia,Semiconductors,South Korea,1,0,low degree,
invista sarl,Chemicals,Luxembourg,1,0,low degree,
inzi controls,Automotive,South Korea,1,0,low degree,
ionics inc/philippines,Technology Hardware,Philippines,1,0,low degree,
ipg photonics,Semiconductors,USA,1,0,low degree,
ircon international,Engineering & Construction,India,1,0,low degree,
iren,Electric Utilities,Italy,1,0,low degree,
iriso electronics,Electrical Equipment,Japan,1,0,low degree,
irizar s coop,Transportation Equipment,Spain,1,0,low degree,
irving shipbuilding,Transportation Equipment,Canada,1,0,low degree,
is dongseo,Engineering & Construction,South Korea,1,0,low degree,
isavia ohf,Transportation & Logistics,Iceland,1,0,low degree,
ise automotive,Automotive,Germany,1,0,low degree,
ise chemicals,Chemicals,Japan,1,0,low degree,
ishikawa giken industry,Steel,Japan,1,0,low degree,
israel aircraft industries international,Aerospace & Defense,USA,1,0,low degree,
italgas,Gas & Water Utilities,Italy,1,0,low degree,
itm semiconductor,Semiconductors,South Korea,1,0,low degree,
itochu enex,Oil & Gas Producers,Japan,1,0,low degree,
itt,Diversified Industrials,USA,1,0,low degree,
iwis se & co kg,Automotive,Germany,1,0,low degree,
izhstal ojsc,Steel,Russia,1,0,low degree,
izumoto seiko,Machinery,Japan,1,0,low degree,
j steel australasia pty,Steel,Australia,1,0,low degree,
jade-sterling steel,Steel,USA,1,0,low degree,
jadi imaging holdings bhd,Chemicals,Malaysia,1,0,low degree,
jae tech,Automotive,USA,1,0,low degree,
jaiprakash power ventures,Electric Utilities,India,1,0,low degree,
jamco,Aerospace & Defense,Japan,1,0,low degree,
jan de nul,Engineering & Construction,Netherlands,1,0,low degree,
japan airport terminal,Transportation & Logistics,Japan,1,0,low degree,
japan climate systems,Automotive,Japan,1,0,low degree,
japan electronic materials,Semiconductors,Japan,1,0,low degree,
japan engine,Machinery,Japan,1,0,low degree,
japan freight railway,Transportation & Logistics,Japan,1,0,low degree,
japan marine united,Transportation Equipment,Japan,1,0,low degree,
japan material,Semiconductors,Japan,1,0,low degree,
japan organization for metals and energy security,Oil & Gas Producers,Japan,1,0,low degree,
japan pure chemical,Chemicals,Japan,1,0,low degree,
japan resistor manufacturing,Technology Hardware,Japan,1,0,low degree,
japan saudi arabia methanol,Chemicals,Japan,1,0,low degree,
japan transcity,Transportation & Logistics,Japan,1,0,low degree,
japan u-pica,Chemicals,Japan,1,0,low degree,
jardine strategic,Automotive,Bermuda,1,0,low degree,
jasamarga bali tol pt,Transportation & Logistics,Indonesia,1,0,low degree,
jasamarga kualanamu tol pt,Transportation & Logistics,Indonesia,1,0,low degree,
jason industries,Machinery,USA,1,0,low degree,
jatim taman steel manufacturing pt,Steel,Indonesia,1,0,low degree,
jazz aviation lp,Transportation & Logistics,Canada,1,0,low degree,
jb hunt transport services,Transportation & Logistics,USA,1,0,low degree,
jbm auto,Automotive,India,1,0,low degree,
jcet,Semiconductors,China,1,0,low degree,
jcy international bhd,Technology Hardware,Malaysia,1,0,low degree,
jdc,Engineering & Construction,Japan,1,0,low degree,
jeen yang industrial,Steel,Taiwan,1,0,low degree,
jeju hanlim offshore wind,Electric Utilities,South Korea,1,0,low degree,
jembo cable co tbk pt,Electrical Equipment,Indonesia,1,0,low degree,
jenax,Steel,South Korea,1,0,low degree,
jenoptik,Technology Hardware,Germany,1,0,low degree,
jeongam wind power,Electric Utilities,South Korea,1,0,low degree,
jera,Electric Utilities,Japan,1,0,low degree,
jersey electricity,Electric Utilities,UK,1,0,low degree,
jet2,Transportation & Logistics,UK,1,0,low degree,
jfe systems,Technology Services,Japan,1,0,low degree,
jg environmental technology,Machinery,South Korea,1,0,low degree,
ji-haw industrial,Electrical Equipment,Taiwan,1,0,low degree,
jia wei lifestyle,Industrial Intermediate Prod,Taiwan,1,0,low degree,
jiande city construction and development investment,Engineering & Construction,China,1,0,low degree,
jiangmen jiangci electric engineering enterprise,Electrical Equipment,China,1,0,low degree,
jiangsu baoli international investment,Construction Materials,China,1,0,low degree,
jiangsu boamax technologies,Industrial Intermediate Prod,China,1,0,low degree,
jiangsu huaihe chemicals,Chemicals,China,1,0,low degree,
jiangsu huasheng tianlong photoelectric,Machinery,China,1,0,low degree,
jiangsu jiangnan water,Gas & Water Utilities,China,1,0,low degree,
jiangsu kumho yangnong chemical,Chemicals,China,1,0,low degree,
jiangsu leadmicro nano technology,Machinery,China,1,0,low degree,
jiangsu liba enterprise jsc,Chemicals,China,1,0,low degree,
jiangsu sanfame polyester material,Chemicals,China,1,0,low degree,
jiangsu shentong valve,Industrial Intermediate Prod,China,1,0,low degree,
jiangsu skyray instrument,Electrical Equipment,China,1,0,low degree,
jiangsu tongguang electronic wire and cable,Electrical Equipment,China,1,0,low degree,
jiangsu wanlin modern logistics,Transportation & Logistics,China,1,0,low degree,
jiangsu wuzhong economic technology development,Engineering & Construction,China,1,0,low degree,
jiangsu yangrong chemical,Chemicals,China,1,0,low degree,
jiangsu yuxing industrial & trading,Chemicals,China,1,0,low degree,
jiangsu zhengdan chemical industry,Chemicals,China,1,0,low degree,
jiangsu zhongtian technology,Electrical Equipment,China,1,0,low degree,
jiangxi ganyue expressway,Transportation & Logistics,China,1,0,low degree,
jiangxi wannianqing cement,Construction Materials,China,1,0,low degree,
jiangxi xinyu guoke technology,Aerospace & Defense,China,1,0,low degree,
jiangxi xiushui xianglushan tungsten,Metals & Mining,China,1,0,low degree,
jiangxi zhicheng automobile,Automotive,China,1,0,low degree,
jianshe industry group yunnan,Aerospace & Defense,China,1,0,low degree,
jiaxing huachang electric furnishing,Automotive,China,1,0,low degree,
jiaxing jinyan chemical,Chemicals,China,1,0,low degree,
jiayou international logistics,Transportation & Logistics,China,1,0,low degree,
jilin chemical fibre,Chemicals,China,1,0,low degree,
jilin jinguan electric,Electric Utilities,China,1,0,low degree,
jilin province chuncheng heating,Electric Utilities,China,1,0,low degree,
jilin province tonghua iron & steel international trade,Metals & Mining,China,1,0,low degree,
jin tong ling technology,Machinery,China,1,0,low degree,
jindal photo,Technology Hardware,India,1,0,low degree,
jindal saw,Industrial Intermediate Prod,India,1,0,low degree,
jindal stainless,Steel,India,1,0,low degree,
jinduicheng molybdenum,Metals & Mining,China,1,0,low degree,
jingwei textile machinery,Machinery,China,1,0,low degree,
jinlei technology,Renewable Energy,China,1,0,low degree,
jinsung remicon,Construction Materials,South Korea,1,0,low degree,
jinsung t e c,Machinery,South Korea,1,0,low degree,
jinxi axle,Transportation Equipment,China,1,0,low degree,
jinzhou titanium industry,Chemicals,China,1,0,low degree,
jiuli,Steel,China,1,0,low degree,
jmc electronics,Semiconductors,Taiwan,1,0,low degree,
joby,Aerospace & Defense,USA,1,0,low degree,
jochu technology,Technology Hardware,Taiwan,1,0,low degree,
johannessen trading,Steel,USA,1,0,low degree,
john bean technologies,Machinery,USA,1,0,low degree,
johnstown wire technologies,Steel,USA,1,0,low degree,
jointo energy investment co ltd hebei,Electric Utilities,China,1,0,low degree,
joist estructuras sa de cv,Engineering & Construction,Mexico,1,0,low degree,
jolun a/s,Chemicals,Norway,1,0,low degree,
jonan denki kogyo kk,Electrical Equipment,Japan,1,0,low degree,
joon,Automotive,USA,1,0,low degree,
joong ang enervis,Oil & Gas Producers,South Korea,1,0,low degree,
jordan cement factories co psc,Construction Materials,Jordan,1,0,low degree,
jordan phosphate mines,Chemicals,Jordan,1,0,low degree,
jotun a/s,Chemicals,Norway,1,0,low degree,
jouder precision industry kunshan,Automotive,China,1,0,low degree,
jp elektroprivreda bih dd sarajevo,Electric Utilities,Bosnia And Herzegovina,1,0,low degree,
jtekt india,Automotive,India,1,0,low degree,
jung do e&p,Chemicals,South Korea,1,0,low degree,
k ensol,Machinery,South Korea,1,0,low degree,
k&o energy,Gas & Water Utilities,Japan,1,0,low degree,
k&s wire products,Industrial Intermediate Prod,USA,1,0,low degree,
k-electric,Electric Utilities,Pakistan,1,0,low degree,
kaga electronics,Technology Hardware,Japan,1,0,low degree,
kailuan group ltd liability,Metals & Mining,China,1,0,low degree,
kaison green energy technology,Automotive,Taiwan,1,0,low degree,
kaji technology,Machinery,Japan,1,0,low degree,
kakuto,Engineering & Construction,Japan,1,0,low degree,
kalisch fierro y acero sa de cv,Steel,Spain,1,0,low degree,
kaluzhskiy dvigatel oao,Renewable Energy,Russia,1,0,low degree,
kam kwan,Steel,Hong Kong,1,0,low degree,
kaman,Aerospace & Defense,USA,1,0,low degree,
kamarajar port,Transportation & Logistics,India,1,0,low degree,
kamaya,Steel,Japan,1,0,low degree,
kamensk-uralsky metallurgical plant dao,Metals & Mining,Russia,1,0,low degree,
kamigumi,Transportation & Logistics,Japan,1,0,low degree,
kamtec,Industrial Intermediate Prod,USA,1,0,low degree,
kanagawa chuo kotsu,Transportation & Logistics,Japan,1,0,low degree,
kanefusa,Machinery,Japan,1,0,low degree,
kangde xin composite material,Industrial Intermediate Prod,China,1,0,low degree,
kangwu,Engineering & Construction,Taiwan,1,0,low degree,
kaohsiung rapid transit,Transportation & Logistics,Taiwan,1,0,low degree,
karara mining,Metals & Mining,Australia,1,0,low degree,
karitsu,Transportation & Logistics,Japan,1,0,low degree,
karot power co pvt,Renewable Energy,Pakistan,1,0,low degree,
katakura & co-op agri,Chemicals,Japan,1,0,low degree,
kawaden,Electrical Equipment,Japan,1,0,low degree,
kawaguchi chemical industry,Chemicals,Japan,1,0,low degree,
kawakami paint manufacturing,Chemicals,Japan,1,0,low degree,
kawakin,Industrial Intermediate Prod,Japan,1,0,low degree,
kawasho kk,Engineering & Construction,Japan,1,0,low degree,
kazmunaigas exploration production jsc,Oil & Gas Producers,Kazakhstan,1,0,low degree,
kazmunaygas national co jsc,Oil & Gas Producers,Kazakhstan,1,0,low degree,
kbi dongkook industrial,Automotive,South Korea,1,0,low degree,
kc cottrell,Machinery,South Korea,1,0,low degree,
kco energy,Automotive,South Korea,1,0,low degree,
kctc,Transportation & Logistics,South Korea,1,0,low degree,
kei shen construction,Renewable Energy,Taiwan,1,0,low degree,
keihin,Automotive,Japan,1,0,low degree,
keihin seimitsu kogyo,Automotive,Japan,1,0,low degree,
keika,Machinery,Japan,1,0,low degree,
keiwa,Semiconductors,Japan,1,0,low degree,
keiyo gas,Gas & Water Utilities,Japan,1,0,low degree,
keli motor,Machinery,China,1,0,low degree,
kemya al-jubail petrochemical,Chemicals,Saudi Arabia,1,0,low degree,
kenturn nano tec,Machinery,Taiwan,1,0,low degree,
kenya airways,Transportation & Logistics,South Africa,1,0,low degree,
kerry tj logistics,Transportation & Logistics,Taiwan,1,0,low degree,
keum kang steel,Steel,South Korea,1,0,low degree,
kevitsa,Mine,Finland,0,1,low degree,
key ware electronics,Machinery,Taiwan,1,0,low degree,
kfc,Industrial Intermediate Prod,Japan,1,0,low degree,
kgmobilians,Technology Services,South Korea,1,0,low degree,
kh neochem,Chemicals,Japan,1,0,low degree,
khabarovskaya toplivnaya kompaniya ooo khtk ooo,Oil & Gas Producers,Russia,1,0,low degree,
kiekert,Automotive,Germany,1,0,low degree,
kilang pertamina internasional pt,Oil & Gas Producers,Indonesia,1,0,low degree,
kilpilahden voimalaitos oy,Engineering & Construction,Finland,1,0,low degree,
kimoto,Industrial Intermediate Prod,Japan,1,0,low degree,
kimura kohki,Electrical Equipment,Japan,1,0,low degree,
kimura unity,Transportation & Logistics,Japan,1,0,low degree,
king slide works,Industrial Intermediate Prod,Taiwan,1,0,low degree,
king yuan electronics,Semiconductors,Taiwan,1,0,low degree,
kinsus interconnect technology,Technology Hardware,Taiwan,1,0,low degree,
kinugawa rubber industrial co ltd/old,Chemicals,Japan,1,0,low degree,
kiocl,Metals & Mining,India,1,0,low degree,
kirchhoff automotive,Automotive,Germany,1,0,low degree,
kita koudensha,Engineering & Construction,Japan,1,0,low degree,
kitanihon seiki,Industrial Intermediate Prod,Japan,1,0,low degree,
kitz,Machinery,Japan,1,0,low degree,
kiwirail,Transportation & Logistics,New Zealand,1,0,low degree,
kl chemicals,Chemicals,Taiwan,1,0,low degree,
knight-swift transportation,Transportation & Logistics,USA,1,0,low degree,
ko ja cayman,Technology Hardware,Cayman Islands,1,0,low degree,
ko yo chemical,Chemicals,Cayman Islands,1,0,low degree,
koc holding as,Oil & Gas Producers,Turkey,1,0,low degree,
kodensha co ltd/the,Engineering & Construction,Japan,1,0,low degree,
kola,Mine,Russia,0,1,low degree,
kolor life science,Chemicals,Taiwan,1,0,low degree,
kols pao,Metals & Mining,Russia,1,0,low degree,
komatsu koki kk,Steel,Japan,1,0,low degree,
komico,Semiconductors,South Korea,1,0,low degree,
komos automotive india pvt,Automotive,India,1,0,low degree,
kongsberg gruppen asa,Transportation Equipment,Norway,1,0,low degree,
koninklijke boskalis,Engineering & Construction,Netherlands,1,0,low degree,
koninklijke philips,Medical Equipment & Devices,Netherlands,1,0,low degree,
konoike transport,Transportation & Logistics,Japan,1,0,low degree,
kordiant oao,Automotive,Russia,1,0,low degree,
korea cement,Construction Materials,South Korea,1,0,low degree,
korea energy agency,Renewable Energy,South Korea,1,0,low degree,
korea energy terminal,Oil & Gas Producers,South Korea,1,0,low degree,
korea steel,Steel,South Korea,1,0,low degree,
korshynov mining plant pjsc,Metals & Mining,Russia,1,0,low degree,
koryo electronics,Technology Hardware,Taiwan,1,0,low degree,
kosei,Engineering & Construction,Japan,1,0,low degree,
koss,Technology Hardware,USA,1,0,low degree,
kossen,Steel,South Korea,1,0,low degree,
kpic,Transportation & Logistics,South Korea,1,0,low degree,
kr copolymer,Chemicals,South Korea,1,0,low degree,
kr motors,Automotive,South Korea,1,0,low degree,
krasnoyarskkraiugol oao,Metals & Mining,Russia,1,0,low degree,
kraton formosa polymers,Industrial Intermediate Prod,Taiwan,1,0,low degree,
krishak bharati cooperative,Chemicals,India,1,0,low degree,
krones,Machinery,Germany,1,0,low degree,
kronos worldwide,Chemicals,USA,1,0,low degree,
kroondal (psa),Mine,South Africa,0,1,low degree,
krs,Transportation & Logistics,Japan,1,0,low degree,
ksb se & co kgaa,Machinery,Germany,1,0,low degree,
ksk energy ventures,Electric Utilities,India,1,0,low degree,
ksp,Machinery,South Korea,1,0,low degree,
kss line,Transportation & Logistics,South Korea,0,1,low degree,
kt,Telecommunications,South Korea,1,0,low degree,
kuangli bio-tech,Technology Hardware,China,0,1,low degree,
kubyshewazol pjsc,Chemicals,Russia,1,0,low degree,
kuibyshevazot pjsc,Chemicals,Russia,1,0,low degree,
kukdong oil & chemicals,Oil & Gas Producers,South Korea,1,0,low degree,
kumagai gumi,Engineering & Construction,Japan,1,0,low degree,
kung sing engineering,Engineering & Construction,Taiwan,1,0,low degree,
kunming iron & steel holding,Steel,China,1,0,low degree,
kunming yunnei power,Machinery,China,1,0,low degree,
kuroda electric,Semiconductors,Japan,1,0,low degree,
kurotani,Metals & Mining,Japan,1,0,low degree,
kutch chemical industries,Chemicals,India,1,0,low degree,
kuwait integrated petroleum industries,Oil & Gas Producers,Kuwait,1,0,low degree,
kvaerner asa,Engineering & Construction,Norway,1,0,low degree,
kwang yang motor,Automotive,Taiwan,1,0,low degree,
kyoden,Technology Hardware,Japan,1,0,low degree,
kyodo butsuryu service kk,Transportation & Logistics,Japan,1,0,low degree,
kyoei manufacturing vietnam,Automotive,Vietnam,1,0,low degree,
kyoei seisaku,Automotive,Japan,1,0,low degree,
kyogoku unyu shoji,Oil & Gas Producers,Japan,1,0,low degree,
kyokuyo industrial,Industrial Intermediate Prod,Japan,1,0,low degree,
kyosha,Technology Hardware,Japan,1,0,low degree,
kyoshin sangyo kk,Chemicals,Japan,1,0,low degree,
kyoto tool,Machinery,Japan,1,0,low degree,
kyrgyzaltyn ojsc,Metals & Mining,Kyrgyzstan,1,0,low degree,
kyung sung industry,Steel,South Korea,1,0,low degree,
lac des iles,Mine,Canada,0,1,low degree,
lafarge africa,Construction Materials,Nigeria,1,0,low degree,
laing o'rourke,Engineering & Construction,UK,1,0,low degree,
lalpir power,Electric Utilities,Pakistan,1,0,low degree,
lanka ioc,Oil & Gas Producers,Sri Lanka,1,0,low degree,
lanzhou city water supply,Gas & Water Utilities,China,1,0,low degree,
lapham-hickey steel,Steel,USA,1,0,low degree,
largan precision,Technology Hardware,Taiwan,1,0,low degree,
latvijas gaze,Gas & Water Utilities,Latvia,1,0,low degree,
lb lusem,Electrical Equipment,South Korea,1,0,low degree,
lb semicon,Semiconductors,South Korea,1,0,low degree,
lbc tank terminals,Gas & Water Utilities,USA,1,0,low degree,
lc chem,Chemicals,South Korea,1,0,low degree,
lead co inc/the,Automotive,Japan,1,0,low degree,
leadsun greentech,Renewable Energy,Taiwan,1,0,low degree,
leclanche,Renewable Energy,Switzerland,1,0,low degree,
legrand,Electrical Equipment,France,1,0,low degree,
lelon electronics,Semiconductors,Taiwan,1,0,low degree,
lendlease,Engineering & Construction,Australia,1,0,low degree,
lenoblgaz,Gas & Water Utilities,Russia,1,0,low degree,
leshan electric power,Electric Utilities,China,1,0,low degree,
letiste praha as,Transportation & Logistics,Czech Republic,1,0,low degree,
leyard optoelectronic,Technology Hardware,China,0,1,low degree,
lhyfe sas,Renewable Energy,France,1,0,low degree,
lianchuang electronic technology,Technology Hardware,China,0,1,low degree,
liaoning dongfang power generation,Electric Utilities,China,1,0,low degree,
liaoning energy industry,Metals & Mining,China,1,0,low degree,
liaoning fu-an heavy industry,Engineering & Construction,China,1,0,low degree,
liaoning shixing pharmaceutical & chemical,Chemicals,China,1,0,low degree,
light s/a,Electric Utilities,Spain,1,0,low degree,
light s/n,Electric Utilities,Brazil,1,0,low degree,
lightpath technologies,Technology Hardware,USA,1,0,low degree,
lightsource bp,Renewable Energy,USA,1,0,low degree,
lightsource renewable energy,Electric Utilities,UK,1,0,low degree,
lilama 69 1 jsc,Engineering & Construction,Vietnam,1,0,low degree,
lin tai construction enterprise,Construction Materials,Taiwan,1,0,low degree,
linamar forgings,Machinery,Canada,1,0,low degree,
lincoln electric,Machinery,USA,1,0,low degree,
lindab international ab,Industrial Intermediate Prod,Sweden,1,0,low degree,
linde india,Chemicals,India,1,0,low degree,
lindsay,Medical Equipment & Devices,USA,1,0,low degree,
lingsen precision industries,Semiconductors,Taiwan,1,0,low degree,
lingyuan iron & steel,Steel,China,1,0,low degree,
lionmesh prima tbk pt,Steel,Indonesia,1,0,low degree,
lisi,Aerospace & Defense,France,1,0,low degree,
litens automotive partnership,Industrial Intermediate Prod,Canada,1,0,low degree,
litens automotive suzhou,Automotive,China,1,0,low degree,
littelfuse,Electrical Equipment,USA,1,0,low degree,
ljtt,Automotive,Japan,1,0,low degree,
llog exploration offshore,Oil & Gas Services & Equip,USA,1,0,low degree,
loc troi group jsc,Chemicals,Vietnam,1,0,low degree,
logah technology,Technology Hardware,Taiwan,0,1,low degree,
logindo samudramakmur tbk pt,Transportation & Logistics,Indonesia,1,0,low degree,
logisteed,Transportation & Logistics,Japan,1,0,low degree,
logistics,Transportation & Logistics,South Korea,1,0,low degree,
lohakit metal pcl,Steel,Thailand,1,0,low degree,
longjian road & bridge,Engineering & Construction,China,1,0,low degree,
longxing chemical industry,Chemicals,Hong Kong,1,0,low degree,
loop industries,Industrial Intermediate Prod,USA,1,0,low degree,
los angeles department of water & power,Gas & Water Utilities,USA,1,0,low degree,
lotte chemical com,Chemicals,South Korea,1,0,low degree,
lotte energy materials,Electrical Equipment,South Korea,1,0,low degree,
ls cable & system,Electrical Equipment,South Korea,1,0,low degree,
lt sambo,Engineering & Construction,South Korea,1,0,low degree,
ltc co ltd/south korea,Chemicals,South Korea,1,0,low degree,
lti steel wire rope shanghai,Steel,China,1,0,low degree,
ltk svobodny sokol ooo,Metals & Mining,Russia,1,0,low degree,
lubelski wegiel bogdanka,Metals & Mining,Spain,1,0,low degree,
luckland,Engineering & Construction,Japan,1,0,low degree,
lucknow metro rail,Engineering & Construction,India,1,0,low degree,
lucky film,Chemicals,China,1,0,low degree,
lulekraft ab,Renewable Energy,Sweden,1,0,low degree,
lumen technologies,Telecommunications,USA,1,0,low degree,
luossavaara-kiirunavaara ab,Metals & Mining,Sweden,1,0,low degree,
luoyang fuchuan mining,Metals & Mining,China,1,0,low degree,
luoyang lyc bearing,Industrial Intermediate Prod,China,1,0,low degree,
luoyang north glass technology,Machinery,China,1,0,low degree,
luoyang xingianglian slewing bearing,Industrial Intermediate Prod,China,1,0,low degree,
luxi chemical,Chemicals,China,1,0,low degree,
lx hausys,Construction Materials,South Korea,1,0,low degree,
m2n,Steel,South Korea,1,0,low degree,
maaden barrick copper,Metals & Mining,Saudi Arabia,1,0,low degree,
macom technology solutions,Semiconductors,USA,1,0,low degree,
madras fertilizers,Chemicals,India,1,0,low degree,
maezawa kasei industries,Construction Materials,Japan,1,0,low degree,
maezawa kyuso industries,Industrial Intermediate Prod,Japan,1,0,low degree,
magang group holding,Steel,China,1,0,low degree,
magellan international,Metals & Mining,USA,1,0,low degree,
magellan international trading,Steel,USA,1,0,low degree,
magna terra minerals,Metals & Mining,Canada,1,0,low degree,
magnate technology,Aerospace & Defense,Taiwan,1,0,low degree,
magnetto automotive,Automotive,Japan,1,0,low degree,
maharashtra state power generation,Electric Utilities,India,1,0,low degree,
mahle behr gmbh & co kg,Automotive,Germany,1,0,low degree,
mai liao power,Electric Utilities,Taiwan,1,0,low degree,
mainfreight,Transportation & Logistics,New Zealand,1,0,low degree,
mainstream renewable power,Renewable Energy,Ireland,1,0,low degree,
mainstrument,Electrical Equipment,USA,1,0,low degree,
makishinko,Machinery,Japan,1,0,low degree,
malabar cements,Construction Materials,India,1,0,low degree,
malakoff corp bhd,Electric Utilities,Malaysia,1,0,low degree,
malaysia airports holdings bhd,Transportation & Logistics,Malaysia,1,0,low degree,
malaysian npk fertilizer sdn bhd,Chemicals,Malaysia,1,0,low degree,
malaysian refining co sdn bhd,Oil & Gas Producers,Malaysia,1,0,low degree,
mamiya-op,Machinery,Japan,1,0,low degree,
manchester airport,Transportation & Logistics,UK,1,0,low degree,
manho rope & wire,Industrial Intermediate Prod,South Korea,1,0,low degree,
mannoh industrial,Automotive,Japan,1,0,low degree,
mansarovar energy colombia,Oil & Gas Producers,Bermuda,1,0,low degree,
manufacturera de ciguenales de mexico sa de cv,Automotive,Mexico,1,0,low degree,
maoming petro-chemical shihua,Chemicals,China,1,0,low degree,
maquinados automotrices y talleres industriales de celaya sa de cv,Industrial Intermediate Prod,Mexico,1,0,low degree,
marathon industries,Transportation Equipment,USA,1,0,low degree,
marelli sistemas automotivos industria e comercio brasil ltda,Automotive,Brazil,1,0,low degree,
marga sarana jabar pt,Engineering & Construction,Indonesia,1,0,low degree,
mari petroleum,Oil & Gas Producers,Pakistan,1,0,low degree,
marikana (psa),Mine,South Africa,0,1,low degree,
mark dynamics indonesia tbk pt,Industrial Intermediate Prod,Indonesia,1,0,low degree,
martas precision slide,Industrial Intermediate Prod,Taiwan,1,0,low degree,
marten transport,Transportation & Logistics,USA,1,0,low degree,
martin marietta materials,Construction Materials,USA,1,0,low degree,
martinrea international,Automotive,Canada,1,0,low degree,
maruishi chemical trading,Chemicals,Japan,1,0,low degree,
marula,Mine,South Africa,0,1,low degree,
maruo calcium,Chemicals,Japan,1,0,low degree,
maruwa co ltd/aichi,Technology Hardware,Japan,1,0,low degree,
maruzen co ltd/taito ward,Machinery,Japan,1,0,low degree,
maruzen showa unyu,Transportation & Logistics,Japan,1,0,low degree,
masinloc power partners,Electric Utilities,Philippines,1,0,low degree,
mass energy group holding,Electric Utilities,Cayman Islands,1,0,low degree,
mastermelt,Metals & Mining,UK,1,0,low degree,
matador mining,Metals & Mining,Australia,1,0,low degree,
matay otomotiv yan sanayi ve tic as,Automotive,Turkey,1,0,low degree,
materials petroleum jsc,Oil & Gas Producers,Vietnam,1,0,low degree,
mattr,Oil & Gas Services & Equip,Canada,1,0,low degree,
maverix metals,Metals & Mining,Canada,1,0,low degree,
maxiparts,Transportation Equipment,Australia,1,0,low degree,
mb power madhya pradesh,Electric Utilities,India,1,0,low degree,
mbl infrastructure,Engineering & Construction,India,1,0,low degree,
mc solution,Electrical Equipment,South Korea,1,0,low degree,
mcc liaoning dragon pipe industries,Steel,China,1,0,low degree,
mccarran international airport,Transportation & Logistics,USA,1,0,low degree,
mcs steel pcl,Steel,Thailand,1,0,low degree,
md helicopters,Aerospace & Defense,USA,1,0,low degree,
mdu resources,Construction Materials,USA,1,0,low degree,
medco daya abadi lestari pt,Oil & Gas Producers,Indonesia,1,0,low degree,
medikit,Medical Equipment & Devices,Japan,1,0,low degree,
mega steel & tube,Steel,USA,1,0,low degree,
megachips,Semiconductors,Japan,1,0,low degree,
megha engineering & infrastructures,Engineering & Construction,India,1,0,low degree,
meghmani organics ltd/in,Chemicals,India,1,0,low degree,
meglobal,Chemicals,Netherlands,1,0,low degree,
meglobal canada ulc,Chemicals,Canada,1,0,low degree,
meihua,Chemicals,China,1,0,low degree,
meiko construction,Engineering & Construction,Japan,1,0,low degree,
meiko electronics,Technology Hardware,Japan,1,0,low degree,
meiko trans,Transportation & Logistics,Japan,1,0,low degree,
meindo elang indah pt,Engineering & Construction,Indonesia,1,0,low degree,
meisei industrial,Engineering & Construction,Japan,1,0,low degree,
melfas,Technology Hardware,South Korea,0,1,low degree,
mellitah oil & gas bb,Oil & Gas Services & Equip,Italy,1,0,low degree,
melon,Construction Materials,Spain,1,0,low degree,
menicon,Medical Equipment & Devices,Japan,1,0,low degree,
mercedes benz,Automotive,Germany,1,0,low degree,
merchandise warehouse,Transportation & Logistics,USA,1,0,low degree,
mercuria energy trading pte,Oil & Gas Producers,Singapore,1,0,low degree,
mercury systems,Aerospace & Defense,USA,1,0,low degree,
meridian bioscience,Medical Equipment & Devices,USA,1,0,low degree,
mesa air,Transportation & Logistics,USA,1,0,low degree,
mesa air groun,Transportation & Logistics,USA,1,0,low degree,
mesabi trust,Metals & Mining,USA,1,0,low degree,
meta epsi pt,Engineering & Construction,Indonesia,1,0,low degree,
metallifer mf ltee,Steel,Canada,1,0,low degree,
metalloinvest holding co oao,Metals & Mining,Russia,1,0,low degree,
methode electronics,Automotive,USA,1,0,low degree,
metinvest international,Metals & Mining,Switzerland,1,0,low degree,
metis energy,Transportation & Logistics,Singapore,1,0,low degree,
metro pacific investments,Gas & Water Utilities,Philippines,1,0,low degree,
metropolitan expressway,Transportation & Logistics,Japan,1,0,low degree,
metropolitan transportation authority,Transportation & Logistics,USA,1,0,low degree,
metroselskabet i/s,Transportation & Logistics,Denmark,1,0,low degree,
meyer werft,Transportation Equipment,Germany,1,0,low degree,
mezhregionenergostroi ooo,Engineering & Construction,Russia,1,0,low degree,
mge energy,Electric Utilities,USA,1,0,low degree,
michu district 8 redevelopment and maintenance business association,Engineering & Construction,South Korea,1,0,low degree,
micron technology,Semiconductors,USA,1,0,low degree,
micronics japan,Semiconductors,Japan,1,0,low degree,
midland exploration,Metals & Mining,Canada,1,0,low degree,
mikhailovsky gok named after andrey vladimirovich varichev jsc,Metals & Mining,Russia,1,0,low degree,
mikhailovsky hbi,Metals & Mining,Russia,1,0,low degree,
mikuni,Automotive,Japan,1,0,low degree,
millat tractors,Machinery,Pakistan,1,0,low degree,
milplan engenharia construcoes e montagens ltda,Engineering & Construction,Brazil,1,0,low degree,
milwaukee transport services,Transportation & Logistics,USA,1,0,low degree,
mimosa,Mine,Zimbabwe,0,1,low degree,
min aik technology,Technology Hardware,Taiwan,1,0,low degree,
minasmaquinas,Automotive,Brazil,1,0,low degree,
mindray medical international,Medical Equipment & Devices,Cayman Islands,1,0,low degree,
ming yang smart energy,Renewable Energy,China,1,0,low degree,
minmetals aluminium,Chemicals,China,1,0,low degree,
minmetals australia pty,Steel,Australia,1,0,low degree,
minmetals germany,Metals & Mining,Germany,1,0,low degree,
minmetals japan,Metals & Mining,Japan,1,0,low degree,
minmetals korea,Steel,South Korea,1,0,low degree,
minmetals shipping & forwarding shanghai,Transportation & Logistics,China,1,0,low degree,
minmetals uk,Steel,UK,1,0,low degree,
minnkota power cooperative,Electric Utilities,USA,1,0,low degree,
mino ceramic,Construction Materials,Japan,1,0,low degree,
mintian steel,Steel,China,1,0,low degree,
mip engenharia s/a,Engineering & Construction,Spain,1,0,low degree,
mirai industry,Construction Materials,Japan,1,0,low degree,
miraial,Semiconductors,Japan,1,0,low degree,
mirait one,Engineering & Construction,Japan,1,0,low degree,
mirfa international power & water co pjsc,Electric Utilities,UAE,1,0,low degree,
misr beni suef cement,Construction Materials,Egypt,1,0,low degree,
misumi,Oil & Gas Producers,Japan,1,0,low degree,
misung trading,Chemicals,South Korea,1,0,low degree,
mitani,Construction Materials,Japan,1,0,low degree,
mitra international resources tbk pt,Transportation & Logistics,Indonesia,1,0,low degree,
mitrabara adiperdana tbk pt,Metals & Mining,Indonesia,1,0,low degree,
mitsubishi,Electrical Equipment,Japan,1,0,low degree,
mitsubishi kakoki kaisha,Engineering & Construction,Japan,1,0,low degree,
mitsui sumitomo metal mining brass & copper,Metals & Mining,Japan,1,0,low degree,
mitsui-soko,Transportation & Logistics,Japan,1,0,low degree,
mitsuuroko,Oil & Gas Producers,Japan,1,0,low degree,
miura,Electrical Equipment,Japan,1,0,low degree,
miwon europe,Chemicals,Germany,1,0,low degree,
miwon spain sl sociedad unipersonal,Chemicals,Spain,1,0,low degree,
mk weeden construction,Engineering & Construction,USA,1,0,low degree,
mmi holdings ltd/singapore,Electrical Equipment,Singapore,1,0,low degree,
mntech,Technology Hardware,South Korea,1,0,low degree,
mobase,Technology Hardware,South Korea,1,0,low degree,
mobiis,Technology Hardware,South Korea,1,0,low degree,
mobiletron electronics,Automotive,Taiwan,1,0,low degree,
mobileye global,Automotive,USA,1,0,low degree,
modikwa,Mine,South Africa,0,1,low degree,
modine manufacturing,Electrical Equipment,USA,1,0,low degree,
mog digitech,Technology Services,Cayman Islands,1,0,low degree,
mogalakwena,Mine,South Africa,0,1,low degree,
mol hungarian oil & gas,Oil & Gas Producers,Hungary,1,0,low degree,
monadelphous,Engineering & Construction,Australia,1,0,low degree,
mongolian mining,Metals & Mining,Cayman Islands,1,0,low degree,
moojinkeeyeon,Engineering & Construction,South Korea,1,0,low degree,
moonbae steel,Steel,South Korea,1,0,low degree,
morgan sindall,Engineering & Construction,UK,1,0,low degree,
morgan sindall group pic,Engineering & Construction,UK,1,0,low degree,
morganite crucible india,Construction Materials,India,1,0,low degree,
morishita,Chemicals,Japan,1,0,low degree,
morita,Transportation Equipment,Japan,1,0,low degree,
motorola solutions,Technology Hardware,USA,1,0,low degree,
motors liquidation,Automotive,USA,1,0,low degree,
mototolo,Mine,South Africa,0,1,low degree,
mp materials,Metals & Mining,USA,1,0,low degree,
mplx lp,Oil & Gas Producers,USA,1,0,low degree,
msc mediterranean shipping,Transportation & Logistics,Switzerland,1,0,low degree,
mtq,Oil & Gas Services & Equip,Singapore,1,0,low degree,
mueller industries,Industrial Intermediate Prod,USA,1,0,low degree,
muhr und bender kg,Automotive,Germany,1,0,low degree,
multibase india,Chemicals,India,1,0,low degree,
multimetco,Metals & Mining,USA,1,0,low degree,
multistrada arah sarana tbk p,Automotive,Indonesia,1,0,low degree,
multivac sepp haggenmueller se & co kg,Machinery,Germany,1,0,low degree,
mundys,Transportation & Logistics,Italy,1,0,low degree,
muro,Automotive,Japan,1,0,low degree,
murphy oil,Oil & Gas Producers,USA,1,0,low degree,
mvm energetika zrt,Electric Utilities,Hungary,1,0,low degree,
mycron steel bhd,Steel,Malaysia,1,0,low degree,
myoung shin industrial,Automotive,South Korea,1,0,low degree,
mytilineos,Electric Utilities,Belgium,1,0,low degree,
myunghwa ind,Automotive,USA,1,0,low degree,
nadezhdinski metallurgical plant pjsc,Steel,Russia,1,0,low degree,
naepo green energy,Renewable Energy,South Korea,1,0,low degree,
nagano industry,Machinery,Taiwan,1,0,low degree,
nagano keiki,Electrical Equipment,Japan,1,0,low degree,
nagano tsuun kk,Transportation & Logistics,Japan,1,0,low degree,
nagoya railroad,Transportation & Logistics,Japan,1,0,low degree,
nagoya tec,Electrical Equipment,Japan,1,0,low degree,
naikai zosen,Transportation Equipment,Japan,1,0,low degree,
najran cement,Construction Materials,Saudi Arabia,1,0,low degree,
nak sealing technologies,Industrial Intermediate Prod,Taiwan,1,0,low degree,
nakamura gear & machinery,Machinery,Japan,1,0,low degree,
nakano refrigerators,Electrical Equipment,Japan,1,0,low degree,
nakayo,Technology Hardware,Japan,1,0,low degree,
nam hwa construction,Engineering & Construction,South Korea,1,0,low degree,
nam song hau tradinginvesting petroleum jsc,Oil & Gas Producers,Vietnam,1,0,low degree,
nan juen international,Industrial Intermediate Prod,Taiwan,1,0,low degree,
nan kang rubber tire,Automotive,Taiwan,1,0,low degree,
nanchang cemented carbide,Metals & Mining,China,1,0,low degree,
nanchang jianglin huaxiang automobile parts,Automotive,China,1,0,low degree,
nanfang zhongjin environment,Machinery,China,1,0,low degree,
nanhua bio-medicine,Medical Equipment & Devices,China,1,0,low degree,
nanjing baose,Industrial Intermediate Prod,China,1,0,low degree,
nanjing chemical fibre,Chemicals,China,1,0,low degree,
nanjing iron & steel,Steel,China,0,1,low degree,
nanjing julong science & technology,Chemicals,China,1,0,low degree,
nanjing kumho gpro chemical,Chemicals,China,1,0,low degree,
nanjing port,Transportation & Logistics,China,1,0,low degree,
nanjing public utilities development,Gas & Water Utilities,China,1,0,low degree,
nanjing wavelength opto-electronic science & technology,Technology Hardware,China,1,0,low degree,
nankai electric railway,Transportation & Logistics,Japan,1,0,low degree,
nanning baling technology,Automotive,China,1,0,low degree,
nanoplus,Chemicals,Cayman Islands,1,0,low degree,
nanshan,Metals & Mining,China,1,0,low degree,
nantong urban construction,Engineering & Construction,China,1,0,low degree,
nantong xingchen synthetic material,Chemicals,China,1,0,low degree,
nanya technology,Semiconductors,Taiwan,1,0,low degree,
nari technology,Electrical Equipment,China,1,0,low degree,
national chlorine,Chemicals,Egypt,1,0,low degree,
national coal,Metals & Mining,USA,1,0,low degree,
national electric power co/jordan,Electric Utilities,Jordan,1,0,low degree,
national fertilizers,Chemicals,India,1,0,low degree,
national fuel gas,Gas & Water Utilities,USA,1,0,low degree,
national gas & industrialization,Gas & Water Utilities,Saudi Arabia,1,0,low degree,
national jsc naftogaz of ukraine,Oil & Gas Producers,Ukraine,1,0,low degree,
national oil,Oil & Gas Producers,Libyan Arab Jamahiriya,1,0,low degree,
national power transmission,Electric Utilities,Vietnam,1,0,low degree,
national railroad passenger,Transportation & Logistics,USA,1,0,low degree,
national refinery,Oil & Gas Producers,Pakistan,1,0,low degree,
national retail transportation,Transportation & Logistics,USA,1,0,low degree,
national shipping co of saudi arabia/the,Transportation & Logistics,Saudi Arabia,1,0,low degree,
natoco,Chemicals,Japan,1,0,low degree,
natural gas distribution,Oil & Gas Producers,Saudi Arabia,1,0,low degree,
natural gas pipeline co of america,Oil & Gas Producers,USA,1,0,low degree,
natureworks,Chemicals,USA,1,0,low degree,
naturgy chile gas natural,Gas & Water Utilities,Chile,1,0,low degree,
naura technology,Semiconductors,China,1,0,low degree,
nava nakorn electricity generating,Electric Utilities,Thailand,1,0,low degree,
navayuga engineering,Engineering & Construction,India,1,0,low degree,
nbn,Telecommunications,Australia,1,0,low degree,
ncxx,Technology Hardware,Japan,1,0,low degree,
ndfos,Industrial Intermediate Prod,South Korea,1,0,low degree,
nec networks & system integration,Technology Services,Japan,1,0,low degree,
nederlandse gasunie,Gas & Water Utilities,Netherlands,1,0,low degree,
nel asa,Renewable Energy,Norway,1,0,low degree,
nelsen steel & wire lp,Steel,USA,1,0,low degree,
neo lithium,Metals & Mining,Canada,1,0,low degree,
neo performance materials,Chemicals,Canada,1,0,low degree,
neometals,Metals & Mining,Australia,1,0,low degree,
neooto,Automotive,South Korea,1,0,low degree,
nest logitics kk,Transportation & Logistics,Japan,1,0,low degree,
netgear,Technology Hardware,USA,1,0,low degree,
network rail,Engineering & Construction,UK,1,0,low degree,
new brunswick power,Electric Utilities,Canada,1,0,low degree,
new east,Transportation & Logistics,Japan,1,0,low degree,
new fortress energy,Oil & Gas Producers,USA,1,0,low degree,
new gold,Metals & Mining,Canada,1,0,low degree,
new hampshire electric cooperative,Electric Utilities,USA,1,0,low degree,
new york city transit authority,Transportation & Logistics,USA,1,0,low degree,
new york state thruway authority,Transportation & Logistics,USA,1,0,low degree,
nexa resources,Metals & Mining,Luxembourg,1,0,low degree,
nexchip semiconductor,Semiconductors,China,1,0,low degree,
nexolon,Renewable Energy,South Korea,1,0,low degree,
ngawi kertosono jaya pt,Engineering & Construction,Indonesia,1,0,low degree,
ngezi,Mine,Zimbabwe,0,1,low degree,
nh international,Steel,USA,1,0,low degree,
nhava sheva india gateway terminal pvt,Transportation & Logistics,India,1,0,low degree,
nhpc,Electric Utilities,India,1,0,low degree,
niagara lasalle,Steel,USA,1,0,low degree,
nic autotec,Metals & Mining,Japan,1,0,low degree,
nicca chemical,Chemicals,Japan,1,0,low degree,
nichidenbo,Technology Hardware,Taiwan,1,0,low degree,
nichireki,Engineering & Construction,Japan,1,0,low degree,
nickel industries,Metals & Mining,Australia,1,0,low degree,
nihon decoluxe,Industrial Intermediate Prod,Japan,1,0,low degree,
nihon dengi,Engineering & Construction,Japan,1,0,low degree,
nihon denkei,Electrical Equipment,Japan,1,0,low degree,
nihon tokushu toryo,Automotive,Japan,1,0,low degree,
nikicato,Chemicals,Japan,1,0,low degree,
nikkato,Chemicals,Japan,1,0,low degree,
nikken koatsu heiwa kido kk,Engineering & Construction,Japan,1,0,low degree,
nikki,Automotive,Japan,1,0,low degree,
nikola,Transportation Equipment,USA,1,0,low degree,
ningbo baoxin stainless steel,Steel,China,1,0,low degree,
ningbo free trade zone shoude trade,Metals & Mining,China,1,0,low degree,
ningbo fubang jingye,Metals & Mining,China,1,0,low degree,
ningbo gaofa automotive control system,Automotive,China,1,0,low degree,
ningbo hangzhou bay bridge development,Transportation & Logistics,China,1,0,low degree,
ningbo jifeng auto parts,Automotive,China,1,0,low degree,
ningbo jintian new material,Industrial Intermediate Prod,China,1,0,low degree,
ningbo rixing casting industry,Machinery,China,1,0,low degree,
ningbo shuanglin auto parts,Automotive,China,1,0,low degree,
ningbo zhoushan port,Transportation & Logistics,China,1,0,low degree,
ningde city communication investment,Transportation & Logistics,China,1,0,low degree,
ningxia jingneng ningdong electric power,Electric Utilities,China,1,0,low degree,
ninh binh thermal power jsc,Electric Utilities,Vietnam,1,0,low degree,
nintendo,Technology Hardware,Japan,1,0,low degree,
nippo,Engineering & Construction,Japan,1,0,low degree,
nippon antenna,Technology Hardware,Japan,1,0,low degree,
nippon corrosion engineering co ltd/the,Engineering & Construction,Japan,1,0,low degree,
nippon filcon co ltd/tokyo,Machinery,Japan,1,0,low degree,
nippon fine chemical,Chemicals,Japan,1,0,low degree,
nippon gas,Gas & Water Utilities,Japan,1,0,low degree,
nippon koei,Engineering & Construction,Japan,1,0,low degree,
nippon lock,Electrical Equipment,Japan,1,0,low degree,
nippon pigment,Chemicals,Japan,1,0,low degree,
nippon pillar packing,Machinery,Japan,1,0,low degree,
nippon road co ltd/the,Engineering & Construction,Japan,1,0,low degree,
nippon seiki,Automotive,Japan,1,0,low degree,
nippon signal company,Technology Hardware,Japan,1,0,low degree,
nippon telegraph & telephone,Telecommunications,Japan,1,0,low degree,
nippon thompson,Industrial Intermediate Prod,Japan,1,0,low degree,
nippon tungsten,Industrial Intermediate Prod,Japan,1,0,low degree,
nipsea paint & chemicals pt,Chemicals,Indonesia,1,0,low degree,
nissei technology,Electrical Equipment,Japan,1,0,low degree,
nissin brake vietnam,Automotive,Vietnam,1,0,low degree,
nissin electric,Electrical Equipment,Japan,1,0,low degree,
nissin shoji,Oil & Gas Producers,Japan,1,0,low degree,
nitta,Industrial Intermediate Prod,Japan,1,0,low degree,
nitto kako,Industrial Intermediate Prod,Japan,1,0,low degree,
nittoku,Electrical Equipment,Japan,1,0,low degree,
nizhegorodoblgaz dao,Gas & Water Utilities,Russia,1,0,low degree,
nkomati,Mine,South Africa,0,1,low degree,
nobian chemicals,Metals & Mining,Netherlands,1,0,low degree,
noble,Metals & Mining,Bermuda,1,0,low degree,
nokia oyj,Technology Hardware,Finland,1,0,low degree,
nomura micro science,Machinery,Japan,1,0,low degree,
nordex usa,Renewable Energy,USA,1,0,low degree,
norfolk southern,Transportation & Logistics,USA,1,0,low degree,
norilsk,Mine,Russia,0,1,low degree,
nortech systems,Electrical Equipment,USA,1,0,low degree,
nortek,Electrical Equipment,USA,1,0,low degree,
north china aluminium,Metals & Mining,China,1,0,low degree,
north china grid,Electric Utilities,China,1,0,low degree,
north-star international,Oil & Gas Producers,USA,1,0,low degree,
northeast light alloy,Metals & Mining,China,1,0,low degree,
northern border pipeline,Oil & Gas Producers,USA,1,0,low degree,
northern power,Electric Utilities,Vietnam,1,0,low degree,
northern star resources,Metals & Mining,Australia,1,0,low degree,
northvolt ett ab,Technology Hardware,Sweden,1,0,low degree,
northwestern energy,Electric Utilities,USA,1,0,low degree,
nov,Oil & Gas Services & Equip,USA,1,0,low degree,
nova chemicals,Chemicals,Canada,1,0,low degree,
nova poshta,Transportation & Logistics,Ukraine,1,0,low degree,
nova trading,Steel,Poland,1,0,low degree,
novanta,Electrical Equipment,Canada,1,0,low degree,
novapet,Industrial Intermediate Prod,Spain,1,0,low degree,
novelis inc/ontario,Metals & Mining,USA,1,0,low degree,
novonor,Engineering & Construction,Brazil,1,0,low degree,
npp neftekhimiya ooo,Chemicals,Russia,1,0,low degree,
nrg energy,Electric Utilities,USA,1,0,low degree,
nrw,Metals & Mining,Australia,1,0,low degree,
ns architectural steel services,Metals & Mining,Japan,1,0,low degree,
ns auto tech,Automotive,South Korea,1,0,low degree,
ns bluescope vietnam,Steel,Vietnam,1,0,low degree,
ns solutions,Technology Services,Japan,1,0,low degree,
ns tool,Machinery,Japan,1,0,low degree,
nst manufacturing,Metals & Mining,South Korea,1,0,low degree,
ntpc ge power services pvt,Electric Utilities,India,1,0,low degree,
ntt data,Technology Services,Japan,1,0,low degree,
nusa halmahera minerals pt,Metals & Mining,Indonesia,1,0,low degree,
nusantara steelmills indonesia pt,Steel,Indonesia,1,0,low degree,
nuvve holding,Electrical Equipment,USA,1,0,low degree,
nvh india anantapur auto parts pvt,Automotive,India,1,0,low degree,
nvidia,Semiconductors,USA,1,0,low degree,
nxp semiconductors,Semiconductors,Netherlands,1,0,low degree,
nylco mexicana sa de cv,Steel,Spain,1,0,low degree,
nyrstan,Metals & Mining,Netherlands,1,0,low degree,
nyrstar,Metals & Mining,Belgium,1,0,low degree,
ocean power technologies,Renewable Energy,USA,1,0,low degree,
oceaneering international,Oil & Gas Services & Equip,USA,1,0,low degree,
ocp,Chemicals,Spain,1,0,low degree,
odfjell se,Transportation & Logistics,Norway,1,0,low degree,
odfjell terminals korea,Transportation & Logistics,South Korea,1,0,low degree,
og&e electric services,Electric Utilities,USA,1,0,low degree,
ogihara,Automotive,Japan,1,0,low degree,
ognibene power,Machinery,Italy,1,0,low degree,
ohkubo seiki kogyo,Machinery,Japan,1,0,low degree,
oil and gas holding co bscc/the,Oil & Gas Producers,Bahrain,1,0,low degree,
oil search,Oil & Gas Producers,UK,1,0,low degree,
oiles,Industrial Intermediate Prod,Japan,1,0,low degree,
okada aiyon,Machinery,Japan,1,0,low degree,
okada industries,Machinery,Japan,1,0,low degree,
okamoto glass,Technology Hardware,Japan,1,0,low degree,
okano valve manufacturing,Machinery,Japan,1,0,low degree,
oke precision cutting tools,Machinery,Taiwan,1,0,low degree,
okea asa,Oil & Gas Producers,Norway,1,0,low degree,
okinawa technocrete,Construction Materials,Japan,1,0,low degree,
okita iron works,Metals & Mining,Japan,1,0,low degree,
okuma,Machinery,Japan,1,0,low degree,
old steelco,Steel,USA,1,0,low degree,
oldelval,Oil & Gas Producers,Spain,1,0,low degree,
oleoducto trasandino chile,Oil & Gas Producers,Chile,1,0,low degree,
olympic steel,Steel,USA,1,0,low degree,
omnitek engineering,Automotive,USA,1,0,low degree,
omron,Machinery,Japan,1,0,low degree,
omv petrom,Oil & Gas Producers,Romania,1,0,low degree,
onamba,Electrical Equipment,Japan,1,0,low degree,
one 97 communications,Technology Services,India,1,0,low degree,
oneok,Oil & Gas Producers,USA,1,0,low degree,
ongc petro additions,Oil & Gas Producers,India,1,0,low degree,
ongc tripura power,Electric Utilities,India,1,0,low degree,
ontic engineering & manufacturing,Aerospace & Defense,USA,1,0,low degree,
ontic engineering & manufacturing uk,Aerospace & Defense,UK,1,0,low degree,
opg power ventures,Electric Utilities,UK,1,0,low degree,
orano,Metals & Mining,Luxembourg,1,0,low degree,
oreloblgaz oao,Gas & Water Utilities,Russia,1,0,low degree,
organizacion terpel,Oil & Gas Producers,Colombia,1,0,low degree,
organo,Machinery,Japan,1,0,low degree,
oriental energy,Oil & Gas Producers,China,1,0,low degree,
oriental petrochemical shanghai,Chemicals,China,1,0,low degree,
oriental precision & engineering,Transportation Equipment,South Korea,1,0,low degree,
origin agritech,Chemicals,"Virgin Islands, British",1,0,low degree,
orinko advanced plastics,Chemicals,China,1,0,low degree,
ormat technologies,Electric Utilities,USA,1,0,low degree,
orogen royalties,Metals & Mining,Canada,1,0,low degree,
osaka seiko,Automotive,Japan,1,0,low degree,
osaka yuka industry,Chemicals,Japan,1,0,low degree,
osstem implant,Medical Equipment & Devices,South Korea,1,0,low degree,
osung advanced materials,Machinery,South Korea,1,0,low degree,
otani kogyo,Electrical Equipment,Japan,1,0,low degree,
otics,Automotive,Japan,1,0,low degree,
otransportes aereos pegaso sa de cv,Transportation & Logistics,Spain,1,0,low degree,
otter products,Technology Hardware,USA,1,0,low degree,
ouyeel,Steel,China,1,0,low degree,
ovh groupe sas,Technology Services,France,1,0,low degree,
ovintiv,Oil & Gas Producers,USA,1,0,low degree,
oxelosunds hamn ab,Transportation & Logistics,Sweden,1,0,low degree,
oyo,Engineering & Construction,Japan,1,0,low degree,
pacific coast warehouse,Transportation & Logistics,USA,1,0,low degree,
pacific drilling,Oil & Gas Services & Equip,Luxembourg,1,0,low degree,
pacific infrastructure project development and investment,Engineering & Construction,China,1,0,low degree,
pacific national holdings pty,Transportation & Logistics,Australia,1,0,low degree,
pacific petroleum transportation jsc,Transportation & Logistics,Vietnam,1,0,low degree,
pakgen power,Electric Utilities,Pakistan,1,0,low degree,
pakistan oilfields,Oil & Gas Producers,Pakistan,1,0,low degree,
pakistan refinery,Oil & Gas Producers,Pakistan,1,0,low degree,
paladin energy,Metals & Mining,Australia,1,0,low degree,
pam transportation services,Transportation & Logistics,USA,1,0,low degree,
pan american energy,Oil & Gas Producers,USA,1,0,low degree,
pan asia engineers & constructors,Engineering & Construction,Taiwan,1,0,low degree,
pan-international industrial,Technology Hardware,Taiwan,1,0,low degree,
panavia aircraft,Aerospace & Defense,Germany,1,0,low degree,
panca amara utama pt,Oil & Gas Services & Equip,Indonesia,1,0,low degree,
pandora,Mine,South Africa,0,1,low degree,
pangang,Steel,China,1,0,low degree,
panoramic resources,Metals & Mining,Australia,1,0,low degree,
panzhihua iron & steel group chengdu panel,Steel,China,1,0,low degree,
parex resources,Oil & Gas Producers,Canada,1,0,low degree,
park aerospace,Chemicals,USA,1,0,low degree,
park-ohio,Industrial Intermediate Prod,USA,1,0,low degree,
parque eolico cabo leones isa,Renewable Energy,Chile,1,0,low degree,
partron,Technology Hardware,South Korea,1,0,low degree,
pattern energy,Electric Utilities,USA,1,0,low degree,
pavoni & c,Chemicals,Italy,1,0,low degree,
pawan hans helicopters,Transportation & Logistics,India,1,0,low degree,
payal polyplast pvt,Chemicals,India,1,0,low degree,
pbf logistics lp,Oil & Gas Producers,USA,1,0,low degree,
pdvsa petroleo,Oil & Gas Producers,Venezuela,1,0,low degree,
peab ab,Engineering & Construction,Sweden,1,0,low degree,
peabody energy,Metals & Mining,USA,1,0,low degree,
pedernales electric cooperative,Electric Utilities,USA,1,0,low degree,
pelabuhan indonesia iii persero pt,Transportation & Logistics,Indonesia,1,0,low degree,
pelabuhan indonesia persero pt,Transportation & Logistics,Indonesia,1,0,low degree,
peliculas plasticas sa de cv,Chemicals,Mexico,1,0,low degree,
pelindo iii pt,Transportation & Logistics,Indonesia,1,0,low degree,
pembangunan perumahan semarang demak pt,Engineering & Construction,Indonesia,1,0,low degree,
pembina pipeline,Oil & Gas Producers,Canada,1,0,low degree,
pemcorp sapi de cv,Electric Utilities,Mexico,1,0,low degree,
pemex exploracion y produccion,Oil & Gas Producers,Mexico,1,0,low degree,
pemex gas y petroquimica basica,Oil & Gas Producers,Mexico,1,0,low degree,
pentair,Machinery,Ireland,1,0,low degree,
perenco,Oil & Gas Producers,Panama,1,0,low degree,
perodua auto corp sdn bhd,Automotive,Malaysia,1,0,low degree,
perusahaan otomobil kedua sdn,Automotive,Malaysia,1,0,low degree,
peterburgteploenergo ooo,Renewable Energy,Russia,1,0,low degree,
petredec international pte,Transportation & Logistics,Singapore,1,0,low degree,
petro center,Gas & Water Utilities,Vietnam,1,0,low degree,
petro pacific,Oil & Gas Producers,Vietnam,1,0,low degree,
petrobras colombia combustibles,Metals & Mining,Colombia,1,0,low degree,
petron,Oil & Gas Producers,Philippines,1,0,low degree,
petronet lng,Oil & Gas Producers,India,1,0,low degree,
petrovietnam chemical & services,Oil & Gas Services & Equip,Vietnam,1,0,low degree,
petrovietnam gas city investment and development jsc,Machinery,Vietnam,1,0,low degree,
petrowidada pt,Chemicals,Indonesia,1,0,low degree,
petrozavodskie kommunalnye sistemy oad,Renewable Energy,Russia,1,0,low degree,
pge polska grupa energetyczna,Electric Utilities,Poland,1,0,low degree,
pha lai thermal power jsc,Electric Utilities,Vietnam,1,0,low degree,
philex mining,Metals & Mining,Philippines,1,0,low degree,
phoenix contact gmbh & co kg,Electrical Equipment,Germany,1,0,low degree,
phoenix it city pvt,Engineering & Construction,India,1,0,low degree,
phoenix motor,Automotive,USA,1,0,low degree,
phosagro pjsc,Chemicals,Russia,1,0,low degree,
phuc hung holdings construction jsc,Engineering & Construction,Vietnam,1,0,low degree,
phuong dong viet transportation oil jsc,Oil & Gas Producers,Vietnam,1,0,low degree,
piaggio vietnam,Automotive,Vietnam,1,0,low degree,
piller dynasine,Electrical Equipment,Germany,1,0,low degree,
pingdingshan ruiping coal,Electric Utilities,China,1,0,low degree,
pingdingshan tianan coal industry qikuan,Metals & Mining,China,1,0,low degree,
pingmei shenma machinery equipment,Machinery,China,1,0,low degree,
pinturas valmex sa de cv,Engineering & Construction,Mexico,1,0,low degree,
pioneer power solutions,Electrical Equipment,USA,1,0,low degree,
pirelli & c,Automotive,Italy,1,0,low degree,
pires do rio citep comercio e industria de ferro e aco ltda,Steel,Brazil,1,0,low degree,
piroux industrie sasu,Industrial Intermediate Prod,France,1,0,low degree,
pitney bowes,Technology Hardware,USA,1,0,low degree,
pixie dust technologies,Technology Hardware,Japan,1,0,low degree,
pjm interconnection,Electric Utilities,USA,1,0,low degree,
pla matels,Chemicals,Japan,1,0,low degree,
placas laminas y perfiles de veracruz sa de cv,Steel,Mexico,1,0,low degree,
plains gp holdings lp,Oil & Gas Producers,USA,1,0,low degree,
plansee se,Industrial Intermediate Prod,Austria,1,0,low degree,
plaschem,Chemicals,Vietnam,1,0,low degree,
plasmar plastik ve kimya sanayi ve dis ticaret as,Industrial Intermediate Prod,Turkey,1,0,low degree,
plasticos el panda sa de cv,Industrial Intermediate Prod,El Salvador,1,0,low degree,
plastiques du val de loire,Automotive,France,1,0,low degree,
plastron precision,Electrical Equipment,Taiwan,1,0,low degree,
platinum group metals,Metals & Mining,Canada,1,0,low degree,
platinum mile,Mine,South Africa,0,1,low degree,
plc spa,Renewable Energy,Italy,1,0,low degree,
plesa anahuac y cias sa de cv,Steel,Spain,1,0,low degree,
plexus,Semiconductors,USA,1,0,low degree,
polaquimia sa de cv,Chemicals,Mexico,1,0,low degree,
polar,Mine,Russia,0,1,low degree,
polarx,Metals & Mining,Australia,1,0,low degree,
polytama propindo pt,Chemicals,Indonesia,1,0,low degree,
ponsse oyj,Machinery,Finland,1,0,low degree,
port authority of thailand,Transportation & Logistics,Thailand,1,0,low degree,
porvair,Machinery,UK,1,0,low degree,
pos indonesia pt,Transportation & Logistics,Indonesia,1,0,low degree,
posco a&c,Engineering & Construction,South Korea,1,0,low degree,
posco mc materials,Metals & Mining,South Korea,1,0,low degree,
post & telecommunication equipment jsc,Technology Hardware,Vietnam,1,0,low degree,
poten environment,Engineering & Construction,China,1,0,low degree,
potevio,Technology Hardware,China,1,0,low degree,
potevio new energy,Automotive,China,1,0,low degree,
powdertech,Industrial Intermediate Prod,Japan,1,0,low degree,
powell industries,Electrical Equipment,USA,1,0,low degree,
power engineering consulting jsc,Engineering & Construction,Vietnam,1,0,low degree,
power engineering consulting jsc no 4,Engineering & Construction,Vietnam,1,0,low degree,
power mech projects,Engineering & Construction,India,1,0,low degree,
powerchip semiconductor manufacturing,Semiconductors,Taiwan,1,0,low degree,
powerchip technology,Semiconductors,Taiwan,1,0,low degree,
powertech technology,Semiconductors,Taiwan,1,0,low degree,
powin energy corp/nv,Renewable Energy,USA,1,0,low degree,
pp presisi tbk pt,Engineering & Construction,Indonesia,1,0,low degree,
prayagraj power generation,Electric Utilities,India,1,0,low degree,
precision camshafts,Automotive,India,1,0,low degree,
precision wires india,Electrical Equipment,India,1,0,low degree,
prefab,Construction Materials,Romania,1,0,low degree,
prefere melamines,Chemicals,Germany,1,0,low degree,
premium transmission pvt,Machinery,India,1,0,low degree,
presrite,Industrial Intermediate Prod,USA,1,0,low degree,
press metal aluminium holdings bhd,Metals & Mining,Malaysia,1,0,low degree,
prima alloy steel universal tbk pt,Automotive,Indonesia,1,0,low degree,
prima multi terminal pt,Transportation & Logistics,Indonesia,1,0,low degree,
prime wheel,Automotive,USA,1,0,low degree,
prinx chengshan shandong tire,Automotive,China,1,0,low degree,
pro-tec coating,Steel,USA,1,0,low degree,
productos laminados de monterrey sa de cv,Steel,Mexico,1,0,low degree,
productos rivial sa de cv,Chemicals,Mexico,1,0,low degree,
profertil,Chemicals,Argentina,1,0,low degree,
prokatmontazh oao,Engineering & Construction,Russia,1,0,low degree,
promate electronic,Technology Hardware,Taiwan,0,1,low degree,
promotora y operadora de infraestructura sab de cv,Transportation & Logistics,Mexico,1,0,low degree,
prosperity steel united singapore pte,Steel,Singapore,1,0,low degree,
proveedora de materiales plasticos sa de cv,Industrial Intermediate Prod,Spain,1,0,low degree,
prysmian,Electrical Equipment,Italy,1,0,low degree,
psa international pte,Transportation & Logistics,Singapore,1,0,low degree,
ptsc thanh hoa port jsc,Transportation & Logistics,Vietnam,1,0,low degree,
public gas,Gas & Water Utilities,Spain,1,0,low degree,
public transport authority of western australia,Transportation & Logistics,Australia,1,0,low degree,
public utilities board,Gas & Water Utilities,Singapore,1,0,low degree,
puerto rico electric power authority,Electric Utilities,USA,1,0,low degree,
puerto ventanas,Transportation & Logistics,Chile,1,0,low degree,
pungkang,Industrial Intermediate Prod,South Korea,1,0,low degree,
pupuk iskandar muda pt,Chemicals,Indonesia,1,0,low degree,
pupuk sriwidjaja pt,Chemicals,Indonesia,1,0,low degree,
puradyn filter technologies,Machinery,USA,1,0,low degree,
putra energy nusantara pt,Metals & Mining,Indonesia,1,0,low degree,
puyang refractories,Construction Materials,China,1,0,low degree,
pyeongtaek energy service,Electric Utilities,South Korea,1,0,low degree,
qatar airways qcsc,Transportation & Logistics,Qatar,1,0,low degree,
qatar chemical,Chemicals,Qatar,1,0,low degree,
qatar fuel qsc,Oil & Gas Producers,Qatar,1,0,low degree,
qatar general electricity & water,Electric Utilities,Qatar,1,0,low degree,
qiming information technology,Technology Services,China,1,0,low degree,
qingdao copton technology,Chemicals,China,1,0,low degree,
qingdao luowei new materials,Chemicals,China,1,0,low degree,
qingdao seah precision metal,Automotive,China,1,0,low degree,
qingdao topscomm communication,Technology Hardware,China,1,0,low degree,
qinghai huadian ferro-alloy,Steel,China,1,0,low degree,
qinghai jinrui mineral development,Metals & Mining,China,1,0,low degree,
qingqi group jiangmen guangsu motorcycle,Automotive,China,1,0,low degree,
qinhuangdao shougang machinery,Steel,China,1,0,low degree,
qinhuangdao shougang plate mill,Steel,China,1,0,low degree,
qinhuangdao shouqin steel processing distribution,Steel,China,1,0,low degree,
quadra power generation pjsc,Electric Utilities,Russia,1,0,low degree,
quaker chemical,Chemicals,USA,1,0,low degree,
quang ninh thermal power jsc,Electric Utilities,Vietnam,1,0,low degree,
quantum fuel systems technologies worldwide,Automotive,USA,1,0,low degree,
qube,Transportation & Logistics,Australia,1,0,low degree,
queensland electricity transmission,Electric Utilities,Australia,1,0,low degree,
quintain steel,Steel,Taiwan,1,0,low degree,
rabbalshede kraft ab,Renewable Energy,Sweden,1,0,low degree,
rabigh electricity,Electric Utilities,Saudi Arabia,1,0,low degree,
radiant opto-electronics,Technology Hardware,Taiwan,1,0,low degree,
rafael g albanesi,Oil & Gas Producers,Spain,1,0,low degree,
rahn,Chemicals,Switzerland,1,0,low degree,
rail vikas nigam,Engineering & Construction,India,1,0,low degree,
rane,Automotive,India,1,0,low degree,
rasa industries,Chemicals,Japan,1,0,low degree,
rasgas,Oil & Gas Producers,Qatar,1,0,low degree,
rashtriya chemicals & fertilizers,Chemicals,India,1,0,low degree,
rassini sab de cv,Automotive,Mexico,1,0,low degree,
rassini-nhk automotive ltda,Industrial Intermediate Prod,Brazil,1,0,low degree,
rattanindia power,Electric Utilities,India,1,0,low degree,
rbc bearings,Industrial Intermediate Prod,USA,1,0,low degree,
rdg acos do brasil s/a,Steel,Spain,1,0,low degree,
re borrmann steel,Steel,USA,1,0,low degree,
rechi qingdao precision electromechanical,Machinery,China,1,0,low degree,
rechi refrigeration machine dongguan,Electrical Equipment,China,1,0,low degree,
refinaria petroleo ipiranga,Oil & Gas Producers,Brazil,1,0,low degree,
refineria la pampilla saa relapasa,Oil & Gas Producers,Peru,1,0,low degree,
refrigeration electrical engineering,Electric Utilities,Vietnam,1,0,low degree,
reliability,Semiconductors,USA,1,0,low degree,
reliance infrastructure,Electric Utilities,India,1,0,low degree,
reliance power,Electric Utilities,India,1,0,low degree,
relx,Technology Services,UK,1,0,low degree,
renaissance gold,Metals & Mining,Canada,1,0,low degree,
renaissance united,Gas & Water Utilities,Singapore,1,0,low degree,
renk,Machinery,Germany,1,0,low degree,
renova,Electric Utilities,Japan,1,0,low degree,
repower,Electric Utilities,Switzerland,1,0,low degree,
republic airlines,Transportation & Logistics,USA,1,0,low degree,
restar,Technology Hardware,Japan,1,0,low degree,
revelo resources,Metals & Mining,Canada,1,0,low degree,
revvity,Medical Equipment & Devices,USA,1,0,low degree,
rexel group australia pty,Electrical Equipment,Australia,1,0,low degree,
rgl,Metals & Mining,UK,1,0,low degree,
rheinmetall bae systems land,Aerospace & Defense,UK,1,0,low degree,
rhino resource partners lp,Metals & Mining,USA,1,0,low degree,
ricardo,Engineering & Construction,UK,1,0,low degree,
rico auto industries,Automotive,India,1,0,low degree,
ricoh,Technology Hardware,Japan,1,0,low degree,
riken corundum,Construction Materials,Japan,1,0,low degree,
riso kagaku,Technology Hardware,Japan,1,0,low degree,
riung mitra lestari pt,Metals & Mining,Indonesia,1,0,low degree,
riverside resources,Metals & Mining,Canada,1,0,low degree,
rix,Machinery,Japan,1,0,low degree,
riyue heavy industry,Renewable Energy,China,1,0,low degree,
rizhao iron & steel,Steel,China,1,0,low degree,
rizhao kumho jinma chemical,Chemicals,China,1,0,low degree,
rm2 international,Industrial Intermediate Prod,UK,1,0,low degree,
robert bird group pty,Engineering & Construction,Australia,1,0,low degree,
robert bosch automotive steering,Automotive,Germany,1,0,low degree,
robostar,Machinery,South Korea,1,0,low degree,
rojana industrial park pcl,Electric Utilities,Thailand,1,0,low degree,
rojana power,Electric Utilities,Thailand,1,0,low degree,
roland erdrich,Industrial Intermediate Prod,Germany,1,0,low degree,
rolled alloys,Steel,USA,1,0,low degree,
romark logistics,Transportation & Logistics,USA,1,0,low degree,
rongfa nuclear equipment,Electrical Equipment,China,1,0,low degree,
rorze,Semiconductors,Japan,1,0,low degree,
roshow technology,Electrical Equipment,China,1,0,low degree,
royal gold,Metals & Mining,USA,1,0,low degree,
royal schiphol,Transportation & Logistics,Netherlands,1,0,low degree,
rpm international,Chemicals,USA,1,0,low degree,
ruag international holding,Aerospace & Defense,Switzerland,1,0,low degree,
rubis sca,Oil & Gas Producers,France,1,0,low degree,
ruby pipeline,Oil & Gas Producers,USA,1,0,low degree,
ruentex engineering & construction,Engineering & Construction,Taiwan,1,0,low degree,
ruentex materials,Construction Materials,Taiwan,1,0,low degree,
ruitai materials technology,Construction Materials,China,1,0,low degree,
rusal sayanogorsk jsc,Metals & Mining,Russia,1,0,low degree,
rushydro pjsc,Electric Utilities,Russia,1,0,low degree,
russian railways jsc,Transportation & Logistics,Russia,1,0,low degree,
rustenburg,Mine,South Africa,0,1,low degree,
s&p global,Technology Services,USA,1,0,low degree,
s&s tech,Semiconductors,South Korea,1,0,low degree,
s-fuelcell,Renewable Energy,South Korea,1,0,low degree,
saab all,Aerospace & Defense,Sweden,1,0,low degree,
saab automobile ab,Automotive,Sweden,1,0,low degree,
sabena technics sas,Aerospace & Defense,France,1,0,low degree,
sacyr,Engineering & Construction,Spain,1,0,low degree,
sadoshima,Steel,Japan,1,0,low degree,
sae dong,Machinery,South Korea,1,0,low degree,
saeron automotive,Automotive,South Korea,1,0,low degree,
sahacogen chonburi pcl,Electric Utilities,Thailand,1,0,low degree,
sahara international petrochemical,Chemicals,Saudi Arabia,1,0,low degree,
saia,Transportation & Logistics,USA,1,0,low degree,
saibu gas,Gas & Water Utilities,Japan,1,0,low degree,
saigon passenger transport jsc,Transportation & Logistics,Vietnam,1,0,low degree,
sailun,Automotive,China,1,0,low degree,
saitama toyopet kk,Automotive,Japan,1,0,low degree,
sakai moving service,Transportation & Logistics,Japan,1,0,low degree,
salavatsteklo oao,Construction Materials,Russia,1,0,low degree,
salt river project,Electric Utilities,USA,1,0,low degree,
sam,Electrical Equipment,Vietnam,1,0,low degree,
samaragaz 0ao,Gas & Water Utilities,Russia,1,0,low degree,
sambo motors,Automotive,South Korea,1,0,low degree,
sametel jsc,Electrical Equipment,Vietnam,1,0,low degree,
samhyun steel,Steel,South Korea,1,0,low degree,
samindo resources tbk,Metals & Mining,Indonesia,1,0,low degree,
sampyo cement,Construction Materials,South Korea,1,0,low degree,
samsung medison,Medical Equipment & Devices,South Korea,1,0,low degree,
samtech co ltd/osaka japan,Automotive,Japan,1,0,low degree,
samuel son,Steel,Canada,1,0,low degree,
samwha capacitor,Semiconductors,South Korea,1,0,low degree,
samwha electric,Semiconductors,South Korea,1,0,low degree,
samyang,Chemicals,South Korea,1,0,low degree,
san diego county regional airport authority,Transportation & Logistics,USA,1,0,low degree,
san francisco municipal transportation agency,Transportation & Logistics,USA,1,0,low degree,
san juan,Renewable Energy,Chile,1,0,low degree,
san lien technology,Machinery,Taiwan,1,0,low degree,
san-ei,Transportation & Logistics,Japan,1,0,low degree,
san-fi,Transportation & Logistics,China,1,0,low degree,
sanan optoelectronics,Semiconductors,China,1,0,low degree,
sanchuan wisdom technology,Electrical Equipment,China,1,0,low degree,
sandstorm gold,Metals & Mining,Canada,1,0,low degree,
sango,Automotive,Japan,1,0,low degree,
sanhe xinhongchang special vehicle,Transportation Equipment,China,1,0,low degree,
sanki engineering,Engineering & Construction,Japan,1,0,low degree,
sanko,Technology Hardware,Japan,1,0,low degree,
sanko gosei,Industrial Intermediate Prod,Japan,1,0,low degree,
sanko seisakusyo,Industrial Intermediate Prod,Japan,1,0,low degree,
sankyu,Transportation & Logistics,Japan,1,0,low degree,
sanmina,Technology Hardware,USA,1,0,low degree,
sanoyas,Transportation Equipment,Japan,1,0,low degree,
sanrin,Oil & Gas Producers,Japan,1,0,low degree,
sanritsu kosan,Machinery,Japan,1,0,low degree,
sansei technologies,Machinery,Japan,1,0,low degree,
sansuy s/a,Industrial Intermediate Prod,Spain,1,0,low degree,
santiago solar,Electric Utilities,Chile,1,0,low degree,
santos,Oil & Gas Producers,Australia,1,0,low degree,
sanwa packing industry,Industrial Intermediate Prod,Japan,1,0,low degree,
sanwei holding,Machinery,China,1,0,low degree,
sanyo electric railway,Transportation & Logistics,Japan,1,0,low degree,
sanyo industries,Industrial Intermediate Prod,Japan,1,0,low degree,
sapura energy bhd,Oil & Gas Services & Equip,Malaysia,1,0,low degree,
sapura industrial bhd,Automotive,Malaysia,1,0,low degree,
saranacentral bajatama tbk pt,Steel,Indonesia,1,0,low degree,
saras,Oil & Gas Producers,Italy,1,0,low degree,
saratovgaz,Gas & Water Utilities,Russia,1,0,low degree,
sarralle steel melting plant sl,Machinery,Spain,1,0,low degree,
sasakura engineering,Machinery,Japan,1,0,low degree,
sat nusapersada tbk pt,Technology Hardware,Indonesia,1,0,low degree,
sato,Technology Hardware,Japan,1,0,low degree,
sato kogyo s pte,Engineering & Construction,Singapore,1,0,low degree,
satori electric,Technology Hardware,Japan,1,0,low degree,
saudi arabian amiantit,Construction Materials,Saudi Arabia,1,0,low degree,
saudi ports authority,Transportation & Logistics,Saudi Arabia,1,0,low degree,
savannah resources,Metals & Mining,UK,1,0,low degree,
sbs,Transportation & Logistics,Japan,1,0,low degree,
schaeffler india,Industrial Intermediate Prod,India,1,0,low degree,
schlam engineering pty,Engineering & Construction,Australia,1,0,low degree,
schlumberger,Oil & Gas Services & Equip,Curacao,1,0,low degree,
schneider national,Transportation & Logistics,USA,1,0,low degree,
sci engineered materials,Chemicals,USA,1,0,low degree,
sci jsc,Engineering & Construction,Vietnam,1,0,low degree,
scientech,Semiconductors,Taiwan,1,0,low degree,
scot forge,Industrial Intermediate Prod,USA,1,0,low degree,
sdic traffic holding,Transportation & Logistics,China,1,0,low degree,
sdn,Renewable Energy,UK,1,0,low degree,
se san 4a hydropower jsc,Electric Utilities,Vietnam,1,0,low degree,
sea & land integrated,Transportation & Logistics,Taiwan,1,0,low degree,
seabridge gold,Metals & Mining,Canada,1,0,low degree,
seagate technology,Technology Hardware,Ireland,1,0,low degree,
seah precision mexico sa de cv,Electrical Equipment,Mexico,1,0,low degree,
sebang,Transportation & Logistics,South Korea,1,0,low degree,
sechang steel,Steel,South Korea,1,0,low degree,
seibu electric & machinery,Machinery,Japan,1,0,low degree,
seikitokyu kogyo,Engineering & Construction,Japan,1,0,low degree,
seiko electric,Electrical Equipment,Japan,1,0,low degree,
semacom integrated tbk pt,Renewable Energy,Indonesia,1,0,low degree,
semesta marga raya pt,Engineering & Construction,Indonesia,1,0,low degree,
semiconductor manufacturing international,Semiconductors,Cayman Islands,1,0,low degree,
semyung industrial,Automotive,South Korea,1,0,low degree,
seneca wire & manufacturing co/the,Industrial Intermediate Prod,USA,1,0,low degree,
senesco marine,Transportation Equipment,USA,1,0,low degree,
senkon logistics,Transportation & Logistics,Japan,1,0,low degree,
seo an camtech,Chemicals,South Korea,1,0,low degree,
seobugwangyeok railroad,Engineering & Construction,South Korea,1,0,low degree,
seohan enp,Industrial Intermediate Prod,South Korea,1,0,low degree,
seohan industries,Automotive,South Korea,1,0,low degree,
seoul metro,Transportation & Logistics,South Korea,1,0,low degree,
seoyon e-hwa,Automotive,South Korea,1,0,low degree,
seoyon e-hwa automotive slovakia sro,Automotive,Slovakia,1,0,low degree,
seoyon e-hwa summit automotive anantapur pvt,Automotive,India,1,0,low degree,
serdi sa de cv,Steel,Spain,1,0,low degree,
seres group co llu,Automotive,China,1,0,low degree,
serica energy,Oil & Gas Producers,UK,1,0,low degree,
setochi kyodo karyoku kk,Electric Utilities,Japan,1,0,low degree,
severn trent,Gas & Water Utilities,UK,1,0,low degree,
severstal-gonvarri-kaluga,Steel,Russia,1,0,low degree,
sewon,Automotive,South Korea,1,0,low degree,
sg global,Automotive,South Korea,1,0,low degree,
sgb-smit,Electrical Equipment,Germany,1,0,low degree,
sgl carbon se,Chemicals,Germany,1,0,low degree,
shaanxi construction engineering,Engineering & Construction,China,1,0,low degree,
shaanxi hanzhong iron & steel,Steel,China,1,0,low degree,
shaanxi xinlong petroleum equipment,Oil & Gas Services & Equip,China,1,0,low degree,
shadrinsk auto aggregate plant,Automotive,Russia,1,0,low degree,
shagang group anyang yongxing special steel,Steel,China,1,0,low degree,
shakhta butovskaya 000,Metals & Mining,Russia,1,0,low degree,
shan xi hua yang group new energy,Metals & Mining,China,1,0,low degree,
shan xi hua yang new materials,Chemicals,China,1,0,low degree,
shandong depu chemical technology,Chemicals,China,1,0,low degree,
shandong gold mining,Metals & Mining,China,1,0,low degree,
shandong guoda gold,Metals & Mining,China,1,0,low degree,
shandong high speed renewable energy,Renewable Energy,China,1,0,low degree,
shandong hontron aluminum industry holding,Metals & Mining,China,1,0,low degree,
shandong huafu chemical,Chemicals,China,1,0,low degree,
shandong jinling mining,Industrial Intermediate Prod,China,1,0,low degree,
shandong lubei enterprise group general,Chemicals,China,1,0,low degree,
shandong nuclear power,Electric Utilities,China,1,0,low degree,
shandong rike chemical,Chemicals,China,1,0,low degree,
shandong sacred sun power sources,Renewable Energy,China,1,0,low degree,
shang chen steel,Steel,Taiwan,1,0,low degree,
shangdong lubei chemical,Chemicals,China,1,0,low degree,
shanghai aiko solar energy,Renewable Energy,China,1,0,low degree,
shanghai airport,Transportation & Logistics,China,1,0,low degree,
shanghai awinic technology,Technology Hardware,China,0,1,low degree,
shanghai bao steel pudong international trading,Steel,China,1,0,low degree,
shanghai baosteel & arcelor tailor metal,Automotive,China,1,0,low degree,
shanghai chlorine & alkali creative,Chemicals,China,1,0,low degree,
shanghai daimay automotive interior,Automotive,China,1,0,low degree,
shanghai dazhong public utilities,Gas & Water Utilities,China,1,0,low degree,
shanghai dye chemical plant,Chemicals,China,1,0,low degree,
shanghai dyestuffs,Chemicals,China,1,0,low degree,
shanghai energy technology development,Electric Utilities,China,1,0,low degree,
shanghai ershiye construction,Engineering & Construction,China,1,0,low degree,
shanghai gkn huayu driveline systems,Automotive,China,1,0,low degree,
shanghai global precision mould & plastics,Industrial Intermediate Prod,China,1,0,low degree,
shanghai hanbell precise machinery,Machinery,China,1,0,low degree,
shanghai hanson industrial,Machinery,China,1,0,low degree,
shanghai huace navigation technology,Technology Hardware,China,0,1,low degree,
shanghai hualin industrial gas,Chemicals,China,1,0,low degree,
shanghai huayi acrylic acid,Chemicals,China,1,0,low degree,
shanghai huayi construction,Engineering & Construction,China,1,0,low degree,
shanghai huayi engineering,Oil & Gas Producers,China,1,0,low degree,
shanghai huayi group finance,Chemicals,China,1,0,low degree,
shanghai huayi polymer,Chemicals,China,1,0,low degree,
shanghai jingdi chemical,Chemicals,China,1,0,low degree,
shanghai jinghua chemical plant,Chemicals,China,1,0,low degree,
shanghai jingqi macromolecule material,Chemicals,China,1,0,low degree,
shanghai jingteng chemical,Chemicals,China,1,0,low degree,
shanghai jingxing chemical,Chemicals,China,1,0,low degree,
shanghai meishan,Steel,China,1,0,low degree,
shanghai metalsa auto parts,Automotive,China,1,0,low degree,
shanghai pacific chemical group huai'an sodium sulfate anhydrous,Chemicals,China,1,0,low degree,
shanghai pacific chemical group huai'ar,Chemicals,China,1,0,low degree,
shanghai research institute of chemical industry,Chemicals,China,1,0,low degree,
shanghai secco petrochemical,Chemicals,China,1,0,low degree,
shanghai shentong metro,Transportation & Logistics,China,1,0,low degree,
shanghai shenxing chemical,Chemicals,China,1,0,low degree,
shanghai shougang steel & iron trading,Metals & Mining,China,1,0,low degree,
shanghai stal precision stainless steel,Steel,China,1,0,low degree,
shanghai steel trading center,Steel,China,1,0,low degree,
shanghai tiantan auxiliaries,Chemicals,China,1,0,low degree,
shanghai tunnel engineering,Engineering & Construction,China,1,0,low degree,
shanghai wujing chemical,Chemicals,China,1,0,low degree,
shanghai yaohua pilkington glass,Construction Materials,China,1,0,low degree,
shanghai yifen instruments manufacturing,Chemicals,China,1,0,low degree,
shanghai zhongli automobile parts,Automotive,China,1,0,low degree,
shanghai zhongyuan chemical,Chemicals,China,1,0,low degree,
shanshan,Technology Hardware,China,1,0,low degree,
shanxi blue flame holding,Metals & Mining,China,1,0,low degree,
shanxi coking,Chemicals,China,1,0,low degree,
shanxi engineering machinery,Machinery,China,1,0,low degree,
shanxi guoxin energy,Oil & Gas Services & Equip,China,1,0,low degree,
shanxi lu'an mining group rizhao international trading,Metals & Mining,China,1,0,low degree,
shanxi road & bridge,Engineering & Construction,China,1,0,low degree,
shanxi yaxin coke,Metals & Mining,China,1,0,low degree,
shape,Engineering & Construction,Mexico,1,0,low degree,
shapoorji pallonji group/the,Engineering & Construction,India,1,0,low degree,
shapoorji pallonji infrastructure capital co pvt,Engineering & Construction,India,1,0,low degree,
sharda motor industries,Automotive,India,1,0,low degree,
shaw communications,Cable & Satellite,Canada,1,0,low degree,
shawinigan aluminium,Chemicals,Canada,1,0,low degree,
shaya ecuador,Oil & Gas Producers,Spain,1,0,low degree,
sheh fung screws,Industrial Intermediate Prod,Taiwan,1,0,low degree,
shenke slide bearing,Industrial Intermediate Prod,Taiwan,1,0,low degree,
shennan circuits,Technology Hardware,China,0,1,low degree,
shenyang sumisan plastics,Industrial Intermediate Prod,China,1,0,low degree,
shenzhen baoneng motor,Automotive,China,1,0,low degree,
shenzhen capchem technology,Chemicals,China,1,0,low degree,
shenzhen capdiem technology,Chemicals,China,1,0,low degree,
shenzhen danbond technology,Technology Hardware,China,1,0,low degree,
shenzhen deren electronic,Electrical Equipment,China,1,0,low degree,
shenzhen dynanonic,Renewable Energy,China,1,0,low degree,
shenzhen everwin precision technology,Technology Hardware,China,0,1,low degree,
shenzhen gongjin electronics,Technology Hardware,China,1,0,low degree,
shenzhen h&t intelligent control,Technology Hardware,China,0,1,low degree,
shenzhen huagiang industry,Technology Hardware,China,1,0,low degree,
shenzhen inovance technology,Electrical Equipment,China,1,0,low degree,
shenzhen kinwong electronic,Technology Hardware,China,0,1,low degree,
shenzhen longood intelligent electric,Electrical Equipment,China,1,0,low degree,
shenzhen nanshan power,Electric Utilities,China,1,0,low degree,
shenzhen noposin crop science,Chemicals,China,1,0,low degree,
shenzhen prince new materials,Industrial Intermediate Prod,China,1,0,low degree,
shenzhen qiangrui precision technology,Machinery,China,1,0,low degree,
shenzhen refond optoelectronics,Semiconductors,China,1,0,low degree,
shenzhen silver basis technology,Machinery,China,1,0,low degree,
shenzhen sunnypol optoelectronics,Technology Hardware,China,1,0,low degree,
shenzhen sunrise new energy,Renewable Energy,China,1,0,low degree,
shenzhen sunshine laser & electronics technology,Technology Hardware,China,0,1,low degree,
shenzhen suntak circuit technology,Technology Hardware,China,0,1,low degree,
shenzhen yan tian port holding,Transportation & Logistics,China,1,0,low degree,
shenzhen yitoa intelligent control,Technology Hardware,China,0,1,low degree,
shibaura machine,Machinery,Japan,1,0,low degree,
shih-kuen plastics,Industrial Intermediate Prod,Taiwan,1,0,low degree,
shikoku railway,Transportation & Logistics,Japan,1,0,low degree,
shimohana logistics kk,Transportation & Logistics,Japan,1,0,low degree,
shin hai gas,Gas & Water Utilities,Taiwan,1,0,low degree,
shin hsiung natural gas,Oil & Gas Producers,Taiwan,1,0,low degree,
shin hwa dynamics,Industrial Intermediate Prod,South Korea,1,0,low degree,
shin shin natural gas,Gas & Water Utilities,Taiwan,1,0,low degree,
shin young,Automotive,South Korea,1,0,low degree,
shin zu shing,Industrial Intermediate Prod,Taiwan,1,0,low degree,
shin-keisei electric railway,Transportation & Logistics,Japan,1,0,low degree,
shinchang connector,Automotive,China,1,0,low degree,
shindo chemical,Chemicals,Japan,1,0,low degree,
shinki bus,Transportation & Logistics,Japan,1,0,low degree,
shinko electric industries,Semiconductors,Japan,1,0,low degree,
shinko shoji,Technology Hardware,Japan,1,0,low degree,
shinmaywa industries,Transportation Equipment,Japan,1,0,low degree,
shinpo,Machinery,Japan,1,0,low degree,
shirai electronics industrial,Technology Hardware,Japan,1,0,low degree,
shizuki electric,Semiconductors,Japan,1,0,low degree,
shizuoka gas,Gas & Water Utilities,Japan,1,0,low degree,
shizuoka railway,Transportation & Logistics,Japan,1,0,low degree,
shoei,Automotive,Japan,1,0,low degree,
shougang changzhi iron & steel,Steel,China,1,0,low degree,
shougang fushan resources,Metals & Mining,Hong Kong,1,0,low degree,
shougang guiyang special steel,Steel,China,1,0,low degree,
shougang hierro peru s a a,Metals & Mining,Peru,1,0,low degree,
shougang shuicheng iron & steel,Steel,China,1,0,low degree,
showa,Automotive,Japan,1,0,low degree,
showa manufacturing,Electrical Equipment,Japan,1,0,low degree,
showa precision tools,Machinery,Japan,1,0,low degree,
shriram pistons & rings,Machinery,India,1,0,low degree,
shuangliang eco-energy systems,Electrical Equipment,China,1,0,low degree,
shuifa energas gas,Machinery,China,1,0,low degree,
shuikoushan nonferrous metals,Metals & Mining,China,1,0,low degree,
shunzan kaiun,Transportation & Logistics,Japan,1,0,low degree,
shuz tung machinery industrial,Technology Hardware,Taiwan,1,0,low degree,
shye shyang mechanical industrial,Automotive,Taiwan,1,0,low degree,
sia engineering,Transportation & Logistics,Singapore,1,0,low degree,
siamgas & petrochemicals pcl,Oil & Gas Producers,Thailand,1,0,low degree,
siberia airlines,Transportation & Logistics,Russia,1,0,low degree,
sibirgasservice,Gas & Water Utilities,Russia,1,0,low degree,
sica laignes agrifluide,Chemicals,France,1,0,low degree,
sichian chuarrious energy,Electric Utilities,China,1,0,low degree,
sichuan changhong new energy technology,Technology Hardware,China,1,0,low degree,
sichuan chuanhuan technology,Industrial Intermediate Prod,China,1,0,low degree,
sichuan chuantou energy,Electric Utilities,China,1,0,low degree,
sichuan daxing energy,Chemicals,China,1,0,low degree,
sichuan development lomon,Chemicals,China,1,0,low degree,
sichuan em technology,Chemicals,China,1,0,low degree,
sichuan expressway,Transportation & Logistics,China,1,0,low degree,
sichuan fulin transportation,Transportation & Logistics,China,1,0,low degree,
sichuan hebang biotechnology,Chemicals,China,1,0,low degree,
sichuan jian'an industry,Automotive,China,1,0,low degree,
sichuan lutianhua,Chemicals,China,1,0,low degree,
sichuan ningjiang shanchuan machinery,Automotive,China,1,0,low degree,
sichuan road and bridge,Engineering & Construction,Tunisia,1,0,low degree,
sichuan xinjinlu,Chemicals,China,1,0,low degree,
sichuan yahua industrial,Chemicals,China,1,0,low degree,
signal gold,Metals & Mining,Canada,1,0,low degree,
signature aviation,Transportation & Logistics,UK,1,0,low degree,
siix,Technology Hardware,Japan,1,0,low degree,
simosa oil,Oil & Gas Producers,Taiwan,1,0,low degree,
simpson manufacturing,Construction Materials,USA,1,0,low degree,
sin heng heavy machinery,Machinery,Singapore,1,0,low degree,
sinanen,Engineering & Construction,Japan,1,0,low degree,
sinclair oil,Oil & Gas Producers,USA,1,0,low degree,
singapore lng corp pte,Oil & Gas Producers,Singapore,1,0,low degree,
singing machine co inc/the,Technology Hardware,USA,1,0,low degree,
single well industrial,Machinery,Taiwan,1,0,low degree,
sinkang industries,Steel,Taiwan,1,0,low degree,
sino-platinum metals,Metals & Mining,China,1,0,low degree,
sinochem,Oil & Gas Producers,Taiwan,1,0,low degree,
sinoma science & technology,Chemicals,China,1,0,low degree,
sinomine resource,Metals & Mining,China,1,0,low degree,
sinotruk hong kong,Transportation Equipment,China,1,0,low degree,
sintokogio,Machinery,Japan,1,0,low degree,
siping heat supply,Electric Utilities,China,1,0,low degree,
sis mobile,Telecommunications,Cayman Islands,1,0,low degree,
sjvn,Electric Utilities,India,1,0,low degree,
sk kaken,Chemicals,Japan,1,0,low degree,
sk oceanplant,Transportation Equipment,South Korea,1,0,low degree,
skanska ab,Engineering & Construction,Sweden,1,0,low degree,
skeena resources,Metals & Mining,Canada,1,0,low degree,
skf india,Industrial Intermediate Prod,India,1,0,low degree,
skshu paint,Chemicals,China,1,0,low degree,
skymoons technology,Technology Hardware,China,1,0,low degree,
skywest,Transportation & Logistics,USA,1,0,low degree,
skyworth,Technology Hardware,Bermuda,1,0,low degree,
sl tennessee,Automotive,USA,1,0,low degree,
slovakian door co sro,Automotive,Slovakia,1,0,low degree,
sm bexel,Automotive,South Korea,1,0,low degree,
sm hwajin,Automotive,South Korea,1,0,low degree,
smart sand,Oil & Gas Services & Equip,USA,1,0,low degree,
smc,Machinery,Japan,1,0,low degree,
sml isuzu,Transportation Equipment,India,1,0,low degree,
smtc,Technology Hardware,USA,1,0,low degree,
snam,Gas & Water Utilities,Italy,1,0,low degree,
snap-on,Machinery,USA,1,0,low degree,
snetor overseas sas,Chemicals,France,1,0,low degree,
snf holding,Chemicals,USA,1,0,low degree,
snowy hydro,Electric Utilities,Australia,1,0,low degree,
snt motiv,Automotive,South Korea,1,0,low degree,
socamaine,Transportation & Logistics,France,1,0,low degree,
socar trading,Oil & Gas Producers,Switzerland,1,0,low degree,
sociedad minera cerro verde saa,Metals & Mining,Peru,1,0,low degree,
sociedad transmisora metropolitana ii,Electric Utilities,Chile,1,0,low degree,
societatea nationala nuclearelectrica,Electric Utilities,Romania,1,0,low degree,
societe nationale de i electricite & du gaz,Oil & Gas Producers,Algeria,1,0,low degree,
societe tunisienne de l'electricite et du gaz,Electric Utilities,Tunisia,1,0,low degree,
sodick,Machinery,Japan,1,0,low degree,
soechi lines tbk pt,Transportation & Logistics,Indonesia,1,0,low degree,
sokoman minerals,Metals & Mining,Canada,1,0,low degree,
solareast,Electrical Equipment,China,1,0,low degree,
solargiga energy,Renewable Energy,Cayman Islands,1,0,low degree,
solaris sewon,Automotive,South Korea,1,0,low degree,
solikamsk magnesium plant ojsc,Metals & Mining,Russia,1,0,low degree,
solitron devices,Semiconductors,USA,1,0,low degree,
solize,Engineering & Construction,Japan,1,0,low degree,
solomon data international,Technology Hardware,Taiwan,1,0,low degree,
solomon technology,Electrical Equipment,Taiwan,1,0,low degree,
solomon technology corn,Electrical Equipment,Taiwan,1,0,low degree,
solteam,Electrical Equipment,USA,1,0,low degree,
soltec power,Renewable Energy,Spain,1,0,low degree,
somar,Chemicals,Japan,1,0,low degree,
son ha sai gon jsc,Industrial Intermediate Prod,Vietnam,1,0,low degree,
sonid,Technology Hardware,South Korea,0,1,low degree,
soosan heavy industries,Machinery,South Korea,1,0,low degree,
soquimich comercial,Chemicals,Chile,1,0,low degree,
sorami steel service,Metals & Mining,Japan,1,0,low degree,
sorl auto parts,Automotive,USA,1,0,low degree,
soshin electric,Technology Hardware,Japan,1,0,low degree,
sotecc,Semiconductors,Germany,1,0,low degree,
sotetsu,Transportation & Logistics,Japan,1,0,low degree,
south asia lpg co pvt,Oil & Gas Producers,India,1,0,low degree,
south basic chemicals jsc,Chemicals,Vietnam,1,0,low degree,
south seoul lrt,Engineering & Construction,South Korea,1,0,low degree,
south-kuzbass gres oao,Electric Utilities,Russia,1,0,low degree,
southern hydropower jsc,Electric Utilities,UK,1,0,low degree,
southern rubber industry jsc,Industrial Intermediate Prod,Vietnam,1,0,low degree,
southwest airlines,Transportation & Logistics,USA,1,0,low degree,
southwest gas,Gas & Water Utilities,USA,1,0,low degree,
soveks zao,Oil & Gas Producers,Russia,1,0,low degree,
soyea technology,Technology Hardware,China,1,0,low degree,
space shuttle hi-tech,Technology Hardware,China,1,0,low degree,
spc power,Electric Utilities,Philippines,1,0,low degree,
spectral medical,Medical Equipment & Devices,Canada,1,0,low degree,
spic northeast electric power,Electric Utilities,China,1,0,low degree,
spirit airlines,Transportation & Logistics,USA,1,0,low degree,
spirox,Semiconductors,Taiwan,1,0,low degree,
spx flow,Machinery,USA,1,0,low degree,
spx technologies,Electrical Equipment,USA,1,0,low degree,
sqm vitas fzco,Chemicals,UAE,1,0,low degree,
sri lanka ports authority,Transportation & Logistics,Sri Lanka,1,0,low degree,
ss development,Renewable Energy,China,1,0,low degree,
stadler rail,Transportation Equipment,Switzerland,1,0,low degree,
stahl de mexico sa de cv,Chemicals,Mexico,1,0,low degree,
stahlo stahlservice gmbh & co kg,Steel,Germany,1,0,low degree,
stalprofil,Steel,Poland,1,0,low degree,
stanhope,Engineering & Construction,UK,1,0,low degree,
star air a/s,Transportation & Logistics,Denmark,1,0,low degree,
star energy geothermal wayang windu,Electric Utilities,"Virgin Islands, British",1,0,low degree,
star group lp,Engineering & Construction,USA,1,0,low degree,
state grid fujian electric power,Electric Utilities,China,1,0,low degree,
state grid henan electric power,Electric Utilities,China,1,0,low degree,
state grid integrated energy service,Electric Utilities,China,1,0,low degree,
state grid jiangxi electric power,Electric Utilities,China,1,0,low degree,
state grid jilin electric power,Electric Utilities,China,1,0,low degree,
state grid qinghai electric power,Electric Utilities,China,1,0,low degree,
state grid shanxi electric power,Electric Utilities,China,1,0,low degree,
state grid yingda,Electrical Equipment,China,1,0,low degree,
state nuclear electric power planning design & research institute,Engineering & Construction,China,1,0,low degree,
state of south australia department of planning transportation,Transportation & Logistics,Australia,1,0,low degree,
state power investment corp shanxi aluminum,Metals & Mining,China,1,0,low degree,
state railway of thailand,Transportation & Logistics,Thailand,1,0,low degree,
stavropolenergosbyt pjsc,Electric Utilities,Russia,1,0,low degree,
steag,Electric Utilities,Germany,1,0,low degree,
steel,Steel,Japan,1,0,low degree,
steel & alloy,Steel,UK,1,0,low degree,
steel authority of india,Steel,India,1,0,low degree,
steel exchange india,Steel,India,1,0,low degree,
steel partners holdings lp,Industrial Intermediate Prod,USA,1,0,low degree,
stelco,Steel,Canada,1,0,low degree,
stella chemifa,Chemicals,Japan,1,0,low degree,
stemcor usa,Steel,USA,1,0,low degree,
steris,Medical Equipment & Devices,Ireland,1,0,low degree,
sterlite power transmission,Electrical Equipment,India,1,0,low degree,
sterlite technologies,Technology Hardware,India,1,0,low degree,
stewart stainless supply,Steel,USA,1,0,low degree,
stl technology,Technology Hardware,Taiwan,1,0,low degree,
strikepoint gold,Metals & Mining,Canada,1,0,low degree,
stryker,Medical Equipment & Devices,USA,1,0,low degree,
stx,Engineering & Construction,South Korea,1,0,low degree,
subros,Automotive,India,1,0,low degree,
subtron technology,Technology Hardware,Taiwan,1,0,low degree,
sufa technology industry co ltd cnnc,Machinery,China,1,0,low degree,
suido kiko kaisha,Machinery,Japan,1,0,low degree,
sukgyung at,Chemicals,South Korea,1,0,low degree,
sulzer,Machinery,Switzerland,1,0,low degree,
sumec,Machinery,China,1,0,low degree,
sumeeko industries,Automotive,Taiwan,1,0,low degree,
sumi indo kabel tbk pt,Electrical Equipment,Indonesia,1,0,low degree,
suminoe textile,Automotive,Japan,1,0,low degree,
sumitomo nacco forklift,Machinery,Japan,1,0,low degree,
sumitomo precision products,Aerospace & Defense,Japan,1,0,low degree,
summit steel,Steel,USA,1,0,low degree,
sun create electronics,Technology Hardware,China,1,0,low degree,
suncor energy,Oil & Gas Producers,Canada,1,0,low degree,
sundiro honda motorcycle,Automotive,China,1,0,low degree,
sunedison,Renewable Energy,USA,1,0,low degree,
sunf pu technology,Electrical Equipment,Taiwan,1,0,low degree,
sung bo chemicals,Chemicals,South Korea,1,0,low degree,
sungwan,Steel,South Korea,1,0,low degree,
sungwon,Steel,South Korea,1,0,low degree,
sunnova energy international,Renewable Energy,USA,1,0,low degree,
sunpro solar,Engineering & Construction,USA,1,0,low degree,
sunrun,Renewable Energy,USA,1,0,low degree,
sunsea aiot technology,Technology Hardware,China,0,1,low degree,
sunstone development,Metals & Mining,China,1,0,low degree,
suntory logistics,Transportation & Logistics,Japan,1,0,low degree,
sunward intelligent equipment,Machinery,China,1,0,low degree,
sunwater,Gas & Water Utilities,Australia,1,0,low degree,
sunway,Electrical Equipment,China,1,0,low degree,
suomen hyotytuuli oy,Renewable Energy,Finland,1,0,low degree,
supreme petrochern,Industrial Intermediate Prod,India,1,0,low degree,
suresoft technologies,Technology Services,South Korea,1,0,low degree,
surtidora de alambres y aceros del centro sa de cv,Steel,Spain,1,0,low degree,
surya esa perkasa tbk pt,Oil & Gas Producers,Indonesia,1,0,low degree,
suwon beltway,Transportation & Logistics,South Korea,1,0,low degree,
suzhou hailu heavy industry,Electrical Equipment,China,1,0,low degree,
suzhou hesheng special material,Chemicals,China,1,0,low degree,
suzhou jin hong shun auto parts,Automotive,China,1,0,low degree,
suzhou shougang longxing steel processing distribution,Steel,China,1,0,low degree,
suzhou sonavox electronics,Technology Hardware,China,0,1,low degree,
suzhou wuzhong city construction development,Engineering & Construction,China,1,0,low degree,
suzlon energy,Renewable Energy,India,1,0,low degree,
suzuki shokan,Gas & Water Utilities,Japan,1,0,low degree,
svyatogor jsc,Metals & Mining,Russia,1,0,low degree,
swcc,Electrical Equipment,Japan,1,0,low degree,
sydney metro,Transportation & Logistics,Australia,1,0,low degree,
synnex thailand pcl,Technology Hardware,Thailand,1,0,low degree,
synthomer,Chemicals,UK,1,0,low degree,
sypris solutions,Transportation Equipment,USA,1,0,low degree,
sysmex,Medical Equipment & Devices,Japan,1,0,low degree,
t&k toka,Chemicals,Japan,1,0,low degree,
t'way,Transportation & Logistics,South Korea,1,0,low degree,
ta-yuan cogeneration,Electric Utilities,Taiwan,1,0,low degree,
tachi-5,Automotive,Japan,1,0,low degree,
taekyung bk,Chemicals,South Korea,1,0,low degree,
taewoong logistics,Transportation & Logistics,South Korea,0,1,low degree,
taganrog metallurgical plant oao,Steel,Russia,0,1,low degree,
taiflex scientific,Industrial Intermediate Prod,Taiwan,1,0,low degree,
taihan precision technology,Electrical Equipment,Taiwan,1,0,low degree,
taiheiyo cement,Construction Materials,Japan,1,0,low degree,
taikisha,Engineering & Construction,Japan,1,0,low degree,
taini guigang cement,Construction Materials,China,1,0,low degree,
taishan nuclear power joint venture,Electric Utilities,China,1,0,low degree,
taitien electronics,Electrical Equipment,Taiwan,1,0,low degree,
taiwan chi cheng enterprise,Technology Hardware,Taiwan,1,0,low degree,
taiwan cogeneration,Engineering & Construction,Taiwan,1,0,low degree,
taiwan fu hsing industrial,Industrial Intermediate Prod,Taiwan,1,0,low degree,
taiwan glass industry,Construction Materials,Taiwan,1,0,low degree,
taiwan ic packaging,Semiconductors,Taiwan,1,0,low degree,
taiwan international ports,Transportation & Logistics,Taiwan,1,0,low degree,
taiwan line tek electronic,Electrical Equipment,Taiwan,1,0,low degree,
taiwan navigation,Transportation & Logistics,Taiwan,1,0,low degree,
taiwan pelican express,Transportation & Logistics,Taiwan,1,0,low degree,
taiwan taxi,Transportation & Logistics,Taiwan,1,0,low degree,
taiyo,Technology Hardware,Japan,1,0,low degree,
taiyo kisokogyo,Engineering & Construction,Japan,1,0,low degree,
taiyo technolex,Technology Hardware,Japan,1,0,low degree,
taiyuan gengyang industrial,Metals & Mining,China,1,0,low degree,
taiyuan iron & steel,Steel,China,1,0,low degree,
tajima motor,Automotive,Japan,1,0,low degree,
takagi seiko,Industrial Intermediate Prod,Japan,1,0,low degree,
takahama industry,Transportation Equipment,Japan,1,0,low degree,
takakita,Machinery,Japan,1,0,low degree,
takamatsu construction,Engineering & Construction,Japan,1,0,low degree,
takasago international,Chemicals,Japan,1,0,low degree,
takeuchi manufacturing,Machinery,Japan,1,0,low degree,
talleres y aceros sa de cv,Steel,Mexico,1,0,low degree,
tamilnadu petroproducts,Chemicals,India,1,0,low degree,
tamturbo oyj,Machinery,Finland,1,0,low degree,
tamura,Electrical Equipment,Japan,1,0,low degree,
tan chong motor holdings bhd,Automotive,Malaysia,1,0,low degree,
tanaka,Metals & Mining,Japan,1,0,low degree,
tanaka seimitsu kogyo,Automotive,Japan,1,0,low degree,
tandem diabetes care,Medical Equipment & Devices,USA,1,0,low degree,
tangshan beishiti iron & steel group fufeng steel,Steel,China,1,0,low degree,
tangshan caofeidian shiye port,Transportation & Logistics,China,1,0,low degree,
tangshan haiming coal,Metals & Mining,China,1,0,low degree,
tangshan jidong cement,Construction Materials,China,1,0,low degree,
tangshan port,Transportation & Logistics,China,1,0,low degree,
tangshan rongyi coking gas,Chemicals,China,1,0,low degree,
tangshan stainless steel,Steel,China,1,0,low degree,
tangshan sunfar silicon industry,Chemicals,China,1,0,low degree,
tapex,Chemicals,South Korea,1,0,low degree,
tat technologies,Aerospace & Defense,Israel,1,0,low degree,
tata,Technology Services,Vietnam,1,0,low degree,
tata hitachi construction machinery co pvt,Machinery,India,1,0,low degree,
tata international metals uk,Steel,UK,1,0,low degree,
tata steel long products,Steel,India,1,0,low degree,
tatneft pjsc,Oil & Gas Producers,Russia,1,0,low degree,
tatung fine chemical,Industrial Intermediate Prod,Taiwan,1,0,low degree,
tauber oil,Oil & Gas Producers,USA,1,0,low degree,
tav havalimanlari holding as,Transportation & Logistics,Turkey,1,0,low degree,
tayo rolls,Industrial Intermediate Prod,India,1,0,low degree,
tbea,Electrical Equipment,China,1,0,low degree,
tbi motion technology,Industrial Intermediate Prod,Taiwan,1,0,low degree,
tcc steel,Industrial Intermediate Prod,South Korea,1,0,low degree,
tcl electronics,Technology Hardware,Cayman Islands,1,0,low degree,
tcl rechi huizhou refrigeration equipment,Machinery,China,1,0,low degree,
tcorrugados y trefilados sa de cv,Steel,Spain,1,0,low degree,
te chang construction,Engineering & Construction,Taiwan,1,0,low degree,
te connectivity,Electrical Equipment,UK,1,0,low degree,
techemet lp,Metals & Mining,USA,1,0,low degree,
techgen,Machinery,Hong Kong,1,0,low degree,
technocraft industries india,Industrial Intermediate Prod,India,1,0,low degree,
technology metals australia,Metals & Mining,Australia,1,0,low degree,
tecnicas reunidas,Engineering & Construction,Spain,1,0,low degree,
tekcore,Semiconductors,Taiwan,1,0,low degree,
telangana state power generation,Electric Utilities,India,1,0,low degree,
teledyne technologies,Technology Hardware,USA,1,0,low degree,
telefonaktiebolaget lm ericsson,Technology Hardware,Sweden,1,0,low degree,
telenor asa,Telecommunications,Norway,1,0,low degree,
telephone and data systems,Telecommunications,USA,1,0,low degree,
tellhow sci-tech,Renewable Energy,China,1,0,low degree,
telstra,Telecommunications,Australia,1,0,low degree,
tembaga mulia semanan tbk pt,Metals & Mining,Indonesia,1,0,low degree,
tenma,Machinery,Japan,1,0,low degree,
tennessee valley authority,Electric Utilities,USA,1,0,low degree,
tenova,Machinery,Italy,1,0,low degree,
teollisuuden voima oyj,Electric Utilities,Finland,1,0,low degree,
ter ooo,Transportation & Logistics,Russia,1,0,low degree,
tera probe,Semiconductors,Japan,1,0,low degree,
teradyne,Semiconductors,USA,1,0,low degree,
teraoka seisakusho,Chemicals,Japan,1,0,low degree,
terasaki electric,Electrical Equipment,Japan,1,0,low degree,
termoelektrarna sostanj doo,Electric Utilities,Slovenia,1,0,low degree,
termoencogibles sa de cv,Chemicals,El Salvador,1,0,low degree,
terna energy,Electric Utilities,Spain,1,0,low degree,
tessenderlo,Chemicals,Spain,1,0,low degree,
tetra pak,Machinery,Sweden,1,0,low degree,
tewoo metals international trade,Metals & Mining,China,1,0,low degree,
thac mo hydropower jsc,Electric Utilities,Vietnam,1,0,low degree,
thai airways international pcl,Transportation & Logistics,Thailand,1,0,low degree,
thai central chemical pcl,Chemicals,Thailand,1,0,low degree,
thai cold rolled steel sheet pcl,Steel,Thailand,1,0,low degree,
thai nguyen iron and steel jsc,Steel,UK,1,0,low degree,
thai rung union car pcl,Automotive,Thailand,1,0,low degree,
thal,Electrical Equipment,Pakistan,1,0,low degree,
thales,Aerospace & Defense,France,1,0,low degree,
thames water,Gas & Water Utilities,UK,1,0,low degree,
thien quang group jsc,Machinery,Vietnam,1,0,low degree,
third construction co ltd of china construction eighth engineering division,Engineering & Construction,China,1,0,low degree,
thk,Machinery,Japan,1,0,low degree,
thu dau mot water jsc,Gas & Water Utilities,Vietnam,1,0,low degree,
thyssenkrupp materials & services,Steel,Germany,1,0,low degree,
tian jin bohai chemical,Chemicals,China,1,0,low degree,
tian lun gas,Gas & Water Utilities,Cayman Islands,1,0,low degree,
tianjin 712 communication & broadcasting,Technology Hardware,China,1,0,low degree,
tianjin faw toyota engine,Automotive,China,1,0,low degree,
tianjin futong information science & technology,Technology Hardware,China,1,0,low degree,
tianjin guoan mengguli new materials science & technology,Metals & Mining,China,1,0,low degree,
tianjin jinliande metal materials,Transportation & Logistics,China,1,0,low degree,
tianjin motimo membrane technology,Machinery,China,1,0,low degree,
tianjin printronics circuit,Technology Hardware,China,1,0,low degree,
tianma chengdu railway bearing,Industrial Intermediate Prod,China,1,0,low degree,
tianneng battery,Automotive,China,1,0,low degree,
tianoxi xinvu guoke technology,Aerospace & Defense,China,1,0,low degree,
tianqi lithium,Chemicals,China,1,0,low degree,
tibet summit resources,Metals & Mining,China,1,0,low degree,
tieliu,Automotive,China,1,0,low degree,
tien len steel corp jsc,Steel,Vietnam,1,0,low degree,
tien phong plastic jsc,Construction Materials,Vietnam,1,0,low degree,
timken co/the,Industrial Intermediate Prod,USA,1,0,low degree,
tino kaiun kaisha,Transportation & Logistics,Japan,1,0,low degree,
tinplate co of india ltd/the,Steel,India,1,0,low degree,
tipco asphalt pcl,Construction Materials,Thailand,1,0,low degree,
titan cement international,Construction Materials,Belgium,1,0,low degree,
titan international,Machinery,USA,1,0,low degree,
titan kogyo,Chemicals,Japan,1,0,low degree,
tkg hucherns,Chemicals,Japan,1,0,low degree,
tns energo kuban pjsc,Electric Utilities,Russia,1,0,low degree,
tns energo nizhny novgorod pjsc,Electric Utilities,Russia,1,0,low degree,
tns energo yarosavi pjsc,Electric Utilities,Russia,1,0,low degree,
toa road,Engineering & Construction,Japan,1,0,low degree,
tobu railway,Transportation & Logistics,Japan,1,0,low degree,
tocalo,Industrial Intermediate Prod,Japan,1,0,low degree,
tofas turk otomobil fabrikasi as,Automotive,Turkey,1,0,low degree,
togami electric manufacturing,Electrical Equipment,Japan,1,0,low degree,
toho gas,Gas & Water Utilities,Japan,1,0,low degree,
toho koki,Machinery,Japan,1,0,low degree,
tohoku kikai seisakusho kk,Engineering & Construction,Japan,1,0,low degree,
tokai,Oil & Gas Producers,Japan,1,0,low degree,
tokai carbon korea,Semiconductors,South Korea,1,0,low degree,
tokai concrete industries,Construction Materials,Japan,1,0,low degree,
tokai kisen,Transportation & Logistics,Japan,1,0,low degree,
toko shoji,Chemicals,Japan,1,0,low degree,
tokushin electric industries,Technology Hardware,Japan,1,0,low degree,
tokyo metro,Transportation & Logistics,Japan,1,0,low degree,
tokyu,Transportation & Logistics,Japan,1,0,low degree,
tokyu construction,Engineering & Construction,Japan,1,0,low degree,
tomen devices,Technology Hardware,Japan,1,0,low degree,
tomoe works,Industrial Intermediate Prod,Japan,1,0,low degree,
tomv,Oil & Gas Producers,Germany,1,0,low degree,
tong ming enterprise,Industrial Intermediate Prod,Cayman Islands,1,0,low degree,
tong-tai machine & tool,Machinery,Taiwan,1,0,low degree,
tongda,Technology Hardware,Cayman Islands,0,1,low degree,
tonghua hengtai heating power,Engineering & Construction,China,1,0,low degree,
tonghua iron & steel,Steel,China,1,0,low degree,
tongling jingda special magnet wire,Industrial Intermediate Prod,China,1,0,low degree,
tongwei,Renewable Energy,China,1,0,low degree,
top energy co ltd shanxi,Electric Utilities,China,1,0,low degree,
top glove corp bhd,Industrial Intermediate Prod,Malaysia,1,0,low degree,
top resource energy,Gas & Water Utilities,China,1,0,low degree,
topsun,Renewable Energy,South Korea,1,0,low degree,
torex semiconductor,Semiconductors,Japan,1,0,low degree,
torishima pump manufacturing,Machinery,Japan,1,0,low degree,
toronto transit commission,Transportation & Logistics,Canada,1,0,low degree,
toshiba mitsubishi-electric industrial systems,Machinery,Japan,1,0,low degree,
toshiba tec,Technology Hardware,Japan,1,0,low degree,
toshin,Technology Hardware,Japan,1,0,low degree,
tossen innovation,Chemicals,China,1,0,low degree,
total energy services,Oil & Gas Services & Equip,Canada,1,0,low degree,
toto energy,Oil & Gas Producers,USA,1,0,low degree,
towa,Semiconductors,Japan,1,0,low degree,
towa refractory engineering,Engineering & Construction,Japan,1,0,low degree,
tower international,Automotive,USA,1,0,low degree,
towngas smart energy,Gas & Water Utilities,Cayman Islands,1,0,low degree,
toyo concrete,Construction Materials,Japan,1,0,low degree,
toyo corp/aichi,Machinery,Japan,1,0,low degree,
toyo electric,Machinery,Japan,1,0,low degree,
toyo shutter,Electrical Equipment,Japan,1,0,low degree,
toyo tanso,Chemicals,Japan,1,0,low degree,
toyota peugeot citroen automobile czech sro,Automotive,Japan,1,0,low degree,
toyotomi kiko,Automotive,Japan,1,0,low degree,
tpc,Chemicals,USA,1,0,low degree,
tpi composites,Renewable Energy,USA,1,0,low degree,
tpk holding,Technology Hardware,Cayman Islands,0,1,low degree,
tplex,Steel,South Korea,1,0,low degree,
tradeco infraestructura sa de cv,Engineering & Construction,Spain,1,0,low degree,
trafigura beheer,Oil & Gas Producers,Singapore,1,0,low degree,
trafigura trading,Oil & Gas Producers,USA,1,0,low degree,
tran hong quan trading,Oil & Gas Producers,Vietnam,1,0,low degree,
tranger energy services,Oil & Gas Services & Equip,USA,1,0,low degree,
trans austria gasleitung,Gas & Water Utilities,Austria,1,0,low degree,
trans marga jateng pt,Engineering & Construction,Indonesia,1,0,low degree,
trans mountain pipeline lp,Oil & Gas Producers,Canada,1,0,low degree,
trans wagon international,Transportation & Logistics,China,1,0,low degree,
transaxle manufacturing of america,Automotive,USA,1,0,low degree,
transelectrica,Electric Utilities,Spain,1,0,low degree,
transfar zhilian,Transportation & Logistics,China,1,0,low degree,
transformadores tusan,Electrical Equipment,Chile,1,0,low degree,
translingkar kita jaya pt,Engineering & Construction,Indonesia,1,0,low degree,
transmilenio,Transportation & Logistics,Spain,1,0,low degree,
transnet,Electric Utilities,Chile,1,0,low degree,
transpnevmatika oao,Transportation Equipment,Russia,1,0,low degree,
transport for london,Transportation & Logistics,UK,1,0,low degree,
transport scotland,Engineering & Construction,UK,1,0,low degree,
transportadora callao,Transportation & Logistics,Peru,1,0,low degree,
transportadora de gas del sur,Oil & Gas Producers,Argentina,1,0,low degree,
trelleborg ab,Industrial Intermediate Prod,Sweden,1,0,low degree,
trenitalia,Transportation & Logistics,Italy,1,0,low degree,
tri chemical laboratories,Chemicals,Japan,1,0,low degree,
tric,Aerospace & Defense,Taiwan,1,0,low degree,
tricon energy uk,Chemicals,UK,1,0,low degree,
trinity energy services,Oil & Gas Services & Equip,USA,1,0,low degree,
triple flag precious metals,Metals & Mining,Canada,1,0,low degree,
triumph,Aerospace & Defense,USA,1,0,low degree,
triumph motorcycles,Automotive,UK,1,0,low degree,
tronox,Chemicals,UK,1,0,low degree,
tru precious metals,Metals & Mining,Canada,1,0,low degree,
truong hai auto,Automotive,Vietnam,1,0,low degree,
truwin,Automotive,South Korea,1,0,low degree,
trw sun steering wheels pvt,Automotive,India,1,0,low degree,
ts tech north america,Automotive,USA,1,0,low degree,
tsec,Renewable Energy,Taiwan,1,0,low degree,
tsubaki nakashima,Industrial Intermediate Prod,Japan,1,0,low degree,
tsuchiya screen kk,Automotive,Japan,1,0,low degree,
tsudakoma,Machinery,Japan,1,0,low degree,
tsuzuki denki,Technology Services,Japan,1,0,low degree,
ttalen energy supply,Electric Utilities,USA,1,0,low degree,
tulaoblgaz,Gas & Water Utilities,Russia,1,0,low degree,
tung kuang industrial jsc,Industrial Intermediate Prod,Vietnam,1,0,low degree,
tunnel euralpin lyon turin sas,Engineering & Construction,France,1,0,low degree,
tuper s/a,Steel,Spain,1,0,low degree,
turkiye petrolleri ao,Oil & Gas Producers,Turkey,1,0,low degree,
tuymazinskiy zavod avtobetonovozov pao,Machinery,Russia,1,0,low degree,
tvs,Automotive,India,1,0,low degree,
tvs motor,Automotive,India,1,0,low degree,
tway air,Transportation & Logistics,South Korea,1,0,low degree,
two rivers,Mine,South Africa,0,1,low degree,
u-ming marine transport,Transportation & Logistics,Taiwan,1,0,low degree,
u-netrans,Transportation & Logistics,Taiwan,1,0,low degree,
ucm industrial corp bhd,Electrical Equipment,Malaysia,1,0,low degree,
uex,Steel,Japan,1,0,low degree,
uganda electricity transmission,Electric Utilities,Uganda,1,0,low degree,
uldry steel,Steel,Spain,1,0,low degree,
ultra clean,Semiconductors,USA,1,0,low degree,
ultra electronics,Aerospace & Defense,UK,1,0,low degree,
ultra petroleum,Oil & Gas Producers,USA,1,0,low degree,
ulvac,Semiconductors,Japan,1,0,low degree,
unicraft nagura,Automotive,Japan,1,0,low degree,
unigel,Chemicals,UK,1,0,low degree,
unigel participacoes s/a,Chemicals,Spain,1,0,low degree,
unigel uk,Electrical Equipment,UK,1,0,low degree,
unimicron technology,Technology Hardware,Taiwan,1,0,low degree,
union chemical,Chemicals,South Korea,1,0,low degree,
union chemicals lanka,Chemicals,Sri Lanka,1,0,low degree,
union community,Electrical Equipment,South Korea,1,0,low degree,
union fenosa gas,Gas & Water Utilities,Spain,1,0,low degree,
union tool,Machinery,Japan,1,0,low degree,
unipart logistics,Transportation & Logistics,UK,1,0,low degree,
uniper global commodities se,Electric Utilities,Germany,1,0,low degree,
united airlines,Transportation & Logistics,USA,1,0,low degree,
united fiber optical communication,Technology Services,Taiwan,1,0,low degree,
united launch alliance,Aerospace & Defense,USA,1,0,low degree,
united metallurgical co jsc,Steel,Russia,1,0,low degree,
united microelectronics,Semiconductors,Taiwan,1,0,low degree,
united nova technology,Semiconductors,China,1,0,low degree,
united orthopedic,Medical Equipment & Devices,Taiwan,1,0,low degree,
united wagon co pjsc,Transportation Equipment,Russia,1,0,low degree,
unitekno,Automotive,South Korea,1,0,low degree,
universal bearings,Industrial Intermediate Prod,USA,1,0,low degree,
universal electronics,Technology Hardware,USA,1,0,low degree,
unki,Mine,Zimbabwe,0,1,low degree,
ural airlines jsc,Transportation & Logistics,Russia,1,0,low degree,
us silica,Oil & Gas Services & Equip,USA,1,0,low degree,
usa antimony,Metals & Mining,USA,1,0,low degree,
usa cold storage,Transportation & Logistics,USA,1,0,low degree,
usa naval research laboratory,Aerospace & Defense,USA,1,0,low degree,
utah municipal power agency,Electric Utilities,USA,1,0,low degree,
utex industries,Chemicals,USA,1,0,low degree,
uttar pradesh rajya vidyut utpadan nigam,Electric Utilities,India,1,0,low degree,
uzbekenergo sjsc,Electric Utilities,Uzbekistan,1,0,low degree,
uzbekneftegaz jsc,Oil & Gas Producers,Uzbekistan,1,0,low degree,
uzbektelecom jsc,Telecommunications,Uzbekistan,1,0,low degree,
vaalco energy,Oil & Gas Producers,USA,1,0,low degree,
vacom vakuum komponenten & messtechnik,Electrical Equipment,Germany,1,0,low degree,
vaisala oyj,Electrical Equipment,Finland,1,0,low degree,
vale inco sudbury,Mine,Canada,0,1,low degree,
valero energy,Oil & Gas Producers,USA,1,0,low degree,
valloured solucoes tubulares do brasil,Steel,Spain,1,0,low degree,
valmet oyj,Machinery,Finland,1,0,low degree,
van hool,Transportation Equipment,Belgium,1,0,low degree,
vancouver airport authority,Transportation & Logistics,Canada,1,0,low degree,
vanguard international semiconductor,Semiconductors,Taiwan,1,0,low degree,
vantiva,Technology Hardware,Spain,1,0,low degree,
varta,Technology Hardware,Germany,1,0,low degree,
vass pipe & steel,Steel,USA,1,0,low degree,
vassiliko cement works,Construction Materials,Cyprus,1,0,low degree,
vegetexco port jsc/the,Transportation & Logistics,Vietnam,1,0,low degree,
ventec international,Electrical Equipment,Cayman Islands,1,0,low degree,
ventra,Automotive,Canada,1,0,low degree,
venus gas one member,Oil & Gas Producers,Vietnam,1,0,low degree,
veoneer,Automotive,USA,1,0,low degree,
verbund,Electric Utilities,Austria,1,0,low degree,
vermeer manufacturing,Machinery,USA,1,0,low degree,
verope,Steel,Switzerland,1,0,low degree,
vertex corp/japan,Construction Materials,Japan,1,0,low degree,
vestas aircoil a/s,Electrical Equipment,Denmark,1,0,low degree,
veto switchgears and cables,Electrical Equipment,India,1,0,low degree,
viasat,Technology Hardware,USA,1,0,low degree,
viavi solutions,Technology Hardware,USA,1,0,low degree,
vibram,Industrial Intermediate Prod,Italy,1,0,low degree,
vicem ha tien cement jsc,Construction Materials,Vietnam,1,0,low degree,
vicinity motor,Transportation Equipment,Canada,1,0,low degree,
victorian ports corp melbourne,Transportation & Logistics,Australia,1,0,low degree,
video display,Technology Hardware,USA,1,0,low degree,
vietnam container shipping jsc,Transportation & Logistics,Vietnam,1,0,low degree,
vietnam engine & agricultural machinery,Machinery,Vietnam,1,0,low degree,
vietnam germany steel pipe jsc,Industrial Intermediate Prod,Vietnam,1,0,low degree,
vietnam national petroleum,Oil & Gas Producers,Vietnam,1,0,low degree,
vietnam plastic,Industrial Intermediate Prod,Vietnam,1,0,low degree,
viewray,Medical Equipment & Devices,USA,1,0,low degree,
viking life-saving equipment a/s,Electrical Equipment,Denmark,1,0,low degree,
viking tech,Electrical Equipment,Taiwan,1,0,low degree,
vina tech,Electrical Equipment,Vietnam,1,0,low degree,
vinacomin - halam coal jsc,Metals & Mining,Vietnam,1,0,low degree,
vinacomin - power holding,Electric Utilities,Vietnam,1,0,low degree,
vinacomin coal import & export jsc,Metals & Mining,Vietnam,1,0,low degree,
vinacomin materials trading jsc,Machinery,Vietnam,1,0,low degree,
virgin atlantic airways,Transportation & Logistics,UK,1,0,low degree,
virtue dragon nickel industry pt,Metals & Mining,Indonesia,1,0,low degree,
vision inc/tokyo japan,Telecommunications,Japan,1,0,low degree,
visionox technology,Technology Hardware,China,1,0,low degree,
visual photonics epitaxy,Semiconductors,Taiwan,1,0,low degree,
vitzrocell,Renewable Energy,South Korea,1,0,low degree,
vivant corp/philippines,Electric Utilities,Philippines,1,0,low degree,
vivimed labs,Chemicals,India,1,0,low degree,
vizhinjam international seaport,Transportation & Logistics,India,1,0,low degree,
vladimiroblgas,Gas & Water Utilities,Russia,1,0,low degree,
vmmi holdings ltd/singapore,Electrical Equipment,Singapore,1,0,low degree,
vnipigazdobicha oao,Engineering & Construction,Russia,1,0,low degree,
vnsteel-vicasa jsc,Steel,Vietnam,1,0,low degree,
volgogradneftemash oao,Oil & Gas Services & Equip,Russia,1,0,low degree,
volkerfitzpatrick,Engineering & Construction,UK,1,0,low degree,
volvo car belgium,Automotive,Belgium,1,0,low degree,
voortman steel,Machinery,Netherlands,1,0,low degree,
vossloh,Machinery,Germany,1,0,low degree,
vulcan co inc/the,Machinery,USA,1,0,low degree,
vulcan energy resources,Metals & Mining,Australia,1,0,low degree,
vung ang 2 thermal power jsc,Electric Utilities,Vietnam,1,0,low degree,
vyksa metallurgical plant ojsc,Steel,Russia,1,0,low degree,
vympel shipyard jsc,Transportation Equipment,Russia,1,0,low degree,
w&g beteiligungs-gmbh & co kg,Oil & Gas Producers,Germany,1,0,low degree,
w-scope chungju plant,Technology Hardware,South Korea,1,0,low degree,
waberer's international nyrt,Transportation & Logistics,Hungary,1,0,low degree,
wacker neuson se,Machinery,Germany,1,0,low degree,
wae technologies,Automotive,UK,1,0,low degree,
walker forge,Industrial Intermediate Prod,USA,1,0,low degree,
walton advanced engineering,Semiconductors,Taiwan,1,0,low degree,
wanhua chemical,Chemicals,China,1,0,low degree,
wanli tire,Automotive,South Korea,1,0,low degree,
wasion,Electrical Equipment,Cayman Islands,1,0,low degree,
waskita beton precast tbk pt,Construction Materials,Indonesia,1,0,low degree,
watanabe sato,Engineering & Construction,Japan,1,0,low degree,
watts water technologies,Machinery,USA,1,0,low degree,
wave electronics,Technology Hardware,South Korea,1,0,low degree,
wd-40,Chemicals,USA,1,0,low degree,
webuild,Engineering & Construction,Italy,1,0,low degree,
weichai lovol heavy industry,Machinery,China,1,0,low degree,
weifang yaxing chemical,Chemicals,China,1,0,low degree,
weikeng industrial,Technology Hardware,Taiwan,1,0,low degree,
weir groun pic/the,Machinery,UK,1,0,low degree,
weir group plc/the,Machinery,UK,1,0,low degree,
wejo,Technology Services,Bermuda,1,0,low degree,
welbilt,Machinery,USA,1,0,low degree,
wenzhou hanggang shuiwu,Gas & Water Utilities,China,1,0,low degree,
werner enterprises,Transportation & Logistics,USA,1,0,low degree,
west coast metals,Steel,USA,1,0,low degree,
western mining,Metals & Mining,China,1,0,low degree,
western region gold,Metals & Mining,China,1,0,low degree,
westinghouse air brake technologies,Transportation Equipment,USA,1,0,low degree,
westmoreland coal,Metals & Mining,USA,1,0,low degree,
wh manufacturing,Machinery,USA,1,0,low degree,
whiting petroleum,Oil & Gas Producers,USA,1,0,low degree,
wholetech system hitech,Semiconductors,Taiwan,1,0,low degree,
wicet holdings pty,Metals & Mining,Australia,1,0,low degree,
wieh,Oil & Gas Producers,Germany,1,0,low degree,
wiener linien gmbh & co kg,Transportation & Logistics,Austria,1,0,low degree,
wild se,Machinery,Germany,1,0,low degree,
williams industrial services,Engineering & Construction,USA,1,0,low degree,
winbond electronics,Semiconductors,Taiwan,1,0,low degree,
winson oil trading pte,Oil & Gas Producers,Singapore,1,0,low degree,
winstek semiconductor,Semiconductors,Taiwan,1,0,low degree,
withtech,Semiconductors,South Korea,1,0,low degree,
wolf creek nuclear operating,Electric Utilities,USA,1,0,low degree,
wolf energy services,Machinery,USA,1,0,low degree,
wolfden resources,Metals & Mining,Canada,1,0,low degree,
wolfspeed,Semiconductors,USA,1,0,low degree,
wonik,Semiconductors,South Korea,1,0,low degree,
wonik cube,Chemicals,South Korea,1,0,low degree,
wonik pne,Machinery,South Korea,1,0,low degree,
woodbridge foam international,Industrial Intermediate Prod,Thailand,1,0,low degree,
woodward,Aerospace & Defense,USA,1,0,low degree,
woojung,Engineering & Construction,South Korea,1,0,low degree,
woory industrial holdinger,Automotive,South Korea,1,0,low degree,
wooshin industrial,Automotive,South Korea,1,0,low degree,
woowon development,Engineering & Construction,South Korea,1,0,low degree,
workhorse,Transportation Equipment,USA,1,0,low degree,
worthington armstrong venture,Machinery,USA,1,0,low degree,
wpd,Renewable Energy,Germany,1,0,low degree,
wpd malleco,Electric Utilities,Chile,1,0,low degree,
wuhan iron & steel,Steel,China,1,0,low degree,
wuhan p&s information technology,Technology Hardware,China,0,1,low degree,
wuhan pingmei wugang joint coking,Chemicals,China,1,0,low degree,
wuhan xianglong power industry,Gas & Water Utilities,China,1,0,low degree,
wuhu qinhui automobile fittings manufacturing,Automotive,China,1,0,low degree,
wukun steel,Steel,China,1,0,low degree,
wurth oy,Machinery,Finland,1,0,low degree,
wuxi bao-mit steel distribution,Steel,China,1,0,low degree,
wuxi compressor,Machinery,China,1,0,low degree,
wuxi huayang rolling bearing,Industrial Intermediate Prod,China,1,0,low degree,
wuxi mingyang battery,Renewable Energy,China,1,0,low degree,
wuxi suntech power,Renewable Energy,China,1,0,low degree,
wuyang-honda motors guangzhou,Automotive,China,1,0,low degree,
xiamen changelight,Semiconductors,China,1,0,low degree,
xiamen hongxin electronics technology,Technology Hardware,China,0,1,low degree,
xian aircraft aluminum industry,Metals & Mining,China,1,0,low degree,
xiangtan electrochemical scientific,Chemicals,China,1,0,low degree,
xinjiang beiken energy engineering stock,Oil & Gas Services & Equip,China,1,0,low degree,
xinjiang haoyuan gas,Gas & Water Utilities,China,1,0,low degree,
xinjiang international industry,Oil & Gas Producers,China,1,0,low degree,
xinjiang joinworld,Metals & Mining,China,1,0,low degree,
xinjiang tianfu,Electric Utilities,China,1,0,low degree,
xinjiang tianfu energy,Electric Utilities,China,1,0,low degree,
xinjiang xintai natural gas,Gas & Water Utilities,China,1,0,low degree,
xinjiang xinxin mining industry,Metals & Mining,China,1,0,low degree,
xintec,Semiconductors,Taiwan,1,0,low degree,
xinxiang pingyuan demonstration area investment,Engineering & Construction,China,1,0,low degree,
xinxiang yangguang electric sources manufacturing,Technology Hardware,China,1,0,low degree,
xinyang technology,Chemicals,China,1,0,low degree,
xizang zhufeng resources,Metals & Mining,China,1,0,low degree,
xmh,Machinery,Singapore,1,0,low degree,
xu zhou tian an hua gong,Chemicals,China,1,0,low degree,
xuanhua steel stick,Steel,China,1,0,low degree,
xugong group construction machinery,Machinery,China,1,0,low degree,
xuzhou handler special vehicle,Machinery,China,1,0,low degree,
xylem inc/ny,Machinery,USA,1,0,low degree,
yac,Semiconductors,Japan,1,0,low degree,
yageo,Technology Hardware,Taiwan,1,0,low degree,
yahagi construction,Engineering & Construction,Japan,1,0,low degree,
yamabiko,Machinery,Japan,1,0,low degree,
yamada,Machinery,Japan,1,0,low degree,
yamaguchi gohdoh gas,Gas & Water Utilities,Japan,1,0,low degree,
yamashita machinery,Machinery,Japan,1,0,low degree,
yamau,Construction Materials,Japan,1,0,low degree,
yamazaki mazak,Machinery,Brazil,1,0,low degree,
yanagawa seiki,Automotive,Japan,1,0,low degree,
yanagawa techno forge,Steel,Thailand,1,0,low degree,
yancheng lianxin iron & steel,Steel,China,1,0,low degree,
yancheng lude welding material,Machinery,China,1,0,low degree,
yangtze optical fibre & cable joint stock,Technology Hardware,China,1,0,low degree,
yangzhou yangjie electronic technology,Semiconductors,China,1,0,low degree,
yanmar power technology,Machinery,Japan,1,0,low degree,
yantai bihai urban development investment,Engineering & Construction,China,1,0,low degree,
yarra valley water,Gas & Water Utilities,Australia,1,0,low degree,
yasuda logistics,Transportation & Logistics,Japan,1,0,low degree,
yasunaga,Automotive,Japan,1,0,low degree,
yc inox,Steel,Taiwan,1,0,low degree,
yearimdang publishing,Transportation & Logistics,South Korea,1,0,low degree,
yeh-chiang technology,Industrial Intermediate Prod,Taiwan,1,0,low degree,
yeong chin machinery ind,Machinery,Taiwan,1,0,low degree,
yeong guan energy technology,Machinery,Cayman Islands,1,0,low degree,
yfc-boneagle electric,Electrical Equipment,Taiwan,1,0,low degree,
yield10 bioscience,Chemicals,USA,1,0,low degree,
yip's chemical,Chemicals,Hong Kong,1,0,low degree,
ym,Industrial Intermediate Prod,South Korea,1,0,low degree,
yonezawa koki,Machinery,Japan,1,0,low degree,
yonfer agricultural technology,Chemicals,China,1,0,low degree,
yong shun chemical,Chemicals,Taiwan,1,0,low degree,
yongsan chemicals,Chemicals,South Korea,1,0,low degree,
yooho development & construction,Engineering & Construction,South Korea,1,0,low degree,
yooshin engineering,Engineering & Construction,South Korea,1,0,low degree,
yoshino gypsum,Construction Materials,Japan,1,0,low degree,
yotai refractories,Construction Materials,Japan,1,0,low degree,
youji machine industrial china,Machinery,China,1,0,low degree,
young hwa construction & engineering,Engineering & Construction,South Korea,1,0,low degree,
youngjin global,Construction Materials,South Korea,1,0,low degree,
youngy,Metals & Mining,China,1,0,low degree,
ytl power international bhd,Electric Utilities,Malaysia,1,0,low degree,
yueyang xingchang petrochemical,Chemicals,China,1,0,low degree,
yufo electronics,Technology Hardware,China,1,0,low degree,
yulchon,Industrial Intermediate Prod,South Korea,1,0,low degree,
yunnan dianzhong industrial development group co l,Transportation & Logistics,China,1,0,low degree,
yunnan energy investment,Chemicals,China,1,0,low degree,
yunnan kaitong,Metals & Mining,China,1,0,low degree,
yunnan tin group holding,Metals & Mining,China,1,0,low degree,
yunnan yunlu runxin aluminum,Metals & Mining,China,1,0,low degree,
yura tech,Automotive,South Korea,1,0,low degree,
yutaka giken,Transportation Equipment,Japan,1,0,low degree,
yuzhno-ural'skij nikelevyj kombinat pjsc,Metals & Mining,Russia,1,0,low degree,
zanyu technology,Chemicals,China,1,0,low degree,
zapp precision metals,Steel,Germany,1,0,low degree,
zebra technologies,Technology Hardware,USA,1,0,low degree,
zenitaka corp/the,Engineering & Construction,Japan,1,0,low degree,
zenith steel,Steel,China,1,0,low degree,
zero alpha solutions,Telecommunications,UK,1,0,low degree,
zespol elektrocieplowni wroclawskich kogeneracia,Electric Utilities,Poland,1,0,low degree,
zf sachs suspension mexico sa de cv,Automotive,Spain,1,0,low degree,
zhangjiagang dongbu high technology metal,Steel,China,1,0,low degree,
zhangjiagang hongchang plate,Steel,China,1,0,low degree,
zhangjiakou xuanlong high speed wire,Steel,China,1,0,low degree,
zhaoqing andi fiber products,Chemicals,China,1,0,low degree,
zhe jiang kangsheng,Industrial Intermediate Prod,China,1,0,low degree,
zhejiang cenway new materials,Chemicals,China,1,0,low degree,
zhejiang cfmoto power,Automotive,China,1,0,low degree,
zhejiang construction engineering,Engineering & Construction,China,1,0,low degree,
zhejiang dewei hard alloy manufacturing,Industrial Intermediate Prod,China,1,0,low degree,
zhejiang dongling,Industrial Intermediate Prod,China,1,0,low degree,
zhejiang dongue chemical,Chemicals,China,1,0,low degree,
zhejiang double arrow rubber,Machinery,China,1,0,low degree,
zhejiang feida environmental science & technology,Machinery,China,1,0,low degree,
zhejiang friend chemical,Chemicals,China,1,0,low degree,
zhejiang future petrochemical,Chemicals,China,1,0,low degree,
zhejiang geely automobile parts purchasing,Automotive,China,1,0,low degree,
zhejiang hanggang international trade,Metals & Mining,China,1,0,low degree,
zhejiang hongji petrochemical,Chemicals,China,1,0,low degree,
zhejiang huahong new materials,Chemicals,China,1,0,low degree,
zhejiang huangma technology,Chemicals,China,1,0,low degree,
zhejiang jinggong integration technology,Machinery,China,1,0,low degree,
zhejiang jingsheng mechanical & electrical,Semiconductors,China,1,0,low degree,
zhejiang jingu,Automotive,China,1,0,low degree,
zhejiang metallurgical materials,Metals & Mining,China,1,0,low degree,
zhejiang metallurgical trading,Metals & Mining,China,1,0,low degree,
zhejiang mingri,Industrial Intermediate Prod,China,1,0,low degree,
zhejiang narada power source,Renewable Energy,China,1,0,low degree,
zhejiang power new energy,Chemicals,China,1,0,low degree,
zhejiang provincial energy,Electric Utilities,China,1,0,low degree,
zhejiang qianjiang biochem,Chemicals,China,1,0,low degree,
zhejiang renzhi,Oil & Gas Producers,China,1,0,low degree,
zhejiang runtu,Chemicals,China,1,0,low degree,
zhejiang shaxing pharmaceutical & chemical,Chemicals,China,1,0,low degree,
zhejiang shenxin aisikai packing,Industrial Intermediate Prod,China,1,0,low degree,
zhejiang shibao,Automotive,China,1,0,low degree,
zhejiang tianneng electronics & electric appliance,Renewable Energy,China,1,0,low degree,
zhejiang tiantai xianghe industrial,Electrical Equipment,China,1,0,low degree,
zhejiang vie science & technology,Automotive,China,1,0,low degree,
zhejiang weixing new building materials,Construction Materials,China,1,0,low degree,
zhejiang yilida ventilator,Automotive,China,1,0,low degree,
zhejiang yonggui electric equipment,Electrical Equipment,China,1,0,low degree,
zhejiang yongtai technology,Chemicals,China,1,0,low degree,
zhejiang zhaofeng mechanical & electronic,Automotive,China,1,0,low degree,
zhengzhou metro,Transportation & Logistics,China,1,0,low degree,
zhengzhou sino crystal diamond,Chemicals,China,1,0,low degree,
zhijin power supply bureau,Electric Utilities,China,1,0,low degree,
zhonghang electronic measuring instruments,Electrical Equipment,China,1,0,low degree,
zhongjin gold,Metals & Mining,China,1,0,low degree,
zhongman petroleum and natural gas,Oil & Gas Services & Equip,China,1,0,low degree,
zhongmin energy,Electric Utilities,China,1,0,low degree,
zhongping energy chemical group machinery manufacturing,Machinery,China,1,0,low degree,
zhongshan broad ocean motor,Machinery,China,1,0,low degree,
zhongshan city construction investment,Transportation & Logistics,China,1,0,low degree,
zhongshan metal material,Metals & Mining,China,1,0,low degree,
zhongshan public utilities,Gas & Water Utilities,China,1,0,low degree,
zhongtian hechuang energy,Chemicals,China,1,0,low degree,
zhongtian service,Technology Hardware,China,1,0,low degree,
zhongye changtian international engineering,Engineering & Construction,China,1,0,low degree,
zhongyifeng construction,Engineering & Construction,Cambodia,1,0,low degree,
zhongyuan environment-protection,Gas & Water Utilities,China,1,0,low degree,
zhongzhe high-speed railway bearing,Industrial Intermediate Prod,China,1,0,low degree,
zhuhai shenneng hongwan electric power,Electric Utilities,China,1,0,low degree,
zhuoshen non-ferrous metals plant & equipment,Machinery,China,1,0,low degree,
zhuzhou changjiang carbide tools,Machinery,China,1,0,low degree,
zhuzhou kibing,Construction Materials,China,1,0,low degree,
zhuzhou tiangiao crane,Machinery,China,1,0,low degree,
zimmite taiwan,Engineering & Construction,Taiwan,1,0,low degree,
zjbc information technology,Technology Services,China,1,0,low degree,
ztrw automotive,Automotive,China,1,0,low degree,
zungwon en-sys,Technology Services,South Korea,1,0,low degree,
