company,city,country,component,location_source_url,component_source_url,confidence,notes
bayerische motoren werke,Munich,Germany,premium passenger vehicles & motorcycles,https://en.wikipedia.org/wiki/BMW,https://en.wikipedia.org/wiki/BMW,high,"HQ Petuelring 130, Munich. Brands BMW/MINI/Rolls-Royce + BMW Motorrad. Automaker, so product kept at vehicle level."
mercedes-benz,Stuttgart,Germany,premium passenger cars & vans,https://group.mercedes-benz.com/careers/about-us/locations/location-detail-page-5135.html,https://www.dnb.com/business-directory/company-profiles.mercedes-benz_group_ag.396e0be4f0412dfa7f5469881b24b47b.html,high,HQ Mercedesstrasse 120 Stuttgart. Mercedes-Benz Group AG (formerly Daimler).
toyota motor,Toyota City,Japan,passenger vehicles (incl. hybrids),https://global.toyota/en/company/profile/overview/index.html,https://global.toyota/en/company/profile/overview/index.html,high,"HQ Toyota City, Aichi. World's largest automaker; strong hybrid/FCEV line."
volkswagen,Wolfsburg,Germany,passenger & commercial vehicles,https://www.volkswagen-group.com/en/about-us-16013,https://www.volkswagen-group.com/en/about-us-16013,high,HQ Wolfsburg; world's largest single car plant on site.
tesla,Austin,United States,battery-electric vehicles,https://www.tesla.com/giga-texas,https://www.globaldata.com/company-profile/tesla-inc/,high,"HQ moved to Giga Texas, Austin in 2021. Also stationary battery storage/solar."
robert bosch,Gerlingen,Germany,automotive fuel-injection & electronic control systems,https://en.wikipedia.org/wiki/Bosch_(company),https://en.wikipedia.org/wiki/Bosch_(company),medium,"HQ Gerlingen. Highly diversified (Mobility, Industrial, Consumer, Energy). Component shown = flagship automotive line; world's largest auto-parts supplier."
byd,Shenzhen,China,battery-electric vehicles,https://en.wikipedia.org/wiki/BYD_Company,https://en.wikipedia.org/wiki/BYD_Company,high,HQ Shenzhen. Also world #2 EV-battery maker (Blade LFP) via FinDreams; EVs are primary output.
magna international,Aurora,Canada,automotive body/chassis & seating systems,https://en.wikipedia.org/wiki/Magna_International,https://en.wikipedia.org/wiki/Magna_International,medium,"HQ Aurora, Ontario. Diversified mega-supplier; also contract vehicle assembly (Magna Steyr). Compressed to flagship lines."
zf friedrichshafen,Friedrichshafen,Germany,automotive transmissions & chassis systems,https://en.wikipedia.org/wiki/ZF_Friedrichshafen,https://en.wikipedia.org/wiki/ZF_Friedrichshafen,high,HQ Friedrichshafen. Best known specifically for automatic transmissions; absorbed TRW (safety systems).
hyundai mobis,Seoul,South Korea,automotive chassis & cockpit modules,https://en.wikipedia.org/wiki/Hyundai_Mobis,https://en.wikipedia.org/wiki/Hyundai_Mobis,high,"HQ Seoul (Gangnam). Parts/module arm of Hyundai/Kia/Genesis; also lamps, braking, electrification."
posco future m,Pohang,South Korea,battery cathode & anode materials,https://en.wikipedia.org/wiki/POSCO_Future_M,https://www.poscofuturem.com/en/business/energy.do,high,"HQ 110 Sinhang-ro, Nam-gu, Pohang. Formerly POSCO Chemical (renamed 2023). Only Korean maker of both cathode & anode; plants Gwangyang/Pohang."
hansol chemical,Seoul,South Korea,hydrogen peroxide & semiconductor process chemicals,https://stockanalysis.com/quote/krx/014680/company/,https://www.zoominfo.com/c/hansol-chemical-co-ltd/351708192,high,HQ Seoul; production plants Jeonju & Ulsan. Ex-Samsung Group affiliate. Also battery binders/display materials.
kumho petrochemical,Seoul,South Korea,styrene-butadiene synthetic rubber,https://en.wikipedia.org/wiki/Kumho_Petrochemical,https://en.wikipedia.org/wiki/Kumho_Petrochemical,high,HQ Seoul; plants Yeosu/Ulsan. World's largest SBR/BR capacity; also synthetic resins.
murata manufacturing,Nagaokakyo,Japan,multilayer ceramic capacitors (MLCC),https://en.wikipedia.org/wiki/Murata_Manufacturing,https://en.wikipedia.org/wiki/Murata_Manufacturing,high,"HQ Nagaokakyo, Kyoto. World MLCC leader (~40% share); also inductors, RF, sensors."
asahi kasei,Tokyo,Japan,lithium-ion battery separators (Hipore),https://en.wikipedia.org/wiki/Asahi_Kasei,https://www.asahi-kasei.com/news/2025/e250731.html,medium,"HQ Chiyoda, Tokyo. Diversified conglomerate (chemicals, homes, healthcare); Hipore = world-leading Li-ion separator, the supply-chain-relevant slice."
tokai carbon,Tokyo,Japan,graphite electrodes & carbon black,https://en.wikipedia.org/wiki/Tokai_Carbon,https://www.tokaicarbon.co.jp/en/products/graphite/summary/,high,"HQ Minato, Tokyo. Graphite electrodes (steel EAFs) + carbon black (tire reinforcement) are the two core lines."
nichias,Tokyo,Japan,industrial thermal insulation & sealing gaskets,https://www.globaldata.com/company-profile/nichias-corp/,https://www.nichias.co.jp/en,high,"HQ Chuo, Tokyo. NAME COLLISION WATCH: distinct from Nichia Corp (LED/phosphor maker) - matched to NICHIAS (TYO:5393), the insulation/sealing firm."
sunwoda electronic,Shenzhen,China,lithium-ion battery cells & packs,https://en.wikipedia.org/wiki/Sunwoda,https://en.wikipedia.org/wiki/Sunwoda,high,HQ Shenzhen (SZSE:300207). Consumer 3C batteries + EV battery systems; a top Chinese EV-battery supplier.
zeon,Tokyo,Japan,specialty synthetic rubber (HNBR/polybutadiene),https://www.zeon.co.jp/en/,https://www.zeonchemicals.com/products/,high,"HQ Marunouchi, Chiyoda, Tokyo. Flagship Zetpol HNBR + polybutadiene/isoprene rubber; C4/C5 chemistry."
nan ya plastics,Taipei,Taiwan,PVC & polyester plastics (also copper-clad laminates),https://www.globaldata.com/company-profile/nan-ya-plastics-corp/locations/,https://www.globaldata.com/company-profile/nan-ya-plastics-corp/,medium,HQ CITY AMBIGUOUS: registered offices in Taipei (Neihu/Dunhua N. Rd) but some sources say Kaohsiung; parent Formosa Plastics Group. Diversified - also world's largest copper-clad-laminate maker + ethylene glycol.
krakatau steel persero tbk pt,Cilegon,Indonesia,hot-rolled & cold-rolled steel coil,https://en.wikipedia.org/wiki/Krakatau_Steel,https://en.wikipedia.org/wiki/Krakatau_Steel,high,"HQ Cilegon, Banten. Largest Indonesian steelmaker (state-owned); HRC, CRC, wire rod, slab, pipe."
gunung raja paksi tbk pt,Cikarang,Indonesia,hot-rolled steel plate & sections,https://www.gunungrajapaksi.com/about,https://www.gunungrajapaksi.com/about,high,"HQ/plant Cikarang Barat, Bekasi, West Java (~2.2 Mt/yr). Private; part of Gunung Steel Group. HRC, plate, welded beams, ERW pipe."
waskita karya persero tbk pt,Jakarta,Indonesia,precast concrete & infrastructure construction,https://en.wikipedia.org/wiki/Waskita_Karya,https://en.wikipedia.org/wiki/Waskita_Karya,medium,"HQ Cawang, Jakarta. State-owned CONSTRUCTION firm, not a discrete parts maker - 'component' is precast concrete + toll-road/bridge construction & steel fabrication."
medco energi internasional tbk pt,Jakarta,Indonesia,crude oil & natural gas (upstream E&P),https://en.wikipedia.org/wiki/MedcoEnergi,https://en.wikipedia.org/wiki/MedcoEnergi,high,"HQ SCBD, South Jakarta. Indonesia's largest listed private oil & gas E&P; also power and copper/gold mining."
tenaris,Luxembourg City,Luxembourg,seamless & welded steel pipe (OCTG),https://www.sec.gov/Archives/edgar/data/0001190723/000155485525000262/ts-20241231.htm,https://www.sec.gov/Archives/edgar/data/0001190723/000155485525000262/ts-20241231.htm,medium,"HQ Luxembourg is legal/financial domicile (26 Bd Royal); no plant there. Production global; flagship seamless mill is Siderca in Campana, Argentina (Techint group). Consider Campana if graph wants a production site."
stellantis,Amsterdam,Netherlands,passenger & light commercial vehicles,https://en.wikipedia.org/wiki/Stellantis,https://en.wikipedia.org/wiki/Stellantis,high,"Passenger & light commercial vehicles, HQ Amsterdam. 'stellantis hv' was a duplicate/split node in the raw graph (same 'Netherlands' country attribute, 4 of its 6 suppliers already shared with this node) - merged in. Its 2 non-overlapping edges (lucky cement, grupo industrial saltillo sab de cv) were re-pointed here. This also captures the real-world Stellantis-Lucky Motor Pakistan CKD assembly relationship (Port Qasim, Karachi) without needing a separate node."
great wall motor,Baoding,China,SUVs & pickup trucks,https://en.wikipedia.org/wiki/Great_Wall_Motor,https://en.wikipedia.org/wiki/Great_Wall_Motor,high,"HQ + plants Baoding, Hebei (Lianchi/Xushui). Brands Haval, Tank, Ora, WEY, GWM Pickup."
nio,Hefei,China,battery-electric vehicles,https://cnevpost.com/2020/02/25/nio-china-headquarters-will-be-in-hefei-report-says/,https://www.nio.com/news/500000th-mass-produced-vehicle,high,"Vehicles built in Hefei, Anhui (JAC-NIO F1/F2/F3 plants) - reported production site per rule; global R&D HQ Shanghai; incorporated Cayman."
guangzhou automobile,Guangzhou,China,passenger vehicles (incl. Aion BEVs),https://en.wikipedia.org/wiki/GAC_Group,https://en.wikipedia.org/wiki/GAC_Group,high,"State-owned; HQ & plants Guangzhou, Guangdong. Brands Trumpchi, Aion (BEV), Hyptec + Toyota/Honda JVs."
nissan motor,Yokohama,Japan,passenger vehicles,https://www.nissan-global.com/EN/COMPANY/PROFILE/,https://www.nissan-global.com/EN/COMPANY/PROFILE/,high,"HQ Yokohama, Kanagawa; Nissan/Infiniti brands. Sold HQ building (sale-leaseback) 2025 but remains HQ'd there."
china faw,Changchun,China,passenger vehicles & trucks,https://en.wikipedia.org/wiki/FAW_Group,https://en.wikipedia.org/wiki/FAW_Group,high,"State-owned; HQ Changchun, Jilin. Brands Hongqi, Bestune, Jiefang (trucks) + FAW-VW/FAW-Toyota JVs."
nexen tire,Yangsan,South Korea,automotive tires,https://en.wikipedia.org/wiki/Nexen_Tire,https://en.wikipedia.org/wiki/Nexen_Tire,high,"HQ & lead plant/R&D Yangsan, S. Gyeongsang; also Changnyeong (KR), Qingdao (CN), Zatec (CZ). NAME NOTE: Nexen Tire the tyre maker, distinct from Nexen Co./Nexen Energy (oil)."
forvia se,Nanterre,France,automotive seating & interior systems,https://en.wikipedia.org/wiki/Forvia,https://en.wikipedia.org/wiki/Forvia,high,"Forvia SE (formerly Faurecia), HQ Nanterre (Paris). World #1 vehicle interiors & emission control; merged with Hella (lighting/electronics)."
wooshin systems,Siheung,South Korea,automotive body-assembly & EV battery production equipment,https://www.dnb.com/business-directory/company-profiles.wooshin_systems_coltd.aba22abd93dcf6a315417a057025a96f.html,http://www.wooshinsys.co.kr/eng/business/evbpp.php,high,"HQ Siheung, Gyeonggi (KRX:017370). Body-automation lines + EV battery assembly equipment (capital goods) + seatbelts/interior parts."
baic bluepark new energy technology,Beijing,China,battery-electric vehicles,https://en.wikipedia.org/wiki/BAIC_BluePark,https://en.wikipedia.org/wiki/BAIC_BluePark,high,"BAIC Group NEV arm, HQ Beijing Economic-Tech Dev Area; Arcfox & BJEV brands (Arcfox JV w/ Magna). Renaming to BAIC Arcfox New Energy (2025)."
eicher motors,Chennai,India,motorcycles (Royal Enfield mid-size),https://en.wikipedia.org/wiki/Royal_Enfield,https://eicher.in/our-business,high,"Core business Royal Enfield motorcycles - HQ & plants Chennai (Oragadam, Vallam Vadagal). Eicher Motors registered office New Delhi; also VE Commercial Vehicles (trucks/buses, Volvo JV) at Pithampur. Reported Chennai production base per rule."
hyundai transys,Seosan,South Korea,automotive transmissions & seats,https://en.wikipedia.org/wiki/Hyundai_Transys,https://en.wikipedia.org/wiki/Hyundai_Transys,high,"HQ Seosan, S. Chungcheong. Formed 2019 (Hyundai Dymos + Hyundai Powertech merger). Transmissions/DCT/EV reducers + complete seats. Hyundai Motor Group affiliate."
saic volkswagen automotive,Shanghai,China,passenger vehicles,https://en.wikipedia.org/wiki/SAIC_Volkswagen,https://en.wikipedia.org/wiki/SAIC_Volkswagen,high,"JV of SAIC (50%) & VW Group; HQ & main base Anting, Jiading District, Shanghai. Produces VW, Skoda, Audi marques."
nexteer automotive,Auburn Hills,United States,electric power steering & driveline systems,https://en.wikipedia.org/wiki/Nexteer_Automotive,https://en.wikipedia.org/wiki/Nexteer_Automotive,high,"Global HQ Auburn Hills, Michigan. Owned by Pacific Century Motors (AVIC); ex-GM/Delphi steering business. HK-listed."
xpeng,Zhaoqing,China,battery-electric vehicles,https://insideevs.com/news/427879/xpeng-opens-new-factory-zhaoqing/,https://en.wikipedia.org/wiki/XPeng,high,"Main plant Zhaoqing, Guangdong (also Guangzhou, Wuhan) - production site per rule; HQ Guangzhou; incorporated Cayman."
gotion high-tech,Hefei,China,lithium iron phosphate (LFP) battery cells,https://en.wikipedia.org/wiki/Gotion,https://en.gotion.com.cn/about.html,high,"HQ Hefei, Anhui. LFP & NCM cells/packs/ESS/BMS; Volkswagen largest shareholder; ~world #6 battery maker."
schaeffler,Herzogenaurach,Germany,rolling bearings & precision drivetrain components,https://en.wikipedia.org/wiki/Schaeffler_Group,https://en.wikipedia.org/wiki/Schaeffler_Group,high,"HQ Herzogenaurach, Bavaria. Brands INA, LuK, FAG; bearings + e-mobility/chassis. Merged with Vitesco 2024."
adient,Plymouth,United States,automotive seating systems,https://en.wikipedia.org/wiki/Adient,https://en.wikipedia.org/wiki/Adient,high,"Operational HQ Plymouth, Michigan; legal domicile Dublin, Ireland (reported operating HQ per production-site rule). World's largest automotive seating maker; ex-Johnson Controls spin-off."
valeo se,Paris,France,"automotive lighting, thermal & driving-assistance systems",https://en.wikipedia.org/wiki/Valeo,https://www.valeo.com/en/valeo-around-the-world/,high,"HQ 100 Rue de Courcelles, Paris. Tier-1; segments Powertrain, Thermal, Comfort/Driving-Assistance, Visibility (lighting). All-automotive so single phrase covers flagship lines."
shanghai jiao yun,Shanghai,China,automotive powertrain & body component assemblies,https://stockanalysis.com/quote/sha/600676/company/,https://www.marketscreener.com/quote/stock/SHANGHAI-JIAO-YUN-GROUP-C-9950153/company/,medium,"HQ Shanghai (SSE:600676). DIVERSIFIED group - primarily road freight/logistics + passenger-car dealerships/after-service, plus an auto-parts manufacturing segment (powertrain/body assemblies) = the supply-chain slice reported."
audi,Ingolstadt,Germany,premium passenger vehicles,https://en.wikipedia.org/wiki/Audi,https://en.wikipedia.org/wiki/Audi,high,"HQ & main plant Ingolstadt, Bavaria; VW Group subsidiary. A3/A6 e-tron/Q6 e-tron built there."
denso,Kariya,Japan,automotive thermal & powertrain systems,https://en.wikipedia.org/wiki/Denso,https://en.wikipedia.org/wiki/Denso,high,"HQ Kariya, Aichi. Toyota Group Tier-1; thermal, powertrain, electrification, mobility electronics, fuel injection."
kyb,Tokyo,Japan,shock absorbers & hydraulic systems,https://en.wikipedia.org/wiki/KYB_Corporation,https://en.wikipedia.org/wiki/KYB_Corporation,high,"HQ Minato, Tokyo (formerly Kayaba). World-leading shock absorber maker (75M+/yr) + hydraulics."
toyota boshoku,Kariya,Japan,"automotive seats, interior trim & filters",https://en.wikipedia.org/wiki/Toyota_Boshoku,https://en.wikipedia.org/wiki/Toyota_Boshoku,high,"HQ Kariya, Aichi. Toyota Group interior-systems supplier & filter maker; seats, door trim, headliners, air/oil filters."
changan ford automobile,Chongqing,China,passenger vehicles,https://en.wikipedia.org/wiki/Changan_Ford,https://en.wikipedia.org/wiki/Changan_Ford,high,"50/50 JV of Changan & Ford; HQ & lead plants Chongqing (also Hangzhou, Harbin). Builds Ford-brand cars for China."
guangqi honda automobile,Guangzhou,China,passenger vehicles,https://en.wikipedia.org/wiki/GAC_Honda,https://en.wikipedia.org/wiki/GAC_Honda,high,"GAC-Honda JV (50:40:10); HQ Guangzhou; plants Huangpu & Zengcheng. Gasoline, hybrid & EV models."
haima automobile,Haikou,China,passenger vehicles & EVs,https://en.wikipedia.org/wiki/Haima_Automobile,https://www.dnb.com/business-directory/company-profiles.hainan_haima_automobile_co_ltd.c2feb9446bd0c59511564d2129eba11b.html,medium,"Principal production Haikou, Hainan (only Hainan FTP automaker with fuel/EV/FCEV production qualifications) - reported per production-site rule; corporate HQ relocated to Zhengzhou, Henan in 2016. Ex-Mazda JV, now FAW-linked (SZSE:000572)."
jiangling motor holding,Nanchang,China,light trucks & commercial vehicles,https://en.wikipedia.org/wiki/Jiangling_Motors,https://en.wikipedia.org/wiki/Jiangling_Motors,high,"HQ & plants Nanchang, Jiangxi. JMC group; Ford holds ~32% of listed JMC (SZSE:000550); light trucks, vans, pickups, SUVs."
linamar,Guelph,Canada,machined powertrain & driveline components,https://en.wikipedia.org/wiki/Linamar,https://en.wikipedia.org/wiki/Linamar,high,"HQ Guelph, Ontario (TSX:LNR). Precision machining/casting/forging of engine, transmission & driveline parts; also Industrial (Skyjack)."
vinfast auto,Hai Phong,Vietnam,battery-electric vehicles,https://vinfastauto.us/newsroom/press-kit/vietnam-manufacturing-facility,https://en.wikipedia.org/wiki/VinFast,high,"Principal plant Hai Phong (Cat Hai Island) - reported per production-site rule; corporate HQ Hanoi. Vingroup EV arm; also plants Ha Tinh (VN), Tamil Nadu (IN), West Java (ID)."
sanyang motor,Hsinchu,Taiwan,scooters & motorcycles,https://en.wikipedia.org/wiki/Sanyang_Motor,https://en.wikipedia.org/wiki/Sanyang_Motor,high,"HQ Hukou, Hsinchu (SYM brand); production Taiwan/China/Vietnam. Two-wheelers primary; also assembles Hyundai cars/mini-trucks under licence in Taiwan."
zotye automobile,Jinhua,China,passenger vehicles (fuel & NEV),https://en.wikipedia.org/wiki/Zotye_Auto,https://en.wikipedia.org/wiki/Zotye_Auto,medium,"HQ Yongkang, Jinhua, Zhejiang (SZSE:000980). Brands Zotye/Jiangnan. NOTE: financially distressed/near-defunct after 2019 collapse, partial restart - status volatile."
dae won kang up,Cheonan,South Korea,automotive suspension springs,https://stockanalysis.com/quote/krx/000430/company/,https://stockanalysis.com/quote/krx/000430/company/,high,"Daewon Kang Up (KRX:000430), HQ Cheonan. Coil/leaf/air/stabilizer suspension springs + valve springs; also auto seats. Hyundai GF Holdings is largest shareholder."
changchun yidong clutch,Changchun,China,automotive diaphragm-spring clutches,https://www.marketscreener.com/quote/stock/CHANGCHUN-YIDONG-CLUTCH-C-9950173/,https://www.emis.com/php/company-profile/CN/Changchun_Yidong_Clutch_Co_Ltd__en_1737534.html,high,"HQ Changchun, Jilin (SSE:600148). China's first listed auto-clutch maker; diaphragm-spring clutches + hydraulic cylinders. Part of Norinco (China Ordnance) group."
dy,Incheon,South Korea,automotive wiper systems & small motors,https://stockanalysis.com/quote/krx/013570/company/,https://stockanalysis.com/quote/krx/013570/company/,medium,"DY Corporation (KRX:013570, formerly Dongyang Mechatronics), HQ Incheon. DIVERSIFIED (hydraulic machinery, car-wash/cranes); auto slice = wiper systems, window/fan/sunroof/EPS motors = reported. NAME NOTE: 'DY' resolved to DY Corporation via KRX:013570."
iav automotive engineering,Berlin,Germany,automotive powertrain & software engineering services,https://en.wikipedia.org/wiki/IAV_GmbH,https://en.wikipedia.org/wiki/IAV_GmbH,high,"IAV GmbH (Ingenieurgesellschaft Auto und Verkehr), HQ Berlin. Engineering-SERVICES partner (powertrain, e-drive, electronics, software) - not a parts manufacturer; VW-linked."
munjal showa,Gurugram,India,"shock absorbers, struts & front forks",https://munjalshowa.net/,https://www.indiamart.com/munjalshowa-limited/aboutus.html,high,"HQ & plant Gurugram (Gurgaon), Haryana. Hero Group + Showa (Japan) JV; suspension for two- & four-wheelers (Hero, Maruti, Honda)."
fisker,Graz,Austria,battery-electric vehicles (Ocean SUV),https://insideevs.com/news/718677/fisker-closing-california-headquarters-report/,https://techcrunch.com/2024/06/18/ev-startup-fisker-files-for-bankruptcy,medium,"Vehicles contract-built by Magna Steyr in Graz, Austria - reported as production site per rule; corporate HQ was Manhattan Beach, California (now closed). Filed Chapter 11 bankruptcy Jun-2024; effectively defunct."
polestar automotive holding uk,Gothenburg,Sweden,battery-electric vehicles,https://en.wikipedia.org/wiki/Polestar,https://en.wikipedia.org/wiki/Polestar,medium,"Brand/operational HQ Gothenburg (on Volvo campus); listed as Polestar Automotive Holding UK PLC. Volvo/Geely-owned; cars built at Geely/Volvo plants in China (Luqiao, Chengdu, Chongqing) + South Carolina - no single principal plant, so HQ reported."
shenyang jinbei automotive,Shenyang,China,light commercial vehicles (vans & minibuses),https://en.wikipedia.org/wiki/Jinbei_(car_brand),https://en.wikipedia.org/wiki/Jinbei_(car_brand),high,"HQ & plant Shenyang, Liaoning. Part of Brilliance/Huachen group; Renault-Brilliance-Jinbei JV; brands Jinbei, Huasong."
atlas honda,Karachi,Pakistan,motorcycles,https://en.wikipedia.org/wiki/Atlas_Honda,https://en.wikipedia.org/wiki/Atlas_Honda,high,"HQ & mother plant Karachi (also Sheikhupura). Atlas Group + Honda JV; Pakistan's largest motorcycle maker. NAME NOTE: distinct from 'Honda Atlas Cars Pakistan' (the separate car JV, also in this list)."
gm korea,Incheon,South Korea,passenger vehicles,https://en.wikipedia.org/wiki/GM_Korea,https://en.wikipedia.org/wiki/GM_Korea,high,"HQ & R&D Bupyeong, Incheon; plants Bupyeong & Changwon. GM subsidiary (ex-GM Daewoo); builds Chevrolet/Buick."
yeong hwa metal,Changwon,South Korea,automotive iron castings (engine & chassis parts),https://www.dnb.com/business-directory/company-profiles.yeong_hwa_metal_co_ltd.803419abf74b2d2797120b65526ff861.html,http://www.yeonghwa.co.kr/eng/,high,"HQ Changwon, S. Korea (KRX:012280). Cylinder blocks, flywheels, brake discs/drums, housings. NAME NOTE: some aggregators mislabel as Taiwanese - confirmed Korean via KRX:012280 (may have a Tainan, TW facility)."
dongfeng electronic technology,Shanghai,China,automotive electronics (cockpit/body & e-drive systems),https://www.marketscreener.com/quote/stock/DONG-FENG-ELECTRONIC-TECH-6500530/company/,https://www.marklines.com/en/top500/dongfeng-electronic-technology,high,"HQ Shanghai (SSE:600081). Subsidiary of Dongfeng Motor Parts (Group). Cockpit/body systems, instruments, braking, e-drive, sensors; minor housing-rental segment."
honda atlas cars pakistan,Lahore,Pakistan,passenger vehicles,https://en.wikipedia.org/wiki/Honda_Atlas_Cars,https://en.wikipedia.org/wiki/Honda_Atlas_Cars,high,"HQ & plant Manga Mandi, Lahore (PSX:HCAR). Honda + Atlas Group JV; assembles Honda City/Civic/CR-V. NAME NOTE: distinct from 'Atlas Honda' (motorcycles, Karachi)."
jay ushin,Gurugram,India,automotive locksets & security systems,https://www.dnb.com/business-directory/company-profiles.jay_ushin_limited.3e72c5e569838e5873ce9c131ab332a4.html,https://www.indiamart.com/jay-ushgurgaon/,high,"HQ Gurugram (Gurgaon), Haryana; plants Manesar/Gurgaon/Pune. India + U-Shin (Japan) JV; ignition locksets, keys, immobilizers, door latches, heater-control panels."
nwtn,Abu Dhabi,United Arab Emirates,battery-electric vehicles (Rabdan One),https://www.nwtnmotors.com/media/nwtn-reports-progress-at-uae-electric-vehicle-assembly-facility-and-china-supply-chain-facility,https://www.nasdaq.com/press-release/nwtns-new-energy-vehicle-rabdan-one-officially-recognized-with-made-in-the-emirates,medium,"Assembly plant in KEZAD, Abu Dhabi - reported per production-site rule; corporate HQ Dubai; China supply-chain base. Nasdaq-listed; early-stage, very low volume."
topre,Tokyo,Japan,automotive stamped/pressed body parts,https://en.wikipedia.org/wiki/Topre,https://www.topre.co.jp/en/products/press/,medium,"HQ Koto, Tokyo (TSE:5975, ex-Tokyo Press Kogyo). Auto press parts (pillars, radiator core supports, door beams, EV battery cases) is the supply-chain slice matching customers g-tekt/h-one; DIVERSIFIED - also truck refrigeration units & HVAC."
grupo simec sab de cv,Guadalajara,Mexico,special-bar-quality (SBQ) & structural steel,https://www.dnb.com/business-directory/company-profiles.grupo_simec_sab_de_cv.67e6fcc12bd267ebda43f9083f337a07.html,https://gsimec.com.mx/history.php,high,HQ & minimills Guadalajara (also Mexicali + US). SBQ steel used for auto axles/hubs/crankshafts + structural sections/rebar. ICH/Simec group.
vallourec saca,Belo Horizonte,Brazil,seamless steel tubes,https://en.wikipedia.org/wiki/Vallourec,https://www.vallourec.com/perspective/our-industrial-footprint/,medium,"HQ Meudon, France is an office (no mill). Principal integrated tube production now in Minas Gerais, Brazil (Barreiro works, Belo Horizonte; Jeceaba mill w/ own ore & blast furnace) after European mill closures; also US (Youngstown/Houston) - reported production site per rule."
indian oil,New Delhi,India,refined fuels & SERVO lubricants,https://en.wikipedia.org/wiki/Indian_Oil_Corporation,https://en.wikipedia.org/wiki/Indian_Oil_Corporation,high,"Head office New Delhi (registered office Mumbai). Maharatna PSE; 11 refineries (Panipat, Mathura, Gujarat, Haldia...). Fuels, LPG (Indane), SERVO lubricants, petrochemicals."
ningbo shanshan,Ningbo,China,lithium-ion battery anode materials (synthetic graphite),https://www.ssgf.net/index/en/business3.html,https://www.ssgf.net/index/en/business3.html,high,"HQ Ningbo, Zhejiang (SSE:600884). World #1 in anode-material shipments (synthetic/natural graphite, silicon anode); ex-apparel firm pivoted to battery materials 1999."
taiwan cement,Taipei,Taiwan,cement (Portland & low-carbon),https://www.marketscreener.com/quote/stock/TCC-GROUP-HOLDINGS-CO-LTD-6491605/company/,https://www.tccgroupholdings.com/en/,high,"HQ Taipei (TWSE:1101, TCC Group Holdings). Core = cement/concrete; also expanding into energy storage/BESS & Li-ion batteries (NHOA/Molicel) - cement remains primary output."
sumitomo chemical,Tokyo,Japan,engineering plastics & Li-ion battery materials,https://en.wikipedia.org/wiki/Sumitomo_Chemical,https://en.wikipedia.org/wiki/Sumitomo_Chemical,medium,"HQ Tokyo (& Osaka). DIVERSIFIED (petrochemicals, IT chemicals, agro, pharma); auto/supply-chain slice = super engineering plastics + Li-ion battery materials/separators = reported per rule."
daikin industries,Osaka,Japan,fluoropolymers & fluoroelastomers,https://en.wikipedia.org/wiki/Daikin,https://www.daikinchemicals.com/company.html,medium,"HQ Osaka. DIVERSIFIED - world's #1 air-conditioning maker; supply-chain slice = fluoropolymers/fluoroelastomers (seals, coatings, EV/battery) matching customers nok/chuo spring = reported per rule."
cx technology,Taipei,Taiwan,cold-forged metal & automotive speaker components,https://stockanalysis.com/quote/tpe/2415/company/,https://www.cxtechnology.com/,high,HQ Taipei (TPE:2415). Cold forging/stamping/plastic injection; global leader (~19%) in cold-forged auto stereo-speaker components + metal auto parts. NAME/PRODUCT NOTE: verified via TPE:2415 - NOT a steel-cord/PCB maker as the name might suggest.
corteva,Indianapolis,United States,crop-protection chemicals & seeds,https://en.wikipedia.org/wiki/Corteva,https://www.globaldata.com/company-profile/corteva-inc/,medium,HQ Indianapolis (agri-science; ex-DowDuPont ag). GRAPH-FIT FLAG: Corteva is a pure agriculture company (herbicides/insecticides/seeds) - its link to brake makers (sangsin/saeron) via BASF looks questionable; component is confident but automotive placement may be a graph artifact. (Splitting HQ Indianapolis/Johnston IA in Q4-2026.)
nsk,Tokyo,Japan,rolling bearings (automotive & industrial),https://en.wikipedia.org/wiki/NSK_Ltd.,https://en.wikipedia.org/wiki/NSK_Ltd.,high,"HQ Shinagawa, Tokyo (Nippon Seiko, TSE:6471). Japan's largest bearing maker; also electric power steering & transmission components."
minebea mitsumi,Tokyo,Japan,miniature ball bearings & electronic components,https://en.wikipedia.org/wiki/MinebeaMitsumi,https://en.wikipedia.org/wiki/MinebeaMitsumi,high,"Corporate HQ Minato, Tokyo; registered office Miyota, Nagano; major miniature-bearing production in Thailand/China. World's largest share (~65%) in miniature ball bearings; also motors, electronic devices."
saudi basic industries,Jubail,Saudi Arabia,polyolefins & engineering thermoplastics,https://en.wikipedia.org/wiki/SABIC,https://www.sabic.com/en/about,medium,"SABIC - corporate HQ Riyadh; principal production complexes Al-Jubail (reported per production-site rule) & Yanbu. DIVERSIFIED (also agri-nutrients, metals, chemicals); polymers = auto-relevant slice (PP/PE/PC/engineering thermoplastics)."
asiana airlines,Seoul,South Korea,air passenger & cargo transport,https://en.wikipedia.org/wiki/Asiana_Airlines,https://en.wikipedia.org/wiki/Asiana_Airlines,high,"HQ Gangseo-gu, Seoul; hub Incheon. SERVICE firm (airline), not a parts maker - 'component' is air transport. Ex-Kumho Asiana group (the tie to Kumho Tire); became a Korean Air subsidiary in 2024."
taeyang metal industrial,Ansan,South Korea,automotive fasteners (high-strength bolts & nuts),https://www.komachine.com/en/companies/taeyang-metal-industrial,https://tmcobt.tradekorea.com/company.do,high,"HQ & plant Ansan (KRX:004100/004105). ~35% Korean share in auto bolts/nuts; cold-forged fasteners for steering/braking/suspension; supplies Hyundai/Kia, GM, FCA."
hyundai rotem,Changwon,South Korea,automotive production-line & press plant equipment,https://en.wikipedia.org/wiki/Hyundai_Rotem,https://en.wikipedia.org/wiki/Hyundai_Rotem,medium,HQ/R&D Uiwang; main plant Changwon (reported per production-site rule). DIVERSIFIED - flagship is railway rolling stock + defense (K2 tanks); the auto-supply-chain slice is its Plant division (automotive manufacturing/press-line & steelmaking facilities).
lucky cement,Karachi,Pakistan,cement,https://en.wikipedia.org/wiki/Lucky_Cement,https://www.globaldata.com/company-profile/lucky-cement-limited/,high,"HQ & a plant Karachi (main plant Pezu, Lakki Marwat, KPK). Lucky Cement Ltd core = cement (~15Mtpa). Parent Lucky Group also owns Lucky Motor (KIA/Peugeot assembly) - that's the auto link (customer 'stellantis hv')."
lg electronics,Seoul,South Korea,automotive infotainment & EV powertrain components,https://www.lg.com/global/mobility/about-our-company/who-we-are,https://www.lg.com/global/mobility/about-our-company/who-we-are,medium,"HQ Yeouido, Seoul. DIVERSIFIED (home appliances/TVs primary); auto slice = Vehicle Solutions (VS) division - IVI/infotainment, ADAS + LG Magna e-Powertrain JV (motors/inverters) = reported per rule."
shanghai huayi,Shanghai,China,acetic acid & methanol (basic chemicals),https://en.wikipedia.org/wiki/Shanghai_Huayi_(Group)_Company,https://baike.baidu.com/en/item/Shanghai%20Huayi%20Group%20Company/1440501,medium,"HQ Jing'an, Shanghai (state-owned). DIVERSIFIED - Energy Chemicals (methanol/acetic acid, matching the PetroChina petrochemical link) reported; also Green Tires (Double Coin), advanced materials, coatings/inks."
eurogroup laminations,Baranzate,Italy,electric-motor stator & rotor core laminations,https://www.eglagroup.com/who-we-are,https://www.eglagroup.com/who-we-are,high,"HQ Baranzate (Milan) (BIT:EGLA, ex-Eurotranciatura). Stators/rotors & motor-core laminations for EV traction & industrial motors; plants Italy/Mexico/Tunisia/China/US."
seah besteel,Gunsan,South Korea,special/alloy steel & heavy forgings,https://www.seahbesteel.co.kr/eng/company/intro.jsp,https://en.wikipedia.org/wiki/SeAH_Besteel_Holdings,high,"Integrated special-steel mill Gunsan, Jeonbuk (~2.1Mt/yr). SBQ/alloy steel + heavy forgings for auto/machinery/offshore. NAME NOTE: SeAH Besteel (special steel/forgings) distinct from SeAH Steel (pipes) & SeAH CSS within the SeAH group."
press kogyo,Kawasaki,Japan,pressed truck chassis frames & stampings,https://www.presskogyo.co.jp/en/glance/,https://www.presskogyo.co.jp/en/products/chassis.html,high,"HQ Kawasaki (TSE:7246). Truck ladder/chassis frames, axles, door impact beams, under-run protectors (steel stamping); also construction-machinery cabins."
grupo pochteca sab de cv,Mexico City,Mexico,industrial chemical & raw-material distribution,https://english.pochteca.net/company/who-we-are/,https://english.pochteca.net/products/,high,"HQ Mexico City (BMV:POCHTEC). DISTRIBUTOR (not a manufacturer) of industrial chemicals, solvents, lubricants & raw materials to auto/coatings/water/food industries across Latin America."
dongil industries,Pohang,South Korea,special steel bars & ferroalloys,https://www.sourceready.com/supplier/detail/dongil-industries-co-ltd,https://www.sourceready.com/supplier/detail/dongil-industries-co-ltd,medium,"HQ Pohang, Gyeongbuk (est. 1966). Hot-rolled/cold-drawn steel bar, cold-heading wire + ferroalloys (FeMn/FeSi). Fits POSCO-Pohang steel link -> driveline makers (Hyundai Wia/Nexteer). NAME NOTE: this steel/ferroalloy 'Dongil Industries' is distinct from Dongil Rubber Belt (DRB Dongil). Limited public sourcing - medium."
kyowakogyosyo,Komatsu,Japan,automotive transmission (AT/CVT) & steering/suspension forged parts; core business is bolts/gears for construction machinery,https://www.kyowakogyosyo.co.jp/EN/info/outline.html,https://www.kyowakogyosyo.co.jp/EN/products/car_parts.html,high,"Confirmed via official corporate profile: KYOWAKOGYOSYO CO.,LTD., TSE code 5971, HQ 1-57 Kogyodanchi, Komatsu-city, Ishikawa 923-8620. Core business (per profile) is bolts/gears for construction machinery - major clients Komatsu Ltd, Hitachi Construction Machinery, KOBELCO (Komatsu already a node in this graph). Separate Automobile Parts division makes AT/CVT transmission parts and steering/suspension forgings - consistent with original graph link to Aisin/Univance. Resolves prior Nagoya/'KYOWA Manufacturing' misidentification."
zhejiang huayou cobalt,Tongxiang,China,cobalt & ternary battery precursor materials,https://en.wikipedia.org/wiki/Zhejiang_Huayou_Cobalt,https://stockanalysis.com/quote/sha/603799/company/,high,"HQ Tongxiang, Jiaxing, Zhejiang (SSE:603799). Cobalt, ternary (NCM) precursors, cobalt tetroxide, nickel; runs precursor JVs with POSCO in Tongxiang (fits the POSCO link)."
alcoa,Pittsburgh,United States,primary aluminium & alumina,https://en.wikipedia.org/wiki/Alcoa,https://en.wikipedia.org/wiki/Alcoa,high,"HQ Pittsburgh, PA (NYSE:AA). Bauxite mining, alumina refining, primary aluminium smelting/casting; global smelters."
tata steel,Jamshedpur,India,flat-rolled automotive steel,https://en.wikipedia.org/wiki/Tata_Steel,https://en.wikipedia.org/wiki/Tata_Steel,high,"Flagship integrated works Jamshedpur, Jharkhand (reported per production-site rule); corporate HQ Mumbai. Also Kalinganagar (IN), IJmuiden (NL), Port Talbot (UK). Flat & long steel for automotive/construction."
cngr advanced material,Tongren,China,nickel-cobalt ternary battery precursor materials,https://www.cngrgf.com.cn/en-US/gsjs.html,https://www.cngrgf.com.cn/en-US/rrtbl.html,high,"HQ & western base Tongren, Guizhou (SHE:300919). World's top ternary-precursor supplier (~25% share); Ni/Co precursors, cobalt tetroxide, LFP - supplies CALB/Tesla."
iron force industrial,New Taipei City,Taiwan,automotive safety-system precision metal parts,https://www.irf.biz/en/1_companyinfo.html,https://www.marketscreener.com/quote/stock/IRON-FORCE-INDUSTRIAL-CO--16117981/company/,high,"HQ New Taipei City (TWSE:2228). Airbag inflators, steering columns/shafts, seatbelt retractor/pretensioner precision tubes - fits customer Autoliv (safety systems). (Precision metal parts rather than heavy forgings.)"
ternium,Monterrey,Mexico,flat-rolled steel,https://en.wikipedia.org/wiki/Ternium,https://www.globaldata.com/company-profile/ternium-sa/,medium,"Registered HQ Luxembourg (Techint) is a legal domicile; operational center & largest mills in Monterrey/San Nicolas de los Garza & Pesqueria, Mexico (reported per production-site rule). Latin America's largest flat-steel producer."
hitachi,Tokyo,Japan,automotive systems (Hitachi Astemo: powertrain/brakes/EV motors),https://www.hitachiastemo.com/,https://www.hitachiastemo.com/,medium,"HQ Chiyoda, Tokyo (TSE:6501). DIVERSIFIED conglomerate (digital, energy, rail); auto slice = Hitachi Astemo (66.6% Hitachi / 33.4% Honda) - powertrain, brakes, suspension, EV motors/inverters = reported per rule."
hyundai engineering & construction,Seoul,South Korea,infrastructure & plant construction (EPC),https://en.wikipedia.org/wiki/Hyundai_Engineering_and_Construction,https://en.wikipedia.org/wiki/Hyundai_Engineering_and_Construction,high,"HQ Jongno, Seoul (KRX:000720). CONSTRUCTION/EPC firm - civil (bridges/tunnels/roads), buildings, industrial plants, nuclear/solar; 'component' = infrastructure construction services."
unipres,Yokohama,Japan,stamped auto body panels,https://www.unipres.co.jp/en/company/info/,https://www.marklines.com/en/top500/unipres,high,"HQ Shin-Yokohama, Kanagawa (TSE:5949). Body stamped parts + transmission & resin parts; Nissan affiliate (~70% of sales to Nissan). Stake sold to Nippon Steel & Mitsui."
china petroleum & chemical,Beijing,China,refined fuels & petrochemicals,https://en.wikipedia.org/wiki/Sinopec,https://www.globaldata.com/company-profile/china-petroleum-chemical-corp/,high,"Sinopec Corp, HQ Chaoyang, Beijing (SSE:600028). State-owned; refining (gasoline/diesel/jet) + petrochemicals (synthetic resins/fibres, intermediates). Largest refiner in Asia."
san shing fastech,Tainan,Taiwan,steel nuts & fasteners,https://www.sanshing.com.tw/en/,https://www.marketscreener.com/quote/stock/SAN-SHING-FASTECH-CORP-13491348/company/,high,"HQ Guiren, Tainan (TWSE:5007) - CORRECTED from an assumed Kaohsiung. World's largest steel-nut maker (~6.6bn nuts/yr); nuts/screws/washers largely for automotive."
e1,Seoul,South Korea,LPG (liquefied petroleum gas) import & distribution,https://www.e1.co.kr/en/company/aboutE1,https://finance.yahoo.com/quote/017940.KS/profile/,high,HQ Seoul (KRX:017940). LS Group affiliate; imports/stores/distributes LPG via Yeosu/Daesan/Incheon terminals; Korea's 2nd-largest LPG supplier. NAME NOTE: generic name 'E1' verified as E1 Corporation via KRX:017940.
sony,Tokyo,Japan,CMOS image sensors,https://www.sony-semicon.com/en/company/group/index.html,https://www.sony-semicon.com/en/news/2023/2023091201.html,medium,"Group HQ Minato, Tokyo (TSE:6758). DIVERSIFIED (games, entertainment, finance, electronics); auto/supply-chain slice = CMOS image sensors (Sony Semiconductor Solutions, world leader for automotive cameras/ADAS) - unit HQ Atsugi, fabs Kumamoto/Nagasaki."
seojin system,Bucheon,South Korea,EV battery die-cast housings & aluminium enclosures,https://www.thelec.net/news/articleView.html?idxno=4773,https://www.investing.com/equities/seojin-system-co-ltd-company-profile,medium,"HQ Bucheon, Gyeonggi (KOSDAQ:178320). DIVERSIFIED - telecom equipment (RRH/enclosures) + auto slice = large-tonnage die-cast EV battery-pack housings, end plates, motor cases (fits valeo/BorgWarner); new die-cast plant in Bac Giang, Vietnam. NAME NOTE: distinct from Seojin Electron."
hunan corun new energy,Changsha,China,nickel-metal-hydride (Ni-MH) battery cells,https://corun.com/en/about/introduction/,https://www.marklines.com/en/top500/hunan-corun-new-energy,high,"HQ & plant Changsha, Hunan (SSE:600478). Sole local Ni-MH power-battery supplier for Toyota China hybrids (Corolla/Camry) via Corun-PEVE JV with Toyota/Panasonic (Primearth) - fits the Xiamen Tungsten rare-earth -> Toyota link."
pp persero tbk pt,Jakarta,Indonesia,infrastructure & building construction (EPC),https://www.ptpp.co.id/en,https://www.globaldata.com/company-profile/pt-pp-persero-tbk/,high,"PT PP (Persero) Tbk, HQ Pasar Rebo, Jakarta (IDX:PTPP). State-owned CONSTRUCTION SOE - buildings, EPC, precast, toll roads, energy; 'component' = infrastructure construction services."
hyundai motor,Ulsan,South Korea,passenger vehicles,https://www.hyundaimotorgroup.com/en/news/CONT0000000000121548,https://www.hyundaimotorgroup.com/en/news/CONT0000000000121548,high,"World's largest single auto plant at Ulsan (~1.5M vehicles/yr, incl. new EV plant) - reported per production-site rule; corporate HQ Seoul (new GBC HQ completing 2026)."
geely automobile,Hangzhou,China,passenger vehicles,https://en.wikipedia.org/wiki/Geely_Auto,https://en.wikipedia.org/wiki/Geely_Auto,high,"Geely Automobile Holdings (HKEX:0175), HQ Hangzhou, Zhejiang. Brands Geely, Lynk & Co, Zeekr. NAME NOTE: the listed carmaker subsidiary - distinct from parent Zhejiang Geely Holding (separate row, owns Volvo/Polestar/Lotus)."
saic motor,Shanghai,China,passenger vehicles,https://en.wikipedia.org/wiki/SAIC_Motor,https://en.wikipedia.org/wiki/Roewe,high,"HQ Shanghai (SSE:600104), state-owned. Own brands Roewe, MG, Maxus, IM + JVs (SAIC-VW, SAIC-GM). China's largest automaker by volume."
hero motocorp,New Delhi,India,motorcycles & scooters,https://en.wikipedia.org/wiki/Hero_MotoCorp,https://en.wikipedia.org/wiki/Hero_MotoCorp,high,"Corporate HQ New Delhi (NSE:HEROMOTOCO); 6 India plants (Dharuhera, Gurugram, Haridwar, Neemrana...) + Colombia/Bangladesh - no single dominant plant, HQ reported. World's largest two-wheeler maker."
renault,Boulogne-Billancourt,France,passenger & light commercial vehicles,https://en.wikipedia.org/wiki/Renault,https://www.renaultgroup.com/en/,high,"HQ Boulogne-Billancourt (Paris) (Euronext:RNO). Brands Renault, Dacia, Alpine, Mobilize; plants Flins/Douai/Maubeuge etc."
dongfeng motor,Wuhan,China,passenger & commercial vehicles,https://en.wikipedia.org/wiki/Dongfeng_Motor_Corporation,https://en.wikipedia.org/wiki/Dongfeng_Motor_Corporation,high,"HQ Wuhan, Hubei; central state-owned (ex-Second Automobile Works). Own brands + JVs (Dongfeng-Nissan/Honda/PSA). One of China's 'Big Four'."
samsung sdi,Yongin,South Korea,lithium-ion battery cells,https://en.wikipedia.org/wiki/Samsung_SDI,https://www.globaldata.com/company-profile/samsung-sdi-co-ltd/,high,"HQ Yongin, Gyeonggi (KRX:006400). EV/ESS + small-format Li-ion cells (NMC/LFP) + electronic materials. Listed 'oem' but is a battery cell maker."
harley-davidson,Milwaukee,United States,heavyweight motorcycles,https://en.wikipedia.org/wiki/Harley-Davidson,https://en.wikipedia.org/wiki/Harley-Davidson,high,"HQ & some component mfg Milwaukee, Wisconsin (NYSE:HOG); final assembly York PA & Menomonee Falls. Heavyweight cruiser/touring motorcycles + LiveWire EV."
autoliv,Stockholm,Sweden,automotive safety systems (airbags & seatbelts),https://en.wikipedia.org/wiki/Autoliv,https://www.sec.gov/Archives/edgar/data/1034670/000119312526058162/alv-20251231.htm,high,"Executive HQ Stockholm (incorporated Delaware; NYSE:ALV). World's largest passive-safety supplier - airbags, seatbelts, steering wheels, inflators."
baic motor,Beijing,China,passenger vehicles,https://en.wikipedia.org/wiki/BAIC_Motor,https://en.wikipedia.org/wiki/BAIC_Motor,high,"BAIC Motor Corp (HKEX:1958), HQ Shunyi District, Beijing; part of state-owned BAIC Group. Beijing-brand vehicles + Beijing-Benz/Beijing-Hyundai JVs. NAME NOTE: distinct from parent 'beijing automotive'/BAIC Group and the JV 'beijing hyundai motor' (both separate rows)."
romeo power,Cypress,United States,EV battery packs & modules,https://www.ocbj.com/automobiles/romeo-power-now-part-of-nikola-corp/,https://www.sec.gov/Archives/edgar/data/1757932/000110465921051978/tm2113419-1_424b3.htm,medium,"Last independent HQ/plant Cypress, California (earlier Vernon, CA). EV battery packs/modules + BMS. STATUS: acquired by Nikola Oct-2022; production moved to Coolidge, Arizona then wound down 2023 - effectively defunct."
jiangsu lixing general steel ball,Rugao,China,precision bearing steel balls & rollers,https://www.investing.com/equities/jiangsu-lixing-general-steel-company-profile,https://en.jgbr.com.cn/,high,"HQ & plant Rugao, Jiangsu (SZSE:300421). Leading China maker of precision bearing steel balls & rollers (incl. automotive hub/bearing balls); also ceramic balls, ball screws."
zhejiang geely holding,Hangzhou,China,passenger vehicles (multi-brand auto group),https://zgh.com/overview/?lang=en,https://zgh.com/overview/?lang=en,high,"Parent group HQ Hangzhou, Zhejiang (privately held, Li Shufu). Owns Geely Auto, Zeekr, Lynk & Co, Volvo Cars, Polestar, Lotus, LEVC, Farizon. NAME NOTE: the parent holding - distinct from listed subsidiary 'geely automobile' (separate row)."
sichuan haowu electromechanical,Chengdu,China,engine crankshafts,https://www.moomoo.com/stock/000757-SZ/company,https://www.emis.com/php/company-profile/CN/Sichuan_Haowu_Electromechanical_CoLtd__en_1732573.html,medium,"HQ Chengdu, Sichuan (SZSE:000757). DIVERSIFIED - auto dealership/sales & service + a crankshaft-manufacturing arm; the supply-chain slice = engine/motor crankshafts (supplies Changan/Geely/BYD/Chery). Reported per rule."
kyungchang industrial,Daegu,South Korea,automotive control cables & actuators,https://www.marklines.com/en/top500/kyung-chang-industrial,https://www.marketscreener.com/quote/stock/KYUNG-CHANG-INDUSTRIAL-CO-7478870/company/,high,"HQ & plant Daegu (KRX:024910). Control cables, actuators, pedals, transmission parts + EV traction-motor stators/ICCU; main customer Hyundai/Kia."
subaru,Ota,Japan,passenger vehicles,https://www.subaru.co.jp/en/outline/office.html,https://www.subaru.co.jp/en/outline/office.html,high,"Main plants (Subaru-cho, Yajima, Oizumi) in Ota, Gunma - reported per production-site rule; corporate HQ Ebisu, Tokyo. Impreza/Forester/Outback/WRX/BRZ."
faw volkswagen automotive,Changchun,China,passenger vehicles,https://en.wikipedia.org/wiki/FAW-Volkswagen,https://en.wikipedia.org/wiki/FAW-Volkswagen,high,"JV FAW (60%) & VW; HQ & main assembly Changchun, Jilin (also Chengdu, Foshan). Builds VW, Audi, Jetta marques for China."
saic-gm-wuling automobile,Liuzhou,China,passenger & commercial vehicles (microvans),https://en.wikipedia.org/wiki/SAIC-GM-Wuling,https://en.wikipedia.org/wiki/SAIC-GM-Wuling,high,"HQ & plants Liuzhou, Guangxi. JV SAIC (50.1%)/GM (44%)/Guangxi Auto. Wuling & Baojun brands - microvans & small EVs (Hongguang MINI EV)."
wanxiang qianchao,Hangzhou,China,universal/CV joints & driveline components,https://en.wxqc.com.cn/,https://www.marklines.com/en/top500/wanxiang-qianchao,high,"HQ & plant Xiaoshan, Hangzhou (SZSE:000559). Universal joints, CV joints, wheel bearings, drive shafts, brake discs; subsidiary of Wanxiang Group."
koito manufacturing,Tokyo,Japan,automotive lighting (LED headlamps),https://en.wikipedia.org/wiki/Koito_Manufacturing,https://www.koito.co.jp/english/technology/product/,high,"HQ Minato, Tokyo (TSE:7276). Automotive lighting ~94% of sales; ~20% world / ~60% Japan headlamp share. Also aircraft/rail parts."
vitesco technologies,Regensburg,Germany,"EV powertrain electronics (inverters, e-motors, BMS)",https://en.wikipedia.org/wiki/Vitesco_Technologies,https://en.wikipedia.org/wiki/Vitesco_Technologies,high,"HQ Regensburg, Bavaria. Tier-1 electrified-powertrain supplier (inverters, e-motors, on-board chargers, BMS, ECUs). Spun off from Continental 2021; merged into Schaeffler 2024."
china motor,Yangmei,Taiwan,passenger & commercial vehicles,https://en.wikipedia.org/wiki/China_Motor_Corporation,https://en.wikipedia.org/wiki/China_Motor_Corporation,high,"China Motor Corp / CMC (TWSE:2204), HQ & plants Yangmei, Taoyuan (also Hsinchu). Mitsubishi tech partner (Mitsubishi holds ~14%). NAME NOTE: Taiwanese automaker - not a mainland-China company."
ford otomotiv sanayi as,Golcuk,Turkey,commercial vehicles (Ford Transit vans),https://en.wikipedia.org/wiki/Ford_Otosan,https://en.wikipedia.org/wiki/Ford_Otosan,high,"Ford Otosan, main plant Golcuk, Kocaeli (also Yenikoy, Eskisehir). JV Ford (41%)/Koc Holding (41%). Builds Ford Transit/Transit Custom - 75% of Ford's European commercial vehicles."
sumitomo electric industries,Osaka,Japan,automotive wiring harnesses,https://en.wikipedia.org/wiki/Sumitomo_Electric_Industries,https://www.marklines.com/en/top500/sumitomo-electric-industries,high,"HQ Kitahama, Osaka (TSE:5802). Diversified (optical fibre, electronics, materials) but its dominant automotive product = wiring harnesses (via Sumitomo Wiring Systems), a global top-3 harness maker."
hyundai wia,Changwon,South Korea,automotive engines & CV joints,https://en.wikipedia.org/wiki/Hyundai_WIA,https://en.hyundai-wia.com/business/machining_automation.asp,high,"HQ Changwon (KRX:011210), Hyundai Motor Group. Auto engines (plants Seosan/Pyeongtaek), CV joints, 4WD systems; also machine tools & defense (artillery) - auto powertrain is the main slice."
nemak sab de cv,Monterrey,Mexico,aluminium engine heads/blocks & EV structural castings,https://en.wikipedia.org/wiki/Nemak,https://www.nemak.com/about-us,high,"HQ Monterrey, Nuevo Leon (BMV:NEMAK). Alfa group; Tier-1 aluminium high-pressure die-cast cylinder heads, engine blocks, transmission & EV structural parts."
beijing automotive,Beijing,China,passenger & commercial vehicles (state auto group),https://en.wikipedia.org/wiki/BAIC_Group,https://en.wikipedia.org/wiki/BAIC_Group,high,"BAIC Group / Beijing Automotive Group Co, HQ Shunyi, Beijing (state-owned). Parent of BAIC Motor, BAW (SUV/military), Foton (trucks); brands Arcfox/BEIJING + Beijing-Benz/Beijing-Hyundai JVs. NAME NOTE: the parent group - distinct from listed 'baic motor' & JV 'beijing hyundai motor'."
beijing hyundai motor,Beijing,China,passenger vehicles,https://en.wikipedia.org/wiki/Beijing_Hyundai,https://en.wikipedia.org/wiki/Beijing_Hyundai,high,"JV BAIC Motor (50%) & Hyundai (50%); HQ & plants Shunyi, Beijing. Builds Hyundai-brand vehicles for China."
dongfeng automobile,Wuhan,China,light commercial vehicles & trucks,https://en.wikipedia.org/wiki/Dongfeng_Automobile_Company,https://in.marketscreener.com/quote/stock/DONGFENG-AUTOMOBILE-CO-LT-6496677/company/,high,"Dongfeng Automobile Co Ltd (SSE:600006), HQ Wuhan - listed light-duty CV arm (Dolica/Captain light trucks, vans, powertrain). NAME NOTE: distinct from parent Dongfeng Motor Corp (separate row)."
aisan industry,Obu,Japan,automotive fuel-system components,https://www.aisan-ind.co.jp/en/products/,https://www.marklines.com/en/top500/aisan-industry,high,"HQ & main plant Obu, Aichi (TSE:7298), Toyota group. Fuel pumps/modules, throttle bodies, injectors, canisters - top global throttle-body share."
futaba industrial,Okazaki,Japan,automotive exhaust systems & stamped body parts,https://futabasangyo.com/en/profile/outline/,https://www.marklines.com/en/top500/futaba-industrial,high,"HQ Okazaki, Aichi (TSE:7241), Toyota group. Exhaust systems/manifolds + pressed body, suspension (sub-frames/axle beams) & fuel-system parts."
piaggio & c,Pontedera,Italy,scooters & motorcycles (Vespa),https://en.wikipedia.org/wiki/Piaggio,https://en.wikipedia.org/wiki/Piaggio,high,"HQ & historic plant Pontedera, Tuscany (BIT:PIA). Brands Piaggio, Vespa, Aprilia, Moto Guzzi + compact 3-wheel commercial vehicles."
grupo industrial saltillo sab de cv,Saltillo,Mexico,grey/ductile iron engine castings,https://www.gis.com.mx/en/,https://www.marketscreener.com/quote/stock/GRUPO-INDUSTRIAL-SALTILLO-6493800/company/,medium,"GIS (BMV:GISSA), HQ Saltillo, Coahuila. DIVERSIFIED (auto parts + housewares + construction); auto slice = Cifunsa grey/ductile iron engine blocks & heads (for GM/Toyota/Caterpillar) = reported per rule."
lordstown motors,Lordstown,United States,electric pickup trucks (Endurance),https://en.wikipedia.org/wiki/Lordstown_Motors,https://www.nbcnews.com/business/autos/lordstown-motors-files-bankruptcy-sues-foxconn-rcna91440,medium,"Plant & HQ Lordstown, Ohio (ex-GM plant). Endurance electric pickup. STATUS: filed Chapter 11 Jun-2023 (Foxconn dispute); SEC charged it with misleading investors - effectively defunct."
hota industrial manufacturing,Taichung,Taiwan,automotive gears & transmission shafts,https://www.hota.com.tw/en/introduction.html,https://finance.yahoo.com/quote/1536.TW/profile/,high,"HQ & plants Taichung (TWSE:1536). Taiwan's largest auto gear/transmission-parts maker; gears, shafts, differentials, EV reducers; supplies Tesla/Ford/GM (new US plant in Santa Teresa, NM)."
shun on electronic,Taipei,Taiwan,automotive ADAS/surround-view cameras,https://www.investing.com/equities/shun-on-company-profile,https://finance.yahoo.com/quote/6283.TW/profile/,medium,"HQ Taipei (TWSE:6283). DIVERSIFIED (automotive electronics + conductive film + special vehicles/carts + metal die-cast/forged parts); auto slice = ADAS/in-cabin cameras, 360 surround-view, ECUs = reported per rule."
ta yih industrial,Tainan,Taiwan,automotive lighting (head/rear lamps),https://www.tayih-ind.com.tw/en/,https://www.investing.com/equities/ta-yih-ind-company-profile,high,HQ & plant Tainan (TWSE:1521). ~72% Taiwan domestic OEM car-light share; head/rear/fog/DRL lamps; also aerospace/rail/marine lighting.
jardine strategic,Hong Kong,China (Hong Kong),automotive distribution & dealerships,https://en.wikipedia.org/wiki/Jardine_Strategic_Holdings,https://www.jardines.com/our-portfolio/astra,medium,"Jardine Matheson group holding company (Bermuda-incorporated; managed from Hong Kong; taken private 2021). DIVERSIFIED conglomerate (property, retail, engineering); auto slice = automotive distribution/dealerships via Astra International (Jakarta) & Jardine Cycle & Carriage (Singapore). Not a manufacturer."
dgenx,Siheung,South Korea,automotive exhaust systems,https://finance.yahoo.com/quote/113810.KQ/profile/,https://www.emis.com/php/company-profile/KR/Dgenx_CoLtd_en_3711290.html,high,"HQ & plant Siheung, Gyeonggi (KOSDAQ:113810, ex-Dongwon Tech). Exhaust systems - mufflers, manifolds, catalytic converters, bellows. (Not an EV maker despite the name.)"
cnc driveline technology,Zhuhai,China,automotive clutches & driveline dampers,https://panjiva.com/Cnc-Driveline-Technology-Co-Ltd/40014070,https://en.cncclutch.com/,high,"Sino-foreign JV, Hongwan Industrial Zone, Zhuhai, Guangdong. Dry/wet clutches, dual-mass flywheels, torque/CPA dampers, isolation pulleys (ICE + new-energy powertrain)."
eurocharm,Vinh Yen,Vietnam,precision forged/cast auto & motorcycle metal parts,https://www.eurocharm.com.tw/en/home/operation-overview/,https://www.eurocharm.com.tw/en/,high,"Eurocharm Holdings (TWSE:5288; Cayman-incorporated, HQ Taiwan). Principal production at VPIC plants in Vinh Phuc, Vietnam (Khai Quang IZ, Vinh Yen; Ba Thien 2 IZ) - reported per production-site rule. OEM metal parts for Honda/Toyota/Piaggio/Ducati/Polaris."
hanjung natural connectivity system,Yeongcheon,South Korea,automotive HVAC modules & EV/ESS battery parts,https://stockanalysis.com/quote/kosdaq/107640/company/,https://www.investing.com/equities/hanjung-natural-connectivity-system-company-profile,high,"HQ & plant Yeongcheon, N. Gyeongsang (KOSDAQ:107640). Cooling-fan modules, active air flaps (HVAC) + EV battery modules, electric vacuum pumps, ESS parts."
pusan cast iron,Busan,South Korea,iron automotive castings (knuckles/carriers/brake parts),https://www.dnb.com/business-directory/company-profiles.pusan_cast_iron_coltd.153d1ed57475eff8f5a81230af13a0a5.html,http://www.pci21c.com/e_index.php,high,"HQ & foundry Gijang-gun, Busan (KRX:005030). Cast-iron steering knuckles, differential/brake carriers, crankshafts, hubs, caliper brakes."
neooto,Yesan,South Korea,automotive transmission & EV reducer gears,http://neooto.com/plants/,https://www.investing.com/equities/neooto-co-ltd-company-profile,high,"Main plant Yesan, S. Chungcheong (reported per production-site rule); corporate HQ Seoul (KOSDAQ:212560). Transmission gears/parts + EV 2-speed reducers; overseas bases Vietnam/India/Czechia."
transaxle manufacturing of america,Rock Hill,United States,transaxles for tractors & utility vehicles,https://www.tma-us.com/,https://www.tma-us.com/,high,"HQ & plant Rock Hill, South Carolina. Transaxles (integrated transmission + rear axle) for small tractors, UTVs, riding mowers. NAME NOTE: distinct from 'TransAxle LLC' (NJ heavy-duty reman/parts distributor)."
kaison green energy technology,Kaohsiung,Taiwan,electric vehicles & buses,https://www.bloomberg.com/profile/company/2246:TT,https://www.emis.com/php/company-profile/TW/Kaison_Green_Energy_Technology_Co_Ltd__en_4355685.html,medium,"Kaison Green Energy Technology, Taiwan (est. 2012). Electric cars & buses + repair/maintenance. SOURCE CONFLICT: sources disagree on base city (Kaohsiung vs Taipei) - reported Kaohsiung, kept medium per source-conflict rule."
formosa chemicals & fibre,Taipei,Taiwan,petrochemicals (PTA/styrene) & synthetic fibers,https://www.marketscreener.com/quote/stock/FORMOSA-CHEMICALS-FIBRE-C-6495905/company/,https://www.globaldata.com/company-profile/formosa-chemicals-fibre-corp/,medium,"FCFC (TWSE:1326), Formosa Plastics Group. Diversified petrochem - aromatics (benzene/PX/styrene), PTA, PS/ABS + rayon/nylon fibers. SOURCE CONFLICT on HQ city (Taipei group HQ vs Changhua) - reported Taipei, kept medium."
tdk,Tokyo,Japan,passive electronic components (capacitors & inductors),https://en.wikipedia.org/wiki/TDK,https://en.wikipedia.org/wiki/TDK,medium,"HQ Chuo, Tokyo (TSE:6762). DIVERSIFIED - ceramic/film capacitors, inductors & sensors (reported), plus ferrite/NdFeB magnets and Li-ion batteries (ATL). Rare-earth (Xiamen Tungsten) link touches its magnet line."
yokohama rubber co ltd/the,Tokyo,Japan,automotive tires,https://en.wikipedia.org/wiki/Yokohama_Rubber_Company,https://en.wikipedia.org/wiki/Yokohama_Rubber_Company,high,"Corporate HQ Shimbashi, Minato, Tokyo (TSE:5101); main tyre plants Hiratsuka/Mishima/Onomichi. Passenger/truck/off-highway tyres; also hoses & conveyor belts."
sk innovation,Seoul,South Korea,EV lithium-ion battery cells (SK On),https://en.wikipedia.org/wiki/SK_Innovation,https://en.wikipedia.org/wiki/SK_On,medium,"HQ Seoul (KRX:096770). Holding company - DIVERSIFIED across SK On (EV batteries, the supply-chain slice reported), SK Energy (refining) & SK Geo Centric (chemicals)."
jsr,Tokyo,Japan,synthetic rubber (SBR/BR),https://www.jsr.co.jp/jsr_e/company/history.html,https://www.kedglobal.com/rubber-business-disposal/newsView/ked202101060014,medium,"HQ Tokyo (formerly Japan Synthetic Rubber). Synthetic rubber (SBR/BR for tyres) matches Bridgestone/NOK link, BUT elastomer business was divested to ENEOS (2022); JSR now focuses on semiconductor photoresists (being acquired by JIC)."
kukdo chemical,Seoul,South Korea,epoxy resins & curing agents,https://www.kukdo.com/en/index.do,https://m.kukdo.com/en/business/epoxy.do,high,"HQ Geumcheon, Seoul (KRX:007690). Korea's first epoxy maker; epoxy resins, reactive diluents & curing agents for electronics, autos, coatings, composites."
uacj,Tokyo,Japan,rolled aluminium (sheet & heat-exchanger materials),https://www.uacj.co.jp/english/company/profile/business.htm,https://www.uacj.co.jp/english/company/profile/business.htm,high,"HQ Otemachi, Tokyo (TSE:5741); main rolling works Nagoya (Aichi) & Fukui. Japan's largest aluminium-products maker (merger of Furukawa-Sky + Sumitomo Light Metal); auto sheet, heat-exchanger materials, can stock."
grupo antolin-irausa,Burgos,Spain,automotive interior systems (headliners/door panels/cockpits),https://en.wikipedia.org/wiki/Grupo_Antolin,https://www.antolin.com/en/company,high,"HQ Burgos, Spain. World leader in overhead/headliner systems; also door panels, cockpits, interior lighting & trim. 111 plants in 23 countries."
cummins,Columbus,United States,diesel & alternative-fuel engines,https://www.cummins.com/en-na/company,https://www.sec.gov/Archives/edgar/data/26172/000002617224000012/cmi-20231231.htm,high,"HQ Columbus, Indiana (NYSE:CMI). Diesel/natural-gas/hybrid engines + power systems, turbos/filtration (components), and Accelera (fuel cells/electrolyzers)."
hanwa,Osaka,Japan,steel & metals trading/distribution,https://www.hanwa.co.jp/en/company/outline.html,https://www.hanwa.co.jp/en/company/,high,"Registered HQ Osaka (also Tokyo head office) (TSE:8078). Trading house - Steel segment (bars, sheet, pipe, wire) is primary; also metals/alloys, non-ferrous, energy, foods. Distributor, not a maker."
thang long metal wares jsc,Hanoi,Vietnam,stamped motorcycle/auto metal parts,https://www.investing.com/equities/thang-long-metal-wares-jsc-company-profile,https://tlmetals.vn/en/,high,"HQ Hanoi (HNX:KTL). Sheet-metal pressing/welding - motorcycle frames, exhausts, fuel tanks, wheel rims (+ household metalware); Goshi-Thanglong JV with Honda (fits Honda link)."
zhejiang juhua,Quzhou,China,fluorochemicals (refrigerants & PVDF),https://www.zhejiang-juhua.com/,"https://www.chinachemnet.com/35168/Zhejiang-Juhua-Co-,.html",high,"HQ Quzhou, Zhejiang (SSE:600160), Juhua Group. Fluorine chemicals - refrigerants (R32/R134a/R125), PTFE & PVDF (battery-binder link to BYD via cobalt disruption) + chlor-alkali."
gmb,Osaka,Japan,automotive water pumps & bearings,https://gmb.net/,https://gmb.net/products/water-pump/,high,"HQ Osaka. Water pumps, universal joints, timing tensioner/idler bearings, wheel hubs, chassis parts (fits ZF / GMB Korea link)."
yorozu,Yokohama,Japan,automotive suspension components,https://www.yorozu-corp.co.jp/en/about/outline/,https://www.marklines.com/en/top500/yorozu,high,"HQ Kohoku, Yokohama (TSE:7294). Suspension arms, subframes, brake pedals, engine mounts; Nissan affiliate (~64% of sales)."
ntn,Osaka,Japan,rolling bearings & constant-velocity joints,https://en.wikipedia.org/wiki/NTN_Corporation,https://en.wikipedia.org/wiki/NTN_Corporation,high,HQ Osaka (TSE:6472). One of Japan's big-3 bearing makers; world leader in automotive constant-velocity joints (CVJs) + wheel hub units.
avient,Avon Lake,United States,specialty polymer compounds & colorants,https://en.wikipedia.org/wiki/Avient_Corporation,https://www.globaldata.com/company-profile/avient-corp/,high,"HQ Avon Lake, Ohio (NYSE:AVNT, formerly PolyOne). Specialty engineered polymer compounds, color/additive masterbatches, advanced composites."
nations technologies,Shenzhen,China,"security, MCU & battery-management ICs",https://www.investing.com/equities/nationz-technologies-inc-company-profile,https://finance.yahoo.com/quote/300077.SZ/,high,"HQ Shenzhen (SZSE:300077); renamed Nsing Technologies 2025. Security/trusted-computing chips, general MCUs, Bluetooth RF + battery-management ICs (the Gotion/battery link) for auto/IoT."
mitsubishi chemical,Tokyo,Japan,engineering plastics & Li-ion battery materials,https://www.m-chemical.co.jp/en/products/index.html,https://www.m-chemical.co.jp/en/products/field/electro/battery/index.html,medium,"HQ Tokyo (TSE:4188, Mitsubishi Chemical Group). DIVERSIFIED - the auto/supply-chain slice = engineering plastics (PEEK/PEI, PC) + Li-ion battery anode/electrolyte materials = reported per rule."
globaltek fabrication,New Taipei City,Taiwan,airbag inflators & precision machined metal parts,https://www.globaltekww.com/en/automotive-safety-systems,https://www.dnb.com/business-directory/company-profiles.global_tek_fabrication_co_ltd.5e9d02dc253e4467b8dabee4fc667b10.html,high,"Global Tek Fabrication (TWSE:4566), HQ New Taipei/Taipei; plants Xinwu/Youshi (TW) + Wuxi/Xi'an (CN). Airbag inflators (uses China Steel high-purity steel - fits the link) + fuel-transmission & precision machined parts."
hino motors,Hino,Japan,trucks & buses (diesel),https://en.wikipedia.org/wiki/Hino_Motors,https://en.wikipedia.org/wiki/Hino_Motors,high,"HQ Hino, Tokyo (TSE:7205), Toyota Group. Medium/heavy-duty diesel trucks & buses + industrial diesel engines."
kobe steel,Kobe,Japan,special steel & aluminium forgings,https://www.kobelco.co.jp/english/products/steel-aluminum/,https://en.wikipedia.org/wiki/Kobe_Steel,high,"HQ Chuo-ku, Kobe (TSE:5406, Kobelco). Materials division (special/spring/valve steel, wire rod + aluminium forgings/materials for transport) is its core & auto-relevant; also machinery/power divisions."
lanxess,Cologne,Germany,specialty chemical additives & intermediates,https://en.wikipedia.org/wiki/Lanxess,https://lanxess.com/en,medium,"HQ Cologne (Deutz) (FRA:LXS). Bayer chemicals spin-off; DIVERSIFIED specialty chemicals - additives, intermediates, flame retardants, engineering plastics (exited synthetic rubber via Arlanxeo sale)."
panasonic,Kadoma,Japan,automotive lithium-ion battery cells,https://news.panasonic.com/global/stories/993,https://en.wikipedia.org/wiki/Panasonic_Energy,medium,"Group HQ Kadoma, Osaka (TSE:6752). DIVERSIFIED conglomerate; auto slice = cylindrical Li-ion battery cells (Panasonic Energy; supplies Tesla) - production Osaka (Suminoe) + Nevada/Kansas. Reported per rule."
tokyo nissan computer system,Tokyo,Japan,IT systems integration & IT services,https://www.investing.com/equities/tokyo-nissan-computer-system-co-ltd-company-profile,https://finance.yahoo.com/quote/3316.JP/,high,"HQ Tokyo (TSE:3316). IT systems integration, network/infrastructure, cloud & security services (spun from Tokyo Nissan Motor Sales; acquired by Canon Marketing Japan 2023). SERVICE firm - GRAPH-FIT FLAG: an IT-services company linking Nippon Steel to a seal maker (NOK) looks like a possible graph artifact."
electra battery materials,Temiskaming Shores,Canada,battery-grade cobalt & nickel sulfate refining,https://www.electrabmc.com/projects/ontario-refinery/,https://en.wikipedia.org/wiki/Electra_Battery_Materials,high,"Refinery at Temiskaming Shores, Ontario (reported per production-site rule); corporate HQ Toronto (NASDAQ:ELBM, ex-First Cobalt). North America's first battery-grade cobalt sulfate refinery (fits cobalt/Glencore link)."
zhejiang founder motor,Lishui,China,EV drive/traction motors & micro-motors,http://en.fdm.com.cn/,https://www.marklines.com/en/top500/zhejiang-founder-motor,high,"HQ & base Lishui, Zhejiang (SZSE:002196); plants Shanghai/Hangzhou/Shenzhen/Hubei + Vietnam. EV traction motors, micro-motors, inverters - #3 China EV-drive-motor supplier (rare-earth magnet link)."
jordan petroleum refinery,Zarqa,Jordan,"refined petroleum products (fuels, lube oils, asphalt)",https://en.wikipedia.org/wiki/Jordan_Petroleum_Refinery_Company,https://www.offshore-technology.com/marketdata/zarqa-refinery-cracking-jordan/,high,"Sole Jordanian refinery at Zarqa (~35km from Amman) (ASE:JOPT). Fuels (LPG/gasoline/diesel/jet), lube oils, asphalt."
daimler truck holding,Leinfelden-Echterdingen,Germany,trucks & buses,https://en.wikipedia.org/wiki/Daimler_Truck,https://www.daimlertruck.com/en/company,high,"HQ Leinfelden-Echterdingen (FRA:DTG). World's largest commercial-vehicle maker; brands Mercedes-Benz, Freightliner, Western Star, BharatBenz, Setra, Thomas Built. Spun off from Daimler 2021."
tokyo rope manufacturing,Tokyo,Japan,steel wire rope & tire steel cord,https://www.tokyorope.co.jp/english/company/summary.html,https://www.tokyorope.co.jp/english/product/steelcord/,high,"HQ Koto, Tokyo (TSE:5981). Steel wire ropes + steel cord for tyres (via Toko Steel Cord, Kitakami) & saw wire - fits the tyre-maker customers (Toyo/Yokohama/Sumitomo Rubber)."
hanjin transportation,Seoul,South Korea,freight transport & logistics services,https://www.hanjinkal.com/homepage-hg-en/companies/our-companies/logistics/hanjin-logistics-corporation,https://stockanalysis.com/quote/krx/002320/company/,high,"HQ Seoul (KRX:002320; renamed Hanjin Logistics 2025). Inland transport, stevedoring (incl. steel), warehousing, forwarding, courier. SERVICE firm - distinct from the defunct Hanjin Shipping."
kg eco technology service,Miryang,South Korea,industrial waste-to-steam & copper compounds,https://www.marketscreener.com/KG-ECO-TECHNOLOGY-SERVICE-15867056/company/,https://www.emis.com/php/company-profile/KR/Kg_Eco_Technology_Services_CoLtd_en_3752262.html,medium,"HQ Miryang (KRX:151860), KG Group. DIVERSIFIED - hazardous-waste incineration/steam, bio heavy oil, and new materials (copper oxide/sulfate, tungsten oxide). The KG-Mobility link is intra-group. Reported the environment/materials slice."
air water,Osaka,Japan,industrial gases,https://www.globaldata.com/company-profile/air-water-inc/,https://www.dnb.com/business-directory/company-profiles.air_water_inc.7d3f5bdf34958f3cf460caa7f94f5c06.html,medium,"HQ Osaka (TSE:4088). DIVERSIFIED (industrial/medical gases, chemicals, energy, food, agriculture); auto/industrial slice = industrial gases (O2/N2/Ar) reported per rule."
mitsubishi steel manufacturing,Tokyo,Japan,automotive springs & special steel,https://www.mitsubishisteel.co.jp/english/company/outline/,https://www.mitsubishisteel.co.jp/english/product/springs/,high,"HQ Tsukishima, Chuo, Tokyo (TSE:5632). Coil/leaf/precision springs (Japan's first spring maker) + special-steel bars, precision castings, alloy powders."
komatsu,Tokyo,Japan,construction & mining equipment,https://en.wikipedia.org/wiki/Komatsu_Limited,https://www.komatsu.jp/en/aboutus/locations,high,"HQ Minato, Tokyo (TSE:6301). World's #2 construction/mining equipment maker - excavators, dump trucks, dozers + industrial machinery & diesel engines."
kajima,Tokyo,Japan,general construction & civil engineering,https://en.wikipedia.org/wiki/Kajima,https://www.globaldata.com/company-profile/kajima-corp/,high,"HQ Motoakasaka, Minato, Tokyo (TSE:1812). One of Japan's big general contractors - high-rises, railways, dams, power plants, bridges + real estate. SERVICE/construction firm."
vedanta,Mumbai,India,"aluminium, zinc & base metals",https://en.wikipedia.org/wiki/Vedanta_Limited,https://www.globaldata.com/company-profile/vedanta-ltd/,medium,"HQ Mumbai (NSE:VEDL). DIVERSIFIED natural-resources group; auto/industrial slice = aluminium & zinc/lead (India's largest producer) - also iron ore, copper, oil & gas, power. Smelters in Odisha/Chhattisgarh, zinc in Rajasthan."
jfe,Tokyo,Japan,flat-rolled steel (sheet & plate),https://en.wikipedia.org/wiki/JFE_Steel,https://www.jfe-steel.co.jp/en/company/map.html,high,"JFE Steel (JFE Holdings, TSE:5411), HQ Uchisaiwaicho, Chiyoda, Tokyo; works Fukuyama/Kurashiki & Chiba/Keihin. Japan's #2 steelmaker - auto sheet, plate, electrical steel."
bhp,Melbourne,Australia,iron ore & metallurgical coal,https://en.wikipedia.org/wiki/BHP,https://www.bhp.com/what-we-do,high,"Global HQ 171 Collins St, Melbourne (ASX:BHP). World's largest miner - iron ore (Pilbara, WA), metallurgical coal (Queensland - fits the Aurizon/coal link) & copper. Producer, not a parts maker."
kg dongbusteel,Incheon,South Korea,cold-rolled & coated steel sheet,https://www.gem.wiki/KG_Steel_Incheon_steel_plant,https://stockanalysis.com/quote/krx/016380/company/,high,"KG Steel (KRX:016380, ex-Dongbu/KG Dongbu Steel); main EAF plant Incheon (reported per production-site rule) + Dangjin/Pohang; corporate HQ Seoul. Cold-rolled, galvanized & pre-coated (color) steel sheet."
calb,Changzhou,China,EV lithium-ion battery cells (LFP/NMC),https://en.wikipedia.org/wiki/CALB,https://www.marklines.com/en/top500/calb,high,"HQ Changzhou, Jiangsu (HKEX:3931, ex-China Aviation Lithium Battery/AVIC). LFP & NMC power cells for EVs + ESS; ~world #4 EV-battery supplier."
ford motor,Dearborn,United States,passenger & commercial vehicles,https://en.wikipedia.org/wiki/Ford_Motor_Company,https://en.wikipedia.org/wiki/Ford_Motor_Company,high,"HQ Dearborn, Michigan (NYSE:F). Ford & Lincoln brands - cars, trucks, SUVs, EVs."
volvo car ab,Gothenburg,Sweden,passenger vehicles,https://en.wikipedia.org/wiki/Volvo_Cars,https://en.wikipedia.org/wiki/Volvo_Cars,high,"HQ & main plant Torslanda, Gothenburg (STO:VOLCAR-B). Owned by Zhejiang Geely Holding. NAME NOTE: Volvo Cars (passenger vehicles) is distinct from Volvo AB (trucks) - which is a separate row in this batch."
contemporary amperex technology,Ningde,China,EV lithium-ion battery cells,https://en.wikipedia.org/wiki/CATL,https://en.wikipedia.org/wiki/CATL,high,"CATL, HQ Ningde, Fujian (SHE:300750). World's largest EV-battery maker (~38% share) - LFP & NMC cells, packs, ESS."
honda motor,Tokyo,Japan,passenger vehicles & motorcycles,https://en.wikipedia.org/wiki/Honda,https://www.globaldata.com/company-profile/honda-motor-co-ltd/,high,"Corporate HQ Toranomon, Minato, Tokyo (TSE:7267); main auto plants Suzuka/Saitama, motorcycle plant Kumamoto. World's largest motorcycle maker + major automaker."
suzuki motor,Hamamatsu,Japan,passenger vehicles & motorcycles,https://en.wikipedia.org/wiki/Suzuki,https://www.globaldata.com/company-profile/suzuki-motor-corp/,high,"HQ & main plants Hamamatsu, Shizuoka (TSE:7269). Compact cars (dominant in India via Maruti Suzuki) + motorcycles, outboard engines."
tata motors,Mumbai,India,passenger & commercial vehicles,https://en.wikipedia.org/wiki/Tata_Motors,https://en.wikipedia.org/wiki/Tata_Motors,high,"Corporate HQ Mumbai (Bombay House) (NSE:TATAMOTORS); largest plant Pune (Pimpri-Chinchwad), plus Jamshedpur/Sanand/Pantnagar etc. India's largest CV & major PV maker; owns Jaguar Land Rover."
kg mobility,Pyeongtaek,South Korea,SUVs & pickup trucks,https://en.wikipedia.org/wiki/KG_Mobility,https://en.wikipedia.org/wiki/KG_Mobility,high,"HQ & main plant Pyeongtaek, Gyeonggi (KRX:003620). Ex-SsangYong Motor (renamed 2023 under KG Group). Torres, Rexton, Korando (+ EV), pickups."
borgwarner,Auburn Hills,United States,"powertrain & propulsion systems (turbochargers, EV drive)",https://en.wikipedia.org/wiki/BorgWarner,https://en.wikipedia.org/wiki/BorgWarner,high,"HQ Auburn Hills, Michigan (NYSE:BWA). Turbochargers, timing/emissions, thermal management + EV e-motors, inverters, battery modules/charging."
aapico hitech pcl,Ayutthaya,Thailand,automotive chassis frames & stamped/forged parts,https://www.aapico.com/location/ayutthaya-en/,https://www.marklines.com/en/top500/aapico-hitech-public,high,"HQ & plants Hi-Tech Industrial Estate, Ayutthaya (SET:AH). Chassis frames, metal-forming/stamped parts, forged & machined parts, plastic fuel tanks, jigs/tooling."
korea movenex,Ulsan,South Korea,automotive drive parts (half-shafts/axles) & flanges,https://stockanalysis.com/quote/krx/010100/company/,https://www.marklines.com/en/top500/korea-movenex,high,"HQ & plant Ulsan (KRX:010100, ex-Korea Flange). Half-shafts, front/rear axle & brake assemblies + industrial flanges; ~99% auto sales, supplies Hyundai/Kia."
brilliance china automotive,Shenyang,China,passenger vehicles,https://en.wikipedia.org/wiki/Brilliance_Auto,https://en.wikipedia.org/wiki/BMW_Brilliance,high,"Brilliance/Huachen group, HQ Shenyang, Liaoning (HKEX:1114). Own-brand vehicles + 25% of BMW Brilliance JV. NAME NOTE: distinct from the JV 'bmw brilliance automotive' (separate row)."
american axle & manufacturing,Detroit,United States,driveline & axle systems,https://en.wikipedia.org/wiki/American_Axle,https://www.aam.com/,high,"World HQ Detroit, Michigan (NYSE:AXL). Front/rear axles, driveshafts, differentials + e-driveline & metal-forming. (Acquired Dowlais/GKN Automotive 2026.)"
kumho tire,Gwangju,South Korea,automotive tires,https://en.wikipedia.org/wiki/Kumho_Tire,https://www.emis.com/php/company-profile/KR/Kumho_Tire_CoInc_en_2037533.html,high,"Dual HQ Gwangju (main plant + R&D, reported per production-site rule) & Seoul (admin, Kumho Asiana Tower). KR plants Gwangju/Gokseong/Pyeongtaek + China/Vietnam/US. Owned by Doublestar."
tokai rika,Oguchi,Japan,"automotive switches, locks & seatbelts",https://www.tokai-rika.co.jp/en/company/profile/index.html,https://www.tokai-rika.co.jp/en/company/profile/index.html,high,"HQ & plants Oguchi-cho, Niwa-gun, Aichi (TSE:6995), Toyota group. Switches, locks/keys, seatbelts, shift levers, steering wheels."
sumitomo rubber industries,Kobe,Japan,automotive tires (Dunlop/Falken),https://en.wikipedia.org/wiki/Sumitomo_Rubber_Industries,https://www.globaldata.com/company-profile/sumitomo-rubber-industries-ltd/,high,"HQ Chuo-ku, Kobe (TSE:5110). World's #5 tyre maker - Dunlop & Falken brands; plants Shirakawa/Izumiotsu/Miyazaki + global."
zhejiang leapmotor technology,Jinhua,China,battery-electric vehicles,https://en.wikipedia.org/wiki/Leapmotor,https://finance.yahoo.com/quote/9863.HK/profile/,high,"Vehicle plant Jinhua, Zhejiang (~200k/yr, reported per production-site rule); corporate/R&D HQ Hangzhou Binjiang (HKEX:9863). Stellantis holds ~20%; C/T-series smart EVs."
china south industries,Beijing,China,passenger & commercial vehicles + defense products,https://en.wikipedia.org/wiki/China_South_Industries_Group,https://baike.baidu.com/en/item/China%20South%20Industries%20Group%20Corporation/1527947,medium,"CSGC, HQ Haidian, Beijing (state-owned). DIVERSIFIED defense + auto conglomerate; auto slice historically = Changan vehicles (Changan spun off to an independent central SOE in 2025) + munitions/combat vehicles/auto parts."
garrett motion,Rolle,Switzerland,turbochargers,https://en.wikipedia.org/wiki/Garrett_Motion,https://www.marklines.com/en/top500/garrett-motion,high,"HQ Rolle, Switzerland (NASDAQ:GTX, ex-Honeywell Turbo Technologies). Turbochargers (gasoline/diesel/electrified) + fuel-cell/e-cooling compressors; 13 plants worldwide."
mitsubishi motors,Okazaki,Japan,passenger vehicles,https://en.wikipedia.org/wiki/Mitsubishi_Motors,https://www.mitsubishi-motors.com/en/newsroom/stories/okazaki/index.html,high,"Main/'mother' plant Okazaki, Aichi (reported per production-site rule; also Mizushima, Kurashiki); corporate HQ Minato, Tokyo (TSE:7211). Outlander/PHEV, RVR etc."
triangle tyre,Weihai,China,automotive tires,https://en.wikipedia.org/wiki/Triangle_Group,https://www.emis.com/php/company-profile/CN/Triangle_Tyre_CoLtd__en_4168832.html,high,"HQ & main plant Weihai, Shandong (SSE:601163). Passenger/truck/bus/OTR tyres under Triangle & Diamondback brands; ~world top-25 tyre maker."
lucid,Casa Grande,United States,battery-electric luxury vehicles,https://en.wikipedia.org/wiki/Lucid_Motors,https://en.wikipedia.org/wiki/Lucid_Motors,high,"AMP-1 plant Casa Grande, Arizona (reported per production-site rule); corporate HQ Newark, California (NASDAQ:LCID). Lucid Air sedan & Gravity SUV; majority-owned by Saudi PIF."
canoo,Justin,United States,electric vans & light commercial EVs,https://techcrunch.com/2025/01/17/ev-startup-canoo-files-for-bankruptcy-and-ceases-operations,https://en.wikipedia.org/wiki/Canoo,medium,"Last HQ Justin, Texas; assembly Oklahoma City + battery Pryor, OK. STATUS: filed Chapter 7 liquidation Jan-2025 and ceased operations - defunct."
sangsin brake,Daegu,South Korea,brake friction products (pads & linings),http://www.sangsin.com/eng/company/info/overview,https://www.komachine.com/en/companies/sangsin-brake,high,"HQ Daegu (KRX:041650). Korea's largest brake-friction maker - pads, shoes, linings, discs/drums (brands Hi-Q/Hagen/Hardron)."
hl mando,Seongnam,South Korea,"brake, steering & suspension (chassis) systems",https://en.wikipedia.org/wiki/HL_Mando,https://www.hlmando.com/en/hl-mando/global-network.do,high,"HQ & Global R&D Center Pangyo, Seongnam (KRX:204320), HL Group (ex-Mando). Brakes (ABS/calipers), steering (EPS), suspension + ADAS. Tier-1 to global OEMs."
aptiv,Dublin,Ireland,automotive electrical architecture & ADAS,https://en.wikipedia.org/wiki/Aptiv,https://www.globaldata.com/company-profile/aptiv-plc/,high,"HQ Dublin (NYSE:APTV, ex-Delphi); major ops Troy, Michigan & Gillingham, UK. Wiring harnesses, connectors, electrical centres, high-voltage EV systems + ADAS/software."
bmw brilliance automotive,Shenyang,China,passenger vehicles,https://en.wikipedia.org/wiki/BMW_Brilliance,https://en.wikipedia.org/wiki/BMW_Brilliance,high,"JV BMW (75%) & Brilliance; HQ & plants (Dadong/Tiexi/Lydia) Shenyang, Liaoning - BMW Group's largest production base worldwide. Builds BMW cars + iX3/i3 EVs."
beijing benz automotive,Beijing,China,passenger vehicles,https://en.wikipedia.org/wiki/Beijing_Benz,https://group.mercedes-benz.com/company/production/procuction-network/production-network-beijing.html,high,JV BAIC Motor (51%) & Mercedes-Benz; HQ & plants Beijing (Yizhuang). Mercedes-Benz's largest passenger-car production base outside Germany.
dongfeng honda automobile,Wuhan,China,passenger vehicles,https://en.wikipedia.org/wiki/Dongfeng_Honda,https://en.wikipedia.org/wiki/Dongfeng_Honda,high,"50:50 JV Dongfeng Motor & Honda; HQ & plants Wuhan, Hubei. Honda-brand vehicles (+ new NEV-dedicated plant)."
gac fiat chrysler automobiles,Changsha,China,passenger vehicles (Jeep),https://en.wikipedia.org/wiki/GAC_Fiat_Chrysler,https://carnewschina.com/2025/07/10/gac-stellantis-joint-venture-gac-fca-declared-bankrupt-in-china/,medium,"JV GAC & Stellantis (ex-FCA); plant Changsha, Hunan; built Jeep Cherokee/Compass, Fiat. STATUS: JV terminated 2022, declared bankrupt by Changsha court 2025 - defunct."
sichuan faw toyota motor,Chengdu,China,passenger vehicles,https://en.wikipedia.org/wiki/FAW_Toyota,https://www.marklines.com/en/global/4215,high,"JV FAW & Toyota; plant Chengdu Economic-Tech Dev Zone (Longquanyi), Sichuan. Built Land Cruiser Prado etc. (now FAW Toyota Motor (Chengdu))."
fawer automotive parts,Changchun,China,automotive chassis systems & engine parts,https://stockanalysis.com/quote/she/000030/company/,https://www.marklines.com/en/top500/fawer-automotive-parts-limited,high,"HQ Changchun Auto Economic-Tech Dev Zone, Jilin (SZSE:000030). FAW group supplier - chassis systems, thermal management, steering/safety, engine-peripheral & braking parts, fasteners, powder metallurgy."
hudaco industries,Edenvale,South Africa,automotive & industrial parts distribution,https://www.hudaco.co.za/,https://www.emis.com/php/company-profile/ZA/Hudaco_Industries_Limited_en_2038364.html,high,"HQ Edenvale (Greenstone Hill), Johannesburg (JSE:HDC). Importer/DISTRIBUTOR of branded automotive, industrial & electronic consumables (bearings, belts, seals, etc.) - not a manufacturer."
luminar technologies,Orlando,United States,automotive lidar sensors,https://en.wikipedia.org/wiki/Luminar_Technologies,https://en.wikipedia.org/wiki/Luminar_Technologies,high,"HQ Orlando, Florida (NASDAQ:LAZR); also Palo Alto. 1550nm automotive lidar (Iris) + perception software for ADAS/autonomy."
nexen,Gimhae,South Korea,"tyre curing bladders, tubes & rubber products",https://stockanalysis.com/quote/krx/005720/company/,https://www.marketscreener.com/quote/stock/NEXEN-CORPORATION-6919000/company/,high,"Nexen Corporation (KRX:005720), HQ Gimhae. Rubber division - tyre inner tubes, curing bladders, carbon master batch, solid tyres + logistics & tyre-mould machinery. NAME NOTE: this is the Nexen holding/rubber firm (supplies tyre makers) - distinct from 'nexen tire' (tyres, batch 1) and Nexen/CNOOC energy."
warxiano qiandiao co lid,Hangzhou,China,universal/CV joints & driveline components,https://finance.yahoo.com/quote/000559.SZ/profile/,https://www.marklines.com/en/top500/wanxiang-qianchao,high,"NAME NOTE: 'warxiano qiandiao co lid' is a garbled rendering of Wanxiang Qianchao Co Ltd (SZSE:000559), HQ Xiaoshan, Hangzhou - matched on that basis. Universal/CV joints, drive shafts, wheel bearings; Wanxiang Group. (Same entity appears correctly spelled elsewhere.)"
daedong metals,Busan,South Korea,fluid-film / plain bearings,https://metalbearing.co.kr/,https://www.komachine.com/en/companies/daedong-metal-industry,medium,"Best match: Daedong Metal Industry Co, HQ Yeongdo-gu, Busan - fluid-film/babbitt plain bearings. NOTE: its documented output is turbine/generator & marine-engine bearings (power/ship), so its fit as an automotive node is unclear; possible name ambiguity with other 'Daedong' firms. Kept medium."
farasis energy gan zhou,Ganzhou,China,lithium-ion battery cells (ternary pouch),https://en.wikipedia.org/wiki/Farasis_Energy,https://www.farasis-energy.com/en/about-us/,high,"HQ & main plant Ganzhou Economic-Tech Dev Zone, Jiangxi (SSE:688567). Ternary soft-pack (pouch) Li-ion cells, modules, packs + Na-ion; supplies Mercedes-Benz, Geely, GAC, FAW."
jiangxi changhe automobile,Jingdezhen,China,microvans & small commercial vehicles,https://en.wikipedia.org/wiki/Changhe,"https://baike.baidu.com/en/item/Changhe%20Automobile%20Co.,%20Ltd/48602",medium,"HQ Jingdezhen, Jiangxi (plants also Jiujiang, Hefei); BAIC 70%. Microvans, small trucks/vans. STATUS: reported defunct as a standalone brand ~2022 - noted."
tianjin faw toyota engine,Tianjin,China,automotive engines,https://en.wikipedia.org/wiki/FAW_Toyota,https://global.toyota/en/detail/221382,high,50:50 JV Toyota & FAW; engine plant(s) Tianjin (~220k units/yr). Builds ZR-series 1.6/1.8L engines for FAW-Toyota vehicles (Corolla/Vios).
unitekno,Busan,South Korea,"EV batteries, motors, engines & thermostats (automobile motor assembly parts); also plastic injection-molded auto components",https://sg.finance.yahoo.com/quote/241690.KQ/profile/,https://www.investing.com/equities/unitekno-co-ltd-company-profile,high,"Confirmed: UNITEKNO Co.,Ltd, KOSDAQ 241690, HQ & main plant Busan, South Korea. Founded 1993 (as Daesung Unitekno) by Chairman Lee Jwoa-young. Products: EV batteries, motors, engines, thermostats, motor assembly lines, plastic injection moldings. New Busan plant (2023) and EV/HEV parts plant in San Luis Potosi, Mexico (announced 2024) supplying Toyota/Honda NA plants. Note: user-provided product page (unitekno.co.kr/jsp/eng/sub03_3.jsp) blocks automated fetch (robots.txt) - corroborated instead via Yahoo Finance / Investing.com / MarkLines."
cayman engley industrial,Changchun,China,automotive body structural & reinforced-plastic parts,https://www.engley.com.tw/en/about,https://www.marketscreener.com/quote/stock/CAYMAN-ENGLEY-INDUSTRIAL--27329661/company/,medium,"Cayman Engley Industrial (TWSE:2239) - registered in Cayman Islands (paper domicile), Taiwan-listed; principal operations in China (Changchun Engley + plants across 12 provinces). Body structural parts (bumper frames, sub-frames, hot-formed pillars) + GF-reinforced plastics. Reported main operating base per rule."
g-tekt corporation,Saitama,Japan,automotive body-frame & stamped parts,https://www.marklines.com/en/top500/g-tekt,https://en.wikipedia.org/wiki/G-Tekt,high,"HQ Omiya, Saitama (TSE:5970). Auto body-frame components, heavy-gauge precision stampings, dies & welding equipment; Honda-group Tier-1 (merger of Kikuchi + Takagi, 2011)."
keihin,Tokyo,Japan,fuel-injection & carburetor systems,https://en.wikipedia.org/wiki/Keihin_Corporation,https://en.wikipedia.org/wiki/Keihin_Corporation,high,"HQ Shinjuku, Tokyo. Carburetors, fuel-injection, intake manifolds, throttle bodies, HVAC/ECUs; longtime Honda Tier-1. NAME NOTE: merged into Hitachi Astemo (2021) - now an Astemo brand."
h-one,Saitama,Japan,automotive body-frame stamped parts,https://www.marklines.com/en/top500/h-one,https://www.h1-co.jp/eng/products/products/,high,"HQ Omiya, Saitama (TSE:5989). Auto body-frame stampings (incl. ultra-high-strength steel), welding, dies; Honda-group Tier-1 (Fit/Vezel/N-WGN). NAME NOTE: similar profile to G-Tekt (also Saitama Honda body-frame stamper) but a distinct company."
iat automobile technology,Beijing,China,automotive engineering & design services,http://www.iat-auto.com/en/about.php,"https://baike.baidu.com/en/item/IAT%20Automotive%20Technology%20Co.,%20Ltd./46724",high,"HQ Beijing Economic-Tech Dev Zone (SZSE:300825). China's first listed independent auto-design house - turnkey vehicle/engine/EV engineering, styling, CAE, prototyping, tooling. SERVICE/engineering firm."
nisshinbo,Tokyo,Japan,automotive brake friction materials,https://en.wikipedia.org/wiki/Nisshinbo_Holdings,https://www.nisshinbo.co.jp/english/field/brake.html,medium,"Nisshinbo Holdings, HQ Nihonbashi, Chuo, Tokyo (TSE:3105). DIVERSIFIED (micro-devices/electronics, textiles, chemicals, papers, real estate); auto slice = brake friction materials (Nisshinbo Brake + TMD Friction = world's largest brake-friction maker)."
lg chem,Seoul,South Korea,petrochemicals & battery cathode materials,https://en.wikipedia.org/wiki/LG_Chem,https://www.lgchem.com/company/company-information/about,medium,"HQ Seoul (KRX:051910). DIVERSIFIED - Petrochemical + Advanced Materials (battery cathode materials, engineering plastics/ABS) + Life Science; battery cells are via spun-off LG Energy Solution. Reported the cathode/petrochemical slice per rule."
samsung c&t,Seoul,South Korea,construction/engineering & materials trading,https://en.wikipedia.org/wiki/Samsung_C%26T_Corporation,https://www.emis.com/php/company-profile/KR/Samsung_C_T_Corporation_en_3949276.html,medium,"HQ Seoul (KRX:028260). DIVERSIFIED conglomerate (Construction, Trading, Fashion, Resort, Bio, Food); supply-chain slice = E&C + Trading (steel/chemicals/materials) linking the steel/power disruptions to auto. Not a discrete parts maker."
sapura industrial bhd,Bandar Baru Bangi,Malaysia,machined engine/brake parts & suspension (stabilizer bars),https://sapuraindustrial.com.my/corporate-information/,https://www.marklines.com/en/top500/sapura-industrial,high,"HQ Bandar Baru Bangi, Selangor (KLSE:SAPIND) - CORRECTED from an assumed Shah Alam. Machined engine/transmission/brake parts + coil springs, stabilizer bars, strut & chassis modules; Malaysia's largest machining firm."
shell,London,United Kingdom,refined fuels & lubricants,https://en.wikipedia.org/wiki/Shell_plc,https://www.globaldata.com/company-profile/royal-dutch-shell-plc/,high,"HQ London (LSE:SHEL, ex-Royal Dutch Shell). Global refining/petrochemicals; fuels, Helix/Rimula lubricants, bitumen, LPG + petrochemical feedstocks."
hd hyundai heavy industries,Ulsan,South Korea,shipbuilding & marine engines,https://en.wikipedia.org/wiki/HD_Hyundai_Heavy_Industries,https://www.hd.com/en/business/shipbuilding/hhi/contents,high,"HQ & yard Ulsan (KRX:329180). World's largest shipbuilder + marine engines/machinery, offshore, naval. GRAPH-FIT FLAG: a shipbuilder's link to auto (VW) via POSCO steel is loose - likely a shared-steel-supplier edge."
posco international,Seoul,South Korea,steel & materials trading,https://en.wikipedia.org/wiki/POSCO_International,https://www.poscointl.com/eng,high,"HQ Seoul (KRX:047050, ex-Daewoo International). POSCO group trading arm - steel & steel raw materials (auto sheet, HRC/CRC), plus battery materials, gas/LNG, eco-car-parts. Trading company."
apple,Cupertino,United States,"consumer electronics (smartphones, computers)",https://en.wikipedia.org/wiki/Apple_Park,https://www.dnb.com/business-directory/company-profiles.apple_inc.ec7f550b3a97b94d919d837672573959.html,high,"HQ Apple Park, Cupertino, California (NASDAQ:AAPL). iPhone/Mac/iPad/Watch etc. (manufacturing outsourced). GRAPH-FIT FLAG: Apple's link to automakers via steel disruptions looks like a shared-supplier artifact (its car project was cancelled)."
thyssenkrupp,Essen,Germany,automotive flat steel & chassis/powertrain components,https://en.wikipedia.org/wiki/ThyssenKrupp,https://www.thyssenkrupp-automotive-technology.com/en/products-and-services,medium,"HQ Essen; steel operations Duisburg (FRA:TKA). DIVERSIFIED (steel, materials services, automotive technology, marine, industrial); auto slice = flat/AHSS steel + components (steering, dampers, springs, camshafts, axle assembly)."
arcelormittal,Luxembourg City,Luxembourg,flat-rolled automotive steel (AHSS),https://en.wikipedia.org/wiki/ArcelorMittal,https://europe.arcelormittal.com/aboutarcelormittaleurope/who/contactsflat,high,"HQ Luxembourg City (AMS:MT). World's largest steelmaker (ex-China); flat products - HRC/CRC, coated, advanced high-strength & electrical steels for automotive/e-mobility."
eni,Rome,Italy,"oil, gas & refined fuels",https://en.wikipedia.org/wiki/Eni,https://www.globaldata.com/company-profile/eni-spa/,high,"HQ EUR district, Rome (BIT:ENI). Integrated energy - oil & gas E&P, refining (fuels), petrochemicals; the Gazprom gas-cut link ties to its gas supply."
mitsui,Tokyo,Japan,steel & metals trading,https://en.wikipedia.org/wiki/Mitsui_%26_Co.,https://www.mitsui.com/us/en/company/profile/index.html,medium,"Mitsui & Co (sogo shosha), HQ Otemachi, Chiyoda, Tokyo (TSE:8031). DIVERSIFIED trading house; supply-chain slice = iron & steel products + mineral/metal resources (iron ore, ferroalloys, nickel). Trader, not a maker."
toray industries,Tokyo,Japan,carbon-fiber composites & engineering resins,https://en.wikipedia.org/wiki/Toray_Industries,https://www.cf-composites.toray/,medium,"HQ Nihonbashi, Chuo, Tokyo (TSE:3402). DIVERSIFIED (fibers/textiles, functional chemicals, films); auto slice = carbon-fiber composites (world's largest producer) + nylon/ABS engineering resins."
skf ab,Gothenburg,Sweden,rolling bearings & seals,https://en.wikipedia.org/wiki/SKF,https://www.globaldata.com/company-profile/ab-skf/,high,"HQ Gothenburg (STO:SKF-B). World's largest bearing maker - ball/roller bearings, seals, bearing units, lubrication, mechatronics."
akzo nobel,Amsterdam,Netherlands,paints & coatings (incl. automotive refinish),https://en.wikipedia.org/wiki/AkzoNobel,https://www.akzonobel.com/en/countries/united-states/about-us,high,"HQ Amsterdam (AMS:AKZA). World #3 paints/coatings; brands Dulux, Sikkens (automotive & vehicle refinish), International, Interpon."
axalta coating systems,Philadelphia,United States,automotive coatings & paints,https://en.wikipedia.org/wiki/Axalta,https://ir.axalta.com/company-information,high,"Global HQ Philadelphia Navy Yard (NYSE:AXTA, ex-DuPont Performance Coatings). Liquid & powder coatings for light/commercial vehicles, refinish & industrial."
mahle,Stuttgart,Germany,engine (piston) & thermal-management components,https://en.wikipedia.org/wiki/Mahle_GmbH,https://www.globaldata.com/company-profile/mahle-gmbh/,high,"HQ Stuttgart. Tier-1 - piston/cylinder systems, filtration, thermal management (AC), e-drives/actuators, control electronics."
saudi arabian oil,Dhahran,Saudi Arabia,crude oil & petroleum products,https://en.wikipedia.org/wiki/Saudi_Aramco,https://www.globaldata.com/company-profile/saudi-arabian-oil-co/,high,"Saudi Aramco, HQ Dhahran (Tadawul:2222). World's largest oil producer (~12M bbl/day) - crude, refined fuels, petrochemicals."
volvo ab,Gothenburg,Sweden,trucks & buses (commercial vehicles),https://en.wikipedia.org/wiki/Volvo,https://www.volvogroup.com/en/about-us.html,high,"AB Volvo (Volvo Group), HQ Gothenburg (STO:VOLV-B). Trucks, buses, construction equipment, marine/industrial engines. NAME NOTE: the commercial-vehicle group - distinct from Volvo Cars (passenger, separate row)."
sk,Seoul,South Korea,investment holding (SK Group - batteries/energy/materials),https://en.wikipedia.org/wiki/SK_Inc.,https://www.globaldata.com/company-profile/sk-inc/,medium,"SK Inc (ex-SK Holdings), HQ Seoul (KRX:034730) - the SK Group holding company. DIVERSIFIED; auto/supply-chain exposure via subsidiaries - SK Innovation/SK On (EV batteries), SK Energy (fuels), SKC (materials). Not a discrete parts maker."
aluminum corp of china,Beijing,China,alumina & primary aluminium,https://en.wikipedia.org/wiki/Aluminum_Corporation_of_China_Limited,https://www.globaldata.com/company-profile/aluminum-corporation-of-china-ltd/,high,"Chalco/Chinalco, HQ Haidian, Beijing (SSE:601600/HK:2600). World's largest aluminium producer - bauxite, alumina refining, primary aluminium & alloys, carbon anodes."
mitsubishi heavy industries,Tokyo,Japan,turbochargers & industrial machinery,https://www.mhi.com/network/products/automobile.html,https://www.mhi.com/group/mhiet/products,medium,"MHI, HQ Marunouchi, Chiyoda, Tokyo (TSE:7011). DIVERSIFIED heavy-industry conglomerate (ships, aircraft, power, machinery); auto slice = turbochargers (MHI Engine & Turbocharger) + AC compressors, machine tools, forklifts."
3m,Maplewood,United States,"automotive adhesives, tapes, abrasives & films",https://www.britannica.com/money/3M-Company,https://www.3mindustry.com/about.html,medium,"HQ 3M Center, Maplewood/St. Paul, Minnesota (NYSE:MMM). DIVERSIFIED conglomerate; auto slice = adhesives & tapes, abrasives, window/paint-protection films, NVH & bonding solutions."
eve energy,Huizhou,China,lithium battery cells (LFP/cylindrical),https://en.wikipedia.org/wiki/EVE_Energy,https://www.forbes.com/companies/eve-energy/,high,"HQ & lead plant Huizhou, Guangdong (SZSE:300014). Cylindrical/prismatic LFP cells, packs, BMS + primary lithium cells; supplies BMW/Mercedes."
daido metal,Nagoya,Japan,engine plain bearings,https://www.marklines.com/en/top500/daido-metal,https://www.daidometal.com/product-search/?product_type=engine-bearings,high,"HQ Nagoya, Aichi (TSE:7245). Leading Japan maker of plain/slide bearings for engines, turbochargers, shock absorbers + large marine-engine bearings. NAME NOTE: distinct from Daido Steel (special steel, separate row)."
daido steel,Nagoya,Japan,special/alloy steel,https://www.globaldata.com/company-profile/daido-steel-co-ltd/locations/,https://www.dnb.com/business-directory/company-profiles.daido_steel_co_ltd.8ef32e441b41e89efa6da19ec1eb682d.html,high,"HQ Higashi-ku, Nagoya, Aichi (TSE:5471). World's largest specialty-steel maker - alloy/tool/bearing steel, die-forged parts + rare-earth magnets. NAME NOTE: distinct from Daido Metal (bearings, separate row)."
seah,Pohang,South Korea,steel pipes & tubes,http://eng.seah.co.kr/eng/seah/business_02.asp,https://en.wikipedia.org/wiki/SeAh_Steel_Holdings,high,"SeAH Steel; main plant Pohang (~1.2Mt; also Suncheon/Changwon/Gunsan), corporate HQ Seoul (2018 split: SeAH Steel Holdings + SeAH Steel). Welded/seamless/stainless steel pipes & tubes. NAME NOTE: this is SeAH Steel (pipes) - distinct from SeAH Besteel (special steel, earlier batch)."
konica minolta,Tokyo,Japan,measuring instruments & imaging/functional materials,https://en.wikipedia.org/wiki/Konica_Minolta,https://www.dnb.com/business-directory/company-profiles.konica_minolta_inc.c2f6a3825324bc9fd1ae90ec6d12caa7.html,medium,"HQ Marunouchi, Chiyoda, Tokyo (TSE:4902). DIVERSIFIED (office printers/MFPs, healthcare imaging); auto-relevant slice = Sensing business (color/light measuring instruments used in paint/quality) + functional materials (TAC film). GRAPH-FIT is loose - noted."
qst international,Tainan,Taiwan,automotive fasteners & cold-formed parts,https://finance.yahoo.com/quote/8349.TWO/profile/,https://www.globalfastener.com/profile/qst/,high,"QST International Corp (TPEx:8349), HQ Tainan; plants Taiwan & China. Proprietary/auto fasteners - weld bolts/studs, screws, rivets, cold-formed parts (Torx/Taptite licensee). (Fasteners, not steelmaking.)"
right way industrial,UNCERTAIN,Taiwan,cast & forged automotive parts,https://www.rightway.com.tw/,https://www.rightway.com.tw/,medium,"Right Way Industrial Co (Taiwan) - casting & forging parts for vehicles (fits China Steel -> engine-part customers). Company verified via rightway.com.tw, but city not determinable from available sources - city left UNCERTAIN, kept medium."
ijtt,Tokyo,Japan,commercial-vehicle engine & driveline forged/cast parts,https://www.ijtt.co.jp/en/,https://www.marklines.com/en/top500/ijtt,high,"IJTT Co (ex-IJT Technology Holdings), HQ Tokyo (TSE:7315), Isuzu group. Cylinder blocks, crankshafts, camshafts, propeller shafts, gears, axles for CV/construction OEMs. STATUS: merged into ARTS Co (Oct-2024)."
sanoh industrial,Tokyo,Japan,automotive brake & fuel tubes/pipes,https://www.marklines.com/en/top500/sanoh-industrial,https://www.sanoh.com/wp-content/uploads/2025/03/861a5add6ab16f456b75c72352f08f34.pdf,high,"HQ Tokyo (TSE:7291). World's #2 vehicle-tubing maker - brake tubes, fuel tubes/rails, plastic fuel tubes, EGR pipes + seatbelt parts."
china fineblanking technology,Changhua,Taiwan,fine-blanked precision metal parts,https://www.cftc.tw/,https://www.ezb2b.com/eng/c3797-china-fineblanking-technology-co-ltd,high,"CFTC, HQ Puyan, Changhua County, Taiwan; plants Taiwan & China. Fine-blanked precision parts for automotive (seat/transmission/brake), HDD, electronics. NAME NOTE: despite 'China' in the name it is a Taiwan-listed company."
steel pipe industry of indonesia pt,Surabaya,Indonesia,steel pipes & tubes,https://www.spindo.com/en/profile,https://www.idnfinancials.com/issp/pt-steel-pipe-industry-of-indonesia-tbk,high,"Spindo (IDX:ISSP), HQ & plants Surabaya (+ Pasuruan/Karawang/Sidoarjo). Indonesia's largest steel-pipe maker - structural/oil&gas/stainless/mechanical tubes; IATF 16949, supplies Honda/Yamaha."
hdc hyundai engineering plastics,Dangjin,South Korea,engineering-plastic compounds (PP/nylon/PC-ABS),https://en.wikipedia.org/wiki/HDC_Hyundai_EP,https://finance.yahoo.com/quote/089470.KS/profile/,high,"HQ & plant Dangjin, S. Chungcheong (KRX:089470), HDC group. PP compounds + engineering plastics (nylon, PC/ABS, PBT, PPS) for auto interior/exterior & E&E."
beijing shougang,Caofeidian,China,flat steel (HRC/CRC/electrical),"https://en.wikipedia.org/wiki/Beijing_Shougang_Co.,_Ltd.",https://www.gem.wiki/Shougang_Jingtang_United_Iron_and_Steel_Co_Ltd,high,"Beijing Shougang Co (SZSE:000959); steelmaking relocated from Beijing to Shougang Jingtang, Caofeidian (Tangshan), Hebei (reported per production-site rule; also Qian'an); corporate HQ Shijingshan, Beijing. HRC/CRC/electrical steel."
nippon steel trading,Tokyo,Japan,steel & materials trading,https://www.globaldata.com/company-profile/nippon-steel-trading-corp/,https://mergr.com/company/nippon-steel-trading,high,"Nippon Steel Trading Corp, HQ Nihonbashi, Chuo, Tokyo (TSE:9810). Trading arm of Nippon Steel - steel products distribution + raw materials, machinery, textiles. Trader, not a maker."
obayashi,Tokyo,Japan,general construction & civil engineering,https://en.wikipedia.org/wiki/Obayashi_Corporation,https://www.obayashi.co.jp/en/company/profile.html,high,"HQ Konan, Minato, Tokyo (TSE:1802). One of Japan's big-5 general contractors - buildings, tunnels, bridges, dams, railways. SERVICE/construction firm."
jiangsu lopal tech,Nanjing,China,automotive lubricants/DEF & LFP cathode materials,https://stockanalysis.com/quote/sha/603906/company/,"https://baike.baidu.com/en/item/JIANGSU%20LOPAL%20TECH.CO.,LTD./947081",high,"HQ & plant Nanjing Economic-Tech Dev Zone, Jiangsu (SSE:603906; renamed Lopal Tech Group 2025). China's largest private lubricant maker - engine oil, coolant, brake fluid, AdBlue/DEF + lithium-iron-phosphate cathode materials."
garuda metalindo tbk pt,Jakarta,Indonesia,automotive fasteners (bolts/nuts),https://www.idnfinancials.com/bolt/pt-garuda-metalindo-tbk,https://www.investing.com/equities/garuda-metalindo-tbk-company-profile,high,"PT Garuda Metalindo (IDX:BOLT), HQ North Jakarta (Kapuk Kamal). Precision fasteners - bolts, nuts, screws, rivets, pins for engine/suspension/brake/chassis; motorcycle & auto industries."
dongsung chemical,Busan,South Korea,polyurethane resins/foams & coatings,https://finance.yahoo.com/quote/102260.KS/profile/,https://idongsung.com/affiliate03/?lang=en,medium,"Dongsung Chemical (KRX:102260, est. 1959). Polyurethane resins/foams, automotive TPU, PUR coatings, adhesives (fits the Adient/seating link) + bioplastics. City reported as Busan (group's home base) - not explicitly confirmed in sources, so kept medium."
kiswire,Busan,South Korea,steel tyre cord & bead wire,https://www.kiswire.com/english/product/product_1404.php,https://www.emis.com/php/company-profile/KR/Kis_Wire_Ltd_en_1650827.html,high,"Kiswire Ltd, HQ Busan (est. 1945). Steel tyre cord & bead wire (tyre reinforcement - fits the Nexen/tyre link), plus wire rope, spring/oil-tempered wire, superconducting wire."
kia,Hwaseong,South Korea,passenger vehicles,https://en.wikipedia.org/wiki/Kia,https://en.wikipedia.org/wiki/Kia,high,Main AutoLand plant Hwaseong (also Gwangmyeong/Gwangju); HQ Seoul (KRX:000270). Hyundai Motor Group.
general motors,Detroit,United States,passenger & commercial vehicles,https://en.wikipedia.org/wiki/General_Motors,https://www.gm.com/,high,"HQ Detroit, Michigan (NYSE:GM). Chevrolet/Buick/GMC/Cadillac."
lg energy solution,Seoul,South Korea,EV lithium-ion battery cells,https://en.wikipedia.org/wiki/LG_Energy_Solution,https://news.lgensol.com/company-news/supplementary-stories/1741/,high,"HQ Yeouido, Seoul (KRX:373220); mother plant Ochang. Spun off from LG Chem 2020."
chery automobile,Wuhu,China,passenger vehicles,https://en.wikipedia.org/wiki/Chery,https://en.wikipedia.org/wiki/Chery,high,"HQ & plants Wuhu, Anhui (state-owned). China's largest vehicle exporter."
mahindra & mahindra,Mumbai,India,SUVs & tractors,https://en.wikipedia.org/wiki/Mahindra_%26_Mahindra,https://www.globaldata.com/company-profile/mahindra-mahindra-ltd/,high,HQ Mumbai (NSE:M&M). SUVs/pickups + Mahindra Tractors (world's largest by volume).
bridgestone,Tokyo,Japan,automotive tires,https://en.wikipedia.org/wiki/Bridgestone,https://www.globaldata.com/company-profile/bridgestone-corp/,high,"HQ Kyobashi, Tokyo (TSE:5108). World's largest tyre maker."
mazda motor,Fuchu,Japan,passenger vehicles,https://en.wikipedia.org/wiki/Mazda,https://www.globaldata.com/company-profile/mazda-motor-corp/locations/,high,"HQ & main plant Fuchu, Hiroshima (TSE:7261); also Hofu."
aisin,Kariya,Japan,automatic transmissions & auto parts,https://en.wikipedia.org/wiki/Aisin,https://www.globaldata.com/company-profile/aisin-seiki-co-ltd/,high,"HQ Kariya, Aichi (TSE:7259), Toyota group. World's largest AT maker."
li auto,Changzhou,China,extended-range & battery electric vehicles,https://en.wikipedia.org/wiki/Li_Auto,https://cnevpost.com/2021/10/16/li-autos-2nd-plant-starts-construction-in-beijing-production-expected-in-2023/,high,"Main plant Changzhou, Jiangsu; HQ Beijing (NASDAQ:LI)."
toyota industries,Kariya,Japan,car A/C compressors & engines,https://en.wikipedia.org/wiki/Toyota_Industries,https://www.toyota-industries.com/company/location/japan/index.html,medium,"HQ Kariya (TSE:6201). DIVERSIFIED (forklifts/textile machinery); auto slice = A/C compressors, engines, contract assembly."
gac toyota motor,Guangzhou,China,passenger vehicles,https://en.wikipedia.org/wiki/GAC_Toyota,https://en.wikipedia.org/wiki/GAC_Toyota,high,50:50 JV GAC & Toyota; plants Guangzhou.
maruti suzuki india,Gurugram,India,passenger vehicles,https://www.marutisuzuki.com/corporate/reach-us/all-offices,https://en.wikipedia.org/wiki/Maruti_Suzuki,high,Plants Gurugram & Manesar (also Gujarat); HQ New Delhi (NSE:MARUTI). Suzuki subsidiary.
dr ing hc f porsche,Stuttgart,Germany,sports cars & SUVs,https://en.wikipedia.org/wiki/Porsche,https://newsroom.porsche.com/en/company/stuttgart-zuffenhausen.html,high,"Porsche AG, HQ & main plant Stuttgart-Zuffenhausen; VW Group."
rivian automotive,Normal,United States,electric trucks & SUVs,https://en.wikipedia.org/wiki/Rivian,https://rivian.com/our-company,high,"Plant Normal, Illinois; HQ Irvine, California (NASDAQ:RIVN)."
tong yang industry,Tainan,Taiwan,automotive body panels & cooling parts,https://www.tyg.com.tw/en/,https://www.cens.com/cens/html/en/supplier/supplier_home_5183.html,high,"Tong Yang Group (TWSE:1319), HQ Tainan. World's largest AM auto body-parts maker. NAME NOTE: Taiwanese (not Korean)."
toyoda gosei,Kiyosu,Japan,airbags & rubber/plastic auto parts,https://www.marklines.com/en/top500/toyoda-gosei,https://www.investing.com/equities/toyoda-gosei-co-ltd-company-profile,high,"HQ Kiyosu, Aichi (TSE:7282), Toyota group. Airbags + weatherstrips/fuel-system parts."
chuo spring,Nagoya,Japan,automotive springs & control cables,https://www.marklines.com/en/top500/chuo-spring,https://www.investing.com/equities/chuo-spring-co-ltd-company-profile,high,"HQ Nagoya (TSE:5992), Toyota group. Suspension/valve springs + control cables."
gestamp automocion,Madrid,Spain,metal body-in-white & chassis stampings,https://en.wikipedia.org/wiki/Gestamp,https://www.gestamp.com/About-Us/Gestamp-in-the-world/Centers/Europe/Spain/Gestamp-Headquarters,high,"HQ Madrid (BME:GEST). Body-in-white, chassis crossmembers, hinges."
nok,Tokyo,Japan,oil seals & gaskets,https://en.wikipedia.org/wiki/NOK_Corporation,https://www.komachine.com/en/companies/nok-seal,high,"HQ Minato, Tokyo (TSE:7240). ~70% Japan seal share + FPCs (Nippon Mektron)."
hyundai powertech,Seosan,South Korea,automatic transmissions,https://www.marklines.com/en/top500/hyundai-transys-hyundai-powertech,https://en.wikipedia.org/wiki/Hyundai_Transys,medium,Plant Seosan/Jigok. Merged into Hyundai Transys (2019).
seres,Chongqing,China,battery-electric & extended-range vehicles,https://en.wikipedia.org/wiki/Seres_Group,https://en.wikipedia.org/wiki/Seres_Group,high,"Ex-Sokon, HQ Chongqing (SSE:601127). AITO/Seres NEVs w/ Huawei."
jtekt,Osaka,Japan,automotive steering systems & bearings,https://en.wikipedia.org/wiki/JTEKT,https://koyo.jtekt.co.jp/en/,high,"HQ Osaka & Nagoya (TSE:6473), Toyota group. Steering (EPS) + Koyo bearings."
dana,Maumee,United States,driveline systems (axles & driveshafts),https://en.wikipedia.org/wiki/Dana_Incorporated,https://www.dnb.com/business-directory/company-profiles.dana_incorporated.a38dc94964e6cb8cc1f93402620ba31b.html,high,"HQ Maumee, Ohio (NYSE:DAN). Axles, driveshafts + e-drive."
holley,Bowling Green,United States,performance automotive parts (fuel systems),https://en.wikipedia.org/wiki/Holley_Performance_Products,https://www.dnb.com/business-directory/company-profiles.holley_performance_products_inc.78b2762caafd370cee7d293d69e9edd0.html,high,"HQ Bowling Green, Kentucky (NYSE:HLLY). Carburetors/EFI/ignition."
mobileye global,Jerusalem,Israel,ADAS & autonomous-driving systems (EyeQ),https://en.wikipedia.org/wiki/Mobileye,https://www.cbinsights.com/company/mobileye,high,HQ Jerusalem (NASDAQ:MBLY; Intel-controlled). EyeQ SoCs + ADAS.
chongqing changan automobile,Chongqing,China,passenger vehicles,https://en.wikipedia.org/wiki/Changan_Automobile,https://www.globaldata.com/company-profile/chongqing-changan-automobile-co-ltd/,high,"HQ Jiangbei, Chongqing (SZSE:000625). Changan/Deepal/Avatr."
zf trw automotive,Livonia,United States,automotive safety systems (airbags & seatbelts),https://en.wikipedia.org/wiki/TRW_Automotive,https://www.prnewswire.com/news-releases/zf-completes-acquisition-of-trw-automotive-300084065.html,high,"Legacy TRW HQ Livonia, Michigan. NAME NOTE: acquired by ZF (2015), now ZF's Active & Passive Safety division."
hitachi astemo,Tokyo,Japan,"automotive systems (powertrain, brakes, EV motors)",https://en.wikipedia.org/wiki/Astemo,https://www.astemo.com/en/corporate/outline/,high,HQ Tokyo. 2021 merger (Hitachi Auto+Keihin+Showa+Nissin Kogyo). Renamed 'Astemo' 2025.
nissin kogyo,Tomi,Japan,brake systems & aluminium components,https://en.wikipedia.org/wiki/Nissin_Kogyo,https://www.astemo.com/en/corporate/history/nissinkogyo/,medium,"HQ Tomi, Nagano. Merged into Hitachi Astemo 2021."
astra otoparts tbk pt,Jakarta,Indonesia,"automotive components (filters, batteries, pistons)",https://www.astra.co.id/en/business/automotive/astra-otoparts,https://www.marklines.com/en/top500/astra-otoparts,high,"PT Astra Otoparts (IDX:AUTO), HQ Jakarta; Astra group. Indonesia's largest auto-parts maker."
bosch,Gerlingen,Germany,"automotive mobility systems (powertrain, electronics, steering)",https://en.wikipedia.org/wiki/Bosch_(company),https://www.bosch-mobility.com/en/company/company-information/,medium,"Robert Bosch GmbH, HQ Gerlingen. World's largest auto-parts supplier. NAME NOTE: same entity as pilot's 'robert bosch'."
umw holdings bhd,Shah Alam,Malaysia,Toyota/Perodua vehicle assembly & distribution,https://simeumw.com/automotive/,https://www.dnb.com/business-directory/company-profiles.umw_holdings_berhad.a04803bd73bb7f638840de021a55dec4.html,medium,HQ Shah Alam. DIVERSIFIED; auto slice = UMW Toyota + Perodua. Delisted 2024 (now Sime Darby sub).
selamat sempurna tbk pt,Jakarta,Indonesia,automotive filters & radiators,https://smsm.co.id/,https://www.indonesia-investments.com/business/indonesian-companies/selamat-sempurna/item1529,high,"PT Selamat Sempurna (IDX:SMSM), HQ Jakarta; ADR Group. Sakura filters + ADR radiators."
xinchen china power,Mianyang,China,automotive engines,http://en.xce.com.cn/about.aspx?t=7,https://www.bitget.com/stock/hkex-1148/what-is,high,Mianyang Xinchen Engine (HKEX:1148); Brilliance-owned. Makes BMW N20 engines under licence.
getrag jiangxi transmission,Nanchang,China,dual-clutch transmissions (DCT),https://cn.kompass.com/c/getrag-jiangxi-transmission-co-ltd/cn013450/,https://autotechinsight.spglobal.com/news/5236463/magnas-getrag-begins-mass-production-of-3rd-generation-dct-at-chinese-plant-,high,"Getrag(Magna)/JMCG JV; plants Nanchang, Jiangxi. 6DCT/7DCT."
fev,Aachen,Germany,powertrain & vehicle engineering services,https://www.fev.com/en/about-fev/,https://www.fev.com/en/about-fev/,high,"FEV Group, HQ Aachen. Development-SERVICE provider (powertrain/e-drive engineering)."
dongwon metal,Gyeongsan,South Korea,automotive body-frame parts,https://stockanalysis.com/quote/krx/018500/company/,https://www.komachine.com/en/companies/dongwon-metal,high,"HQ Gyeongsan (KRX:018500). Door frames, impact/bumper beams, battery frames. NAME NOTE: not Dongwon F&B."
nvh korea,Ulsan,South Korea,"automotive NVH parts (dash pads, insulation, headliners)",https://www.komachine.com/en/companies/nvh-korea,https://finance.yahoo.com/quote/067570.KQ/,high,HQ Ulsan (KOSDAQ:067570). NVH & thermal parts.
gb corp/eg,Cairo,Egypt,vehicle assembly & distribution,https://en.wikipedia.org/wiki/GB_Corp,https://gb-corporation.com/,high,"GB Corp (ex-GB Auto/Ghabbour), HQ Cairo (EGX:GBCO). Egypt's largest automaker (Hyundai/Chery)."
hiroca holdings lid,Dongguan,China,automotive interior/exterior trim parts,https://www.hiroca.co/article_d.php?lang=en&tb=1&id=1705,https://finance.yahoo.com/quote/1338.TW/,medium,"Hiroca Holdings (TWSE:1338; 'lid'=Ltd); production Hirosawa Dongguan, China. NAME NOTE: Taiwanese, not Japanese."
sjm,Ansan,South Korea,automotive exhaust flexible tubes & decouplers,https://stockanalysis.com/quote/krx/123700/company/,https://www.freepatentsonline.com/6354632.html,high,"SJM Co (KRX:123700), HQ Ansan. Exhaust flex tubes/bellows/decouplers."
asti,Hamamatsu,Japan,automotive wire harnesses & ECUs,https://www.asti.co.jp/e/business/car/,https://www.asti.co.jp/e/company/outline/,high,"ASTI Corporation, HQ Hamamatsu. Wire harnesses + ECUs. NAME NOTE: Japanese (not Korean)."
j-max,Ogaki,Japan,automotive body stamped parts & dies,https://www.jp-jmax.co.jp/en/,https://www.jp-jmax.co.jp/en/intro/enkaku/,high,"J-MAX (ex-Marujun Seiki), HQ Ogaki, Gifu (TSE:8118). Body-framework stampings + dies."
kian shen,Taoyuan,Taiwan,truck/bus body frames & stamped parts,https://www.kian-shen.com/en/Web/index,https://www.investing.com/equities/kian-shen-company-profile,high,"Kian Shen (TWSE:1525), HQ Taoyuan. Truck/bus frames + stamping."
dangfeng electronic technology co lb,Shanghai,China,automotive electronics (cockpit/body & e-drive systems),https://www.marklines.com/en/top500/dongfeng-electronic-technology,https://in.marketscreener.com/quote/stock/DONG-FENG-ELECTRONIC-TECH-6500530/,high,"NAME NOTE: garbled = Dongfeng Electronic Technology Co Ltd (SSE:600081), HQ Shanghai."
tieliu,Hangzhou,China,automotive clutches,https://finance.yahoo.com/quote/603926.SS/profile/,https://www.marketscreener.com/quote/stock/TIELIU-CO-LTD-42613217/company/,high,"Zhejiang Tieliu Clutch (SSE:603926), HQ Hangzhou. Clutches/WESTLAKE brand."
cars motorcycles and marine engine trade and import,Athens,Greece,vehicle & marine-engine import/distribution (Yamaha),https://www.athexgroup.gr/en/market-data/issuers/998,https://www.investing.com/equities/cars-motorcycles-marine-engine-company-profile,high,"Emporiki Eisagogiki (ATHEX:MOTO), HQ Athens. Exclusive Yamaha importer in Greece."
guangzhou development,Guangzhou,China,electric power & integrated energy,https://www.investing.com/equities/guangzhou-dev-company-profile,https://dcfmodeling.com/products/600098ss-porters-five-forces-analysis,high,Guangzhou Development Group (SSE:600098). Energy utility (power/gas/renewables + EV charging).
mitsubishi electric,Tokyo,Japan,automotive electrical equipment (EV drive/inverters),https://en.wikipedia.org/wiki/Mitsubishi_Electric,https://www.marklines.com/en/top500/mitsubishi-electric,medium,"HQ Marunouchi, Tokyo (TSE:6503). DIVERSIFIED; auto slice = EV drive-control/inverters/motors/alternators."
stanley black & decker,New Britain,United States,engineered fastening systems,https://en.wikipedia.org/wiki/Stanley_Black_%26_Decker,https://umbrex.com/resources/company-profiles/stanley-black-decker/,medium,"HQ New Britain, CT (NYSE:SWK). DIVERSIFIED (tools); auto slice = STANLEY Engineered Fastening."
kumkang kind,Seoul,South Korea,aluminium construction formwork,https://stockanalysis.com/quote/krx/014285/company/,https://www.tradekorea.com/product/detail/P543109/Kumkang-Aluminum-Formwork-System.html,high,"HQ Seoul (KRX:014285; also cls 014280); 7 Korea plants + Nilai, Malaysia. World's largest aluminium formwork maker. CONSTRUCTION firm; auto-supply-chain fit is loose."
mobase electronics,Suwon,South Korea,automotive electronic control modules & wireless chargers,https://stockanalysis.com/quote/kosdaq/012860/company/,https://www.marklines.com/en/top500/mobase-electronics,high,"KOSDAQ:012860 (ex-Seoyon Electronics, renamed 2019), HQ Suwon. Smart-key/body-control modules, wireless chargers, switches (Hyundai/Kia). Hint's 'camera modules/antennas' unconfirmed."
baoshan iron & steel,Shanghai,China,flat automotive steel sheet (HR/CR),"https://en.wikipedia.org/wiki/Baoshan_Iron_%26_Steel_Co.,_Ltd.",https://www.investing.com/equities/baoshan-steel-company-profile,high,"Baosteel (SSE:600019), HQ Baoshan District, Shanghai; China Baowu subsidiary. HR/CR automotive steel sheet; bases Baoshan/Meishan/Zhanjiang."
posco eco & challenge,Incheon,South Korea,construction & engineering services (plants & battery-material infrastructure),https://en.namu.wiki/w/%ED%8F%AC%EC%8A%A4%EC%BD%94%EC%9D%B4%EC%95%A4%EC%94%A8,https://www.globaldata.com/company-profile/posco-engineering-construction-co-ltd/,medium,"Ex-POSCO E&C (renamed 2023), HQ Songdo, Incheon (moved 2010); POSCO Holdings sub. CONSTRUCTION firm; builds steel/power/chemical plants + Li/battery-material infra. SOURCE CONFLICT: GlobalData lists Pohang; company/NamuWiki confirm Incheon."
alfa sab de cv,Monterrey,Mexico,Alpek PET/PTA polyester petrochemicals,https://www.forbes.com/companies/alfa/,https://en.wikipedia.org/wiki/Alpek,medium,"Parent HQ Monterrey (BMV:ALFAA). DIVERSIFIED (Alpek petrochemicals + Sigma foods); auto slice = Alpek PTA/PET polyester (Alpek HQ San Pedro Garza Garcia, NL)."
nagase,Osaka,Japan,automotive-materials chemical trading & distribution,https://www.dnb.com/business-directory/company-profiles.nagase__co_ltd.1913b786c2c90bd68aa6aa83df4b928b.html,https://www.globaldata.com/company-profile/nagase-co-ltd/,medium,"Nagase & Co (TSE:8012), HQ Nishi-ku, Osaka. DISTRIBUTOR: Japan's largest chemical trading house; auto slice = mobility plastics/materials distribution."
nhk spring,Yokohama,Japan,"suspension springs, stabilizers & seats",https://www.dnb.com/business-directory/company-profiles.nhk_spring_co_ltd.98b2d086a7407e8431667bda60a4d260.html,https://www.marklines.com/en/top500/nhk-spring,high,"HQ Yokohama, Kanagawa (TSE:5991). World's largest auto-spring maker: coil/suspension springs, stabilizer bars, seats."
topy industries,Tokyo,Japan,automotive steel wheels,https://en.wikipedia.org/wiki/Topy_Industries,https://stockanalysis.com/quote/tyo/7231/company/,high,HQ Tokyo (TSE:7231; hint's '5975' is wrong). OEM steel wheels (Honda/Nissan/Ford/GM/Subaru/Kia) + steel. NAME NOTE: distinct from Topre.
okaya,Nagoya,Japan,steel & materials trading (distributor),https://www.okaya.co.jp/en/company/profile/documents/0706_corporate_profile_en.pdf,https://en.wikipedia.org/wiki/Okaya_%26_Co.,medium,"Okaya & Co (TSE:8106), HQ Naka-ku, Nagoya. DISTRIBUTOR (est. 1669): iron/steel, metals, machinery, electronics trading; auto slice = steel/materials supply."
oci,Seoul,South Korea,carbon black & polysilicon,https://en.wikipedia.org/wiki/OCI_(company),https://www.globaldata.com/company-profile/oci-co-ltd/,high,"OCI Co (ex-Oriental Chemical), HQ Jung-gu, Seoul; under OCI Holdings (KRX:010060). Auto slice = carbon black (tyre filler) + polysilicon; also TDI. 'oct' was a duplicate/garbled split node (in-degree 1: posco; out-degree 27, all of which are a strict subset of oci's 28 successors incl. Jinkosolar, JA Solar, LONGi, Yingli, Nexen/Kumho Tire) - merged into this node, no information lost. Carbon black & polysilicon lines are consistent with the tire-maker and solar-module customer set observed in the graph."
ube,Ube,Japan,nylon/caprolactam engineering plastics & battery electrolytes,https://www.ube.com/ube/en/contents/chemical/nylon/,https://www.ube.com/ube/en/contents/chemical/battery_materials/electrolyte.html,medium,"UBE Corp; principal plant cluster Ube City, Yamaguchi (HQ Tokyo). Auto slice = nylon6 engineering plastics + Li-ion electrolytes. PRODUCTION SITE reported over HQ."
gem,Shenzhen,China,battery recycling & Ni/Co ternary precursor materials,https://finance.yahoo.com/quote/002340.SZ/profile/,https://www.globaldata.com/company-profile/gem-co-ltd/,high,"GEM Co (SZSE:002340), HQ Shenzhen. Battery/e-waste recycling; NCM/NCA ternary precursors, nickel sulfate, cobalt products."
ls electric,Anyang,South Korea,electrical equipment (inverters & HV DC relays),https://www.dnb.com/business-directory/company-profiles.ls_electric_co_ltd.647fedc3c31e2536e0d0de713dedcc91.html,https://www.ls-electric.com/edm/2017/0424/ESS_E_Leaflet_161017.pdf,medium,"LS Electric (KRX:010120), HQ LS Tower, Anyang, Gyeonggi. Auto slice = inverters + HV DC relays for EV/transport; plants Cheongju/Cheonan/Busan."
taita chemical,Taipei,Taiwan,polystyrene/styrenic resins (ABS/GPPS/HIPS/EPS),https://www.bloomberg.com/quote/1309:TT,https://www.ttc.com.tw/en-us/dirProduct/frmProduct.aspx,medium,"Taita Chemical (TWSE:1309), HQ Neihu, Taipei (not Kaohsiung). Styrenics (ABS/GPPS/HIPS/EPS) + glass wool; auto fit loose (interior/foam materials)."
dl holdings co lirl,Seoul,South Korea,polyethylene & polybutene (DL Chemical),https://www.dlholdings.co.kr/m/en/dl/history.do,https://en.wikipedia.org/wiki/DL_Group,medium,"Garbled 'DL Holdings Co Ltd' (KRX:000210), HQ Seoul. DIVERSIFIED holding; auto slice = DL Chemical PE + polybutene (world's largest open-market PB)."
toyota tsusho,Nagoya,Japan,automotive metals & materials trading,https://en.wikipedia.org/wiki/Toyota_Tsusho,https://the-shashi.com/en/tse/8015/,medium,"Toyota Tsusho (TSE:8015), HQ Nagoya (& Tokyo), Toyota group sogo shosha. DISTRIBUTOR; auto slice = ferrous/nonferrous metals & materials supply-chain trading."
jui li enterprise,Kaohsiung,Taiwan,sheet-metal auto body stampings (aftermarket),https://finance.yahoo.com/quote/1512.TW/profile/,http://www.juili.com.tw/en/product,high,"Jui Li Enterprise (TWSE:1512), HQ Renwu Dist., Kaohsiung (not Tainan/Yunlin). AM body panels: hoods, fenders, radiator supports, bumpers, grilles."
daechang steel,Incheon,South Korea,cold-rolled & galvanized steel coils,https://stockanalysis.com/quote/kosdaq/140520/company/,https://stockanalysis.com/quote/kosdaq/140520/company/,medium,"DaeChang Steel (KOSDAQ:140520), HQ Incheon. Cold-rolled/galvanized/color/stainless coils (NOT rebar). NAME NOTE: rebar/wire-rod = Daehan Steel (KRX:084010, Busan); brass rod = Daechang Co (012800)."
yokogawa bridge,Tokyo,Japan,steel bridges & structural-steel fabrication,https://stockanalysis.com/quote/tyo/5911/company/,https://www.investing.com/equities/yokogawa-bridge,high,"Yokogawa Bridge Holdings (TSE:5911), HQ Minato, Tokyo. CONSTRUCTION: steel bridges, towers, structural steel; auto fit loose."
usa steel,Pittsburgh,United States,flat-rolled automotive steel,https://en.wikipedia.org/wiki/U.S._Steel,https://www.ussteel.com/about-us/locations,medium,"Resolved to United States Steel Corp (ex-NYSE:X), HQ Pittsburgh, PA; flat-rolled + tubular steel for automotive. NAME NOTE: bare token 'usa steel' ambiguous but auto-supply context fits US Steel; acquired by Nippon Steel 2025."
guangdong delian,Foshan,China,"automotive fine chemicals (coolants, brake fluids, lubricants)",https://finance.yahoo.com/quote/002666.SZ/profile/,https://stockanalysis.com/quote/she/002666/company/,high,"Guangdong Delian Group (SZSE:002666), HQ Foshan, Guangdong. Automotive fine chemicals: coolants, brake fluids, engine lubricants, ATF, fuel additives."
cia siderurgica nacional,Volta Redonda,Brazil,flat steel (automotive),https://www.gem.wiki/CSN_Volta_Redonda_steel_plant,https://en.wikipedia.org/wiki/Companhia_Sider%C3%BArgica_Nacional,high,"CSN, principal Presidente Vargas works Volta Redonda, Rio de Janeiro state (HQ Sao Paulo; NYSE:SID/B3:CSNA3). Flat steel for automotive. PRODUCTION SITE reported over HQ."
aichi steel,Tokai,Japan,"special steel, forgings & magnets",https://en.wikipedia.org/wiki/Aichi_Steel,https://stockanalysis.com/quote/tyo/5482/company/,high,"Aichi Steel (TSE:5482), HQ Tokai, Aichi, Toyota group. Specialty steel + forgings (engine/chassis/e-axle) + MI sensors/bonded magnets."
bh,Incheon,South Korea,flexible printed circuit boards (automotive/EV),https://finance.yahoo.com/quote/090460.KS/profile/,https://www.investing.com/equities/bh-co-ltd-company-profile,medium,"Resolved to BH Co Ltd (KOSDAQ:090460), HQ Bupyeong-gu, Incheon. FPCBs for automotive displays, wireless chargers, EV battery packs. NAME NOTE: bare token 'bh' ambiguous, ticker-verified as the FPCB maker."
kawasaki heavy industries,Kobe,Japan,motorcycles,https://en.wikipedia.org/wiki/Kawasaki_Heavy_Industries,https://en.wikipedia.org/wiki/Kawasaki_Motors,medium,"KHI (TSE:7012), dual HQ Kobe & Tokyo. DIVERSIFIED (ships/aerospace/rolling stock/robots); vehicle slice = Kawasaki motorcycles (Akashi Works, near Kobe)."
maruichi steel tube,Osaka,Japan,steel pipes & tubes,https://finance.yahoo.com/quote/5463.T/,https://www.tradingview.com/symbols/TSE-5463/,high,"Maruichi Steel Tube (TSE:5463), HQ Osaka. Welded steel tubes/pipes (structural, mechanical, piping) + coated sheet."
aes corp/the,Arlington,United States,electric power generation,https://en.wikipedia.org/wiki/AES_Corporation,https://www.dnb.com/business-directory/company-profiles.the_aes_corporation.76381e6e8f209cdbaa2171aed910507e.html,high,"AES Corp (NYSE:AES), HQ Arlington, Virginia. SERVICE/utility: power generation & distribution across 15 countries; auto fit loose."
guangzhou tinci materials technology,Guangzhou,China,lithium-ion battery electrolytes,https://finance.yahoo.com/quote/002709.SZ/profile/,https://stockanalysis.com/quote/she/002709/company/,high,"Guangzhou Tinci Materials (SZSE:002709), HQ Guangzhou. Li-ion battery electrolytes, LiPF6, additives, LFP cathode materials."
rio tinto,London,United Kingdom,iron ore & aluminium (mining),https://en.wikipedia.org/wiki/Rio_Tinto_(corporation),https://en.wikipedia.org/wiki/Rio_Tinto_(corporation),high,"Rio Tinto plc, primary HQ London (LSE); dual-listed with Rio Tinto Ltd, Melbourne (ASX). Iron ore + aluminium feeding automotive steel/alloys."
bakrie and brothers tbk pt,Jakarta,Indonesia,steel pipes & metal fabrication,https://stockanalysis.com/quote/idx/BNBR/company/,https://bakrie-brothers.com/business/bakrie-metal-industries/,medium,"PT Bakrie & Brothers (IDX:BNBR), HQ South Jakarta. DIVERSIFIED (infrastructure/manufacturing); industrial slice = steel pipes (ERW/LSAW/HSAW) & steel fabrication."
hd korea shipbuilding & offshore engineering,Seongnam,South Korea,shipbuilding (intermediate holding company),https://stockanalysis.com/quote/krx/009540/company/,https://www.globaldata.com/company-profile/korea-shipbuilding-offshore-engineering-co-ltd/,medium,"HD KSOE (KRX:009540), HQ Seongnam; HD Hyundai shipbuilding intermediate holding. Shipbuilding/marine engines/offshore; auto fit loose (industrial holding)."
patec precision industry,Taipei,Taiwan,precision forged & stamped auto parts,https://finance.yahoo.com/quote/2236.TW/,https://www.tradingview.com/symbols/TWSE-2236/,high,"PATEC Precision Industry (TWSE:2236 - hint's '1568' wrong), HQ Taipei. Fine-blanking/cold-forging/stamping: door-lock, seat, brake discs, clutch parts."
umicore,Brussels,Belgium,battery cathode materials & automotive catalysts,https://en.wikipedia.org/wiki/Umicore,https://stockanalysis.com/quote/ebr/UMI/company/,high,"Umicore (EBR:UMI), HQ Brussels. Li-ion cathode (NMC) materials & precursors + automotive emission-control catalysts."
samsung electronics,Suwon,South Korea,automotive electronics (Harman) & auto semiconductors/displays,https://www.forbes.com/companies/samsung-electronics/,https://umbrex.com/resources/company-profiles/samsung-electronics-non-voting-pre/,medium,"Samsung Electronics (KRX:005930), HQ Suwon. DIVERSIFIED; auto slice = Harman digital cockpit/car audio + automotive semiconductors & OLED displays."
snt,Busan,South Korea,powertrain & chassis auto parts (+ EV drive units),https://www.sntmotiv.com/eng/about/overview.html,https://www.sntmotiv.com/eng/business/powertrain.html,medium,"Most likely SNT Motiv (KRX:064960), HQ Gijang-gun, Busan: powertrain/chassis/airbag parts + EV drive units. NAME NOTE: 'snt' may instead = SNT Dynamics (Changwon, transmissions) or SNT Holdings; entity unresolved."
rohm,Kyoto,Japan,SiC power semiconductors (EV traction inverters),https://www.rohm.com/products/sic-power-devices,https://www.rohm.com/products/sic-power-devices,high,"ROHM Co (TSE:6963), HQ Kyoto. SiC (EcoSiC) MOSFETs/modules for EV traction inverters; SiC mass-production pioneer (2010)."
toagosei,Tokyo,Japan,"acrylic acid, adhesives (Aron Alpha) & chlor-alkali chemicals",https://en.wikipedia.org/wiki/Toagosei,https://www.toagosei.co.jp/english/products/functional/adhesive/index.html,medium,"Toagosei (TSE:4045), HQ Minato, Tokyo. Chemicals: acrylic acid/esters, Aron Alpha cyanoacrylate adhesives, caustic soda/chlorine; auto fit loose."
petrochina,Jilin City,"Jilin, China",benzene and aniline petrochemicals,event_description (known epicenter location),event_description,High,Jilin plant that exploded produced benzene and aniline; PetroChina is a diversified oil/gas major but this is the disrupted petrochemical slice.
chevron,Richmond,"California, USA",refined transportation fuels (gasoline),event_description (known epicenter location),event_description,High,Richmond crude unit failure cut West Coast refining; refinery output is gasoline/distillate transport fuels.
dow,Texas Gulf Coast,USA,"ethylene, polyethylene and chlor-alkali",event_description (known epicenter location),event_description,High,"Event explicitly names US ethylene, polyethylene and chlor-alkali capacity shut on the Gulf Coast."
xinxiang tianli energy,Henan province,China,lithium-ion battery cathode materials (NMC ternary / LFP),event_description (known epicenter location),https://www.cbinsights.com/company/xinxiang-tianli,Medium,"Event was generic provincial flooding with no product clue; company profile shows core output is lithium-ion cathode materials (ternary NMC, LFP, lithium carbonate)."
coronado global resources,China / Australia,,metallurgical (coking) coal,event_description (known epicenter location),event_description,High,Predominantly a metallurgical/coking coal producer; event stranded Australian met and thermal coal cargoes.
gazprom pjsc,Russia / Germany (Nord Stream 1),,pipeline natural gas,event_description (known epicenter location),event_description,High,Nord Stream 1 delivered pipeline natural gas as Europe's single largest industrial gas source.
yunnan chihong zinc&germanium,China,,germanium metal and compounds (and zinc),event_description (known epicenter location),event_description,High,Company name and export-licensing event both point to germanium; also a major zinc smelter. Germanium is the event-relevant slice (not gallium).
korea electric power,South Korea (national),,grid electricity supply,event_description (known epicenter location),event_description,High,National electric utility; disrupted output is grid electricity (rolling blackouts).
glencore,Democratic Republic of Congo,,"cobalt (mined, copper by-product)",event_description (known epicenter location),event_description,High,DRC export ban targeted cobalt; Glencore is diversified but cobalt (co-produced with copper) is the event slice and world's dominant source.
formosa petrochemical,Mailiao,"Yunlin County, Taiwan",aromatics (paraxylene and benzene),event_description (known epicenter location),event_description,High,"ARO-3 aromatics unit at Mailiao produces paraxylene/benzene; Formosa Petrochemical also refines fuels and makes olefins, but the aromatics unit is the epicenter."
kyushu electric power,Kyushu,Japan,grid electricity supply,event_description (known epicenter location),event_description,High,"Utility; output is grid electricity, curtailed via solar output orders for grid stability."
nippon steel,Tohoku region,Japan,crude and flat-rolled steel,event_description (known epicenter location),event_description,High,Japan's largest integrated steelmaker; earthquake hit steel output feeding auto/electronics chains.
state grid corp of china,China (multi-province),,grid electricity transmission and distribution,event_description (known epicenter location),event_description,High,Electricity transmission/distribution monopoly; 'dual control' rationing cut power across 20+ provinces.
united co rusal international pjsc,Russia / global,,primary aluminium and alumina,event_description (known epicenter location),event_description,High,OFAC sanctions shocked aluminium and alumina markets; Rusal is a primary aluminium and alumina producer.
china steel,USA / global,,flat-rolled carbon steel (hot/cold-rolled),event_description (known epicenter location),event_description,High,"Identified as China Steel Corporation, Taiwan's largest integrated steelmaker; Section 232 tariffs restructured its steel export flows."
mitsubishi materials,Yokkaichi,"Mie, Japan",semiconductor-grade polysilicon,event_description (known epicenter location),event_description,High,"Event names the Yokkaichi polysilicon plant, a semiconductor-grade silicon source; Mitsubishi Materials is diversified (cement, copper, carbide) but this is the disrupted slice."
formosa plastics,Texas,USA,PVC resin and epichlorohydrin,event_description (known epicenter location),event_description,High,"Winter Storm Uri froze PVC, epichlorohydrin and ethylene glycol output (~100% of epichlorohydrin offline); PVC is Formosa Plastics' core product."
cpc corp/taiwan,Kaohsiung,Taiwan,propylene (propene) petrochemical feedstock,event_description (known epicenter location),event_description,Medium,"Event epicenter was a buried propene pipeline severing Kaohsiung petrochemical distribution; propene is the disrupted feedstock. CPC is Taiwan's state oil/refining company, so refined fuels are also core."
xiamen tungsten,China / Japan,,rare earth oxides and NdFeB permanent magnets,event_description (known epicenter location),https://news.metal.com/newscontent/103402922/,Medium,Event was China's rare earth export halt to Japan; rare earths/NdFeB magnets are the event-relevant slice. Company is diversified and its namesake flagship is actually tungsten.
bp,Gulf of Mexico,USA,deepwater offshore crude oil,event_description (known epicenter location),event_description,High,Deepwater Horizon/Macondo blowout; the disrupted output is deepwater offshore crude oil (drilling moratorium followed).
yunnan aluminium,Yunnan province,China,primary aluminium,event_description (known epicenter location),event_description,High,Hydropower drought forced smelter power cuts removing primary aluminium capacity.
aurizon,Queensland,Australia,coal rail freight haulage,event_description (known epicenter location),event_description,High,Rail freight operator; flooding severed the Goonyella and Blackwater coal rail corridors it hauls. Infrastructure output is metallurgical coal rail transport.
basf se,Ludwigshafen,Germany,ammonia and derivatives,event_description (known epicenter location),event_description,High,Event explicitly names curtailed ammonia production at Ludwigshafen; ammonia feeds fertilizer and chemical derivatives.
s-oil,Ulsan,South Korea,gasoline blendstock (alkylate) and paraxylene,event_description (known epicenter location),event_description,High,Explosion shut the No.2 alkylation and No.2 RFCC units (gasoline blendstock) plus the No.2 paraxylene unit at Onsan refinery.
posco,Pohang,South Korea,crude and flat-rolled steel,event_description (known epicenter location),event_description,High,Flooding forced first full shutdown of all three Pohang blast furnaces; output is crude and flat-rolled steel.
hesteel,Hebei province,China,crude and flat-rolled steel,event_description (known epicenter location),event_description,High,HBIS (Hebei Iron & Steel) is one of the world's largest integrated steelmakers; flooding hit steel output.
aneka tambang tbk,Indonesia,,nickel ore (laterite),event_description (known epicenter location),event_description,High,"Indonesia's nickel ore export ban cut off ore feedstock; Antam is diversified (nickel, gold, bauxite) but nickel ore is the event slice."
perusahaan perseroan persero pt perusahaan listrik negara,Java,Indonesia,grid electricity transmission and distribution,event_description (known epicenter location),event_description,High,PLN is Indonesia's state electric utility; Java-Bali transmission failure caused mass blackout.
exxon mobil,Louisiana / Mississippi,USA,refined petroleum fuels (gasoline/distillate),event_description (known epicenter location),event_description,High,"Hurricane Katrina flooded the Chalmette refinery, cutting Gulf refined-fuel output; event also notes offshore crude and chemical feedstock."
